detector,begin_s,flow_veh_h,occupancy_pct,speed_ms
m1_d0,0.0,0.0,0.0,-1.0
m1_d0,1.0,0.0,0.0,-1.0
m1_d0,2.0,0.0,0.0,-1.0
m1_d0,3.0,0.0,0.0,-1.0
m1_d0,4.0,0.0,0.0,-1.0
m1_d0,5.0,0.0,0.0,-1.0
m1_d0,6.0,0.0,0.0,-1.0
m1_d0,7.0,0.0,0.0,-1.0
m1_d0,8.0,0.0,0.0,-1.0
m1_d0,9.0,0.0,0.0,-1.0
m1_d0,10.0,0.0,0.0,-1.0
m1_d0,11.0,0.0,0.0,-1.0
m1_d0,12.0,0.0,0.0,-1.0
m1_d0,13.0,0.0,0.0,-1.0
m1_d0,14.0,0.0,0.0,-1.0
m1_d0,15.0,0.0,0.0,-1.0
m1_d0,16.0,0.0,0.0,-1.0
m1_d0,17.0,0.0,0.0,-1.0
m1_d0,18.0,0.0,0.0,-1.0
m1_d0,19.0,0.0,0.0,-1.0
m1_d0,20.0,0.0,0.0,-1.0
m1_d0,21.0,0.0,0.0,-1.0
m1_d0,22.0,0.0,0.0,-1.0
m1_d0,23.0,0.0,0.0,-1.0
m1_d0,24.0,0.0,0.0,-1.0
m1_d0,25.0,1.0,13.45,37.17
m1_d0,26.0,0.0,0.0,-1.0
m1_d0,27.0,0.0,0.0,-1.0
m1_d0,28.0,0.0,0.0,-1.0
m1_d0,29.0,0.0,0.0,-1.0
m1_d0,30.0,0.0,0.0,-1.0
m1_d0,31.0,0.0,0.0,-1.0
m1_d0,32.0,1.0,14.92,33.52
m1_d0,33.0,0.0,0.0,-1.0
m1_d0,34.0,0.0,0.0,-1.0
m1_d0,35.0,0.0,0.0,-1.0
m1_d0,36.0,0.0,0.0,-1.0
m1_d0,37.0,1.0,13.86,36.07
m1_d0,38.0,0.0,0.0,-1.0
m1_d0,39.0,0.0,0.0,-1.0
m1_d0,40.0,0.0,0.0,-1.0
m1_d0,41.0,0.0,0.0,-1.0
m1_d0,42.0,0.0,0.0,-1.0
m1_d0,43.0,0.0,0.0,-1.0
m1_d0,44.0,0.0,0.0,-1.0
m1_d0,45.0,0.0,0.0,-1.0
m1_d0,46.0,0.0,0.0,-1.0
m1_d0,47.0,0.0,0.0,-1.0
m1_d0,48.0,0.0,0.0,-1.0
m1_d0,49.0,0.0,0.0,-1.0
m1_d0,50.0,0.0,0.0,-1.0
m1_d0,51.0,0.0,19.78,-1.0
m1_d0,52.0,1.0,0.1,25.16
m1_d0,53.0,0.0,0.0,-1.0
m1_d0,54.0,0.0,0.0,-1.0
m1_d0,55.0,0.0,0.0,-1.0
m1_d0,56.0,0.0,0.0,-1.0
m1_d0,57.0,0.0,0.0,-1.0
m1_d0,58.0,1.0,21.52,23.24
m1_d0,59.0,0.0,0.0,-1.0
m1_d0,60.0,0.0,0.0,-1.0
m1_d0,61.0,0.0,0.0,-1.0
m1_d0,62.0,0.0,0.0,-1.0
m1_d0,63.0,0.0,0.0,-1.0
m1_d0,64.0,0.0,0.0,-1.0
m1_d0,65.0,0.0,0.0,-1.0
m1_d0,66.0,1.0,17.98,27.8
m1_d0,67.0,0.0,0.0,-1.0
m1_d0,68.0,0.0,0.0,-1.0
m1_d0,69.0,0.0,0.0,-1.0
m1_d0,70.0,0.0,0.0,-1.0
m1_d0,71.0,0.0,0.0,-1.0
m1_d0,72.0,0.0,0.0,-1.0
m1_d0,73.0,0.0,0.0,-1.0
m1_d0,74.0,1.0,19.99,25.01
m1_d0,75.0,0.0,0.0,-1.0
m1_d0,76.0,0.0,0.0,-1.0
m1_d0,77.0,1.0,15.83,31.59
m1_d0,78.0,0.0,0.0,-1.0
m1_d0,79.0,0.0,0.0,-1.0
m1_d0,80.0,0.0,0.0,-1.0
m1_d0,81.0,0.0,0.0,-1.0
m1_d0,82.0,0.0,0.0,-1.0
m1_d0,83.0,0.0,0.0,-1.0
m1_d0,84.0,0.0,0.0,-1.0
m1_d0,85.0,0.0,0.0,-1.0
m1_d0,86.0,0.0,0.0,-1.0
m1_d0,87.0,1.0,19.57,25.55
m1_d0,88.0,0.0,7.9,-1.0
m1_d0,89.0,1.0,11.33,26.0
m1_d0,90.0,0.0,0.0,-1.0
m1_d0,91.0,0.0,0.0,-1.0
m1_d0,92.0,0.0,0.0,-1.0
m1_d0,93.0,0.0,0.0,-1.0
m1_d0,94.0,0.0,10.22,-1.0
m1_d0,95.0,1.0,7.38,28.41
m1_d0,96.0,0.0,0.0,-1.0
m1_d0,97.0,0.0,0.0,-1.0
m1_d0,98.0,0.0,0.0,-1.0
m1_d0,99.0,0.0,0.0,-1.0
m1_d0,100.0,0.0,0.0,-1.0
m1_d0,101.0,0.0,0.0,-1.0
m1_d0,102.0,0.0,2.6,-1.0
m1_d0,103.0,0.0,0.0,-1.0
m1_d0,104.0,0.0,0.0,-1.0
m1_d0,105.0,0.0,0.0,-1.0
m1_d0,106.0,0.0,0.0,-1.0
m1_d0,107.0,0.0,0.0,-1.0
m1_d0,108.0,0.0,0.0,-1.0
m1_d0,109.0,0.0,0.0,-1.0
m1_d0,110.0,0.0,0.0,-1.0
m1_d0,111.0,0.0,4.82,-1.0
m1_d0,112.0,1.0,14.08,26.46
m1_d0,113.0,0.0,0.0,-1.0
m1_d0,114.0,1.0,16.87,29.65
m1_d0,115.0,0.0,0.0,-1.0
m1_d0,116.0,0.0,0.0,-1.0
m1_d0,117.0,0.0,0.0,-1.0
m1_d0,118.0,0.0,0.0,-1.0
m1_d0,119.0,0.0,0.0,-1.0
m1_d0,120.0,0.0,0.0,-1.0
m1_d0,121.0,0.0,0.0,-1.0
m1_d0,122.0,0.0,1.42,-1.0
m1_d0,123.0,1.0,13.86,32.73
m1_d0,124.0,0.0,0.0,-1.0
m1_d0,125.0,0.0,0.0,-1.0
m1_d0,126.0,0.0,0.0,-1.0
m1_d0,127.0,0.0,0.0,-1.0
m1_d0,128.0,0.0,0.0,-1.0
m1_d0,129.0,0.0,0.0,-1.0
m1_d0,130.0,0.0,0.0,-1.0
m1_d0,131.0,0.0,0.0,-1.0
m1_d0,132.0,0.0,0.0,-1.0
m1_d0,133.0,0.0,0.0,-1.0
m1_d0,134.0,0.0,0.0,-1.0
m1_d0,135.0,1.0,20.14,24.82
m1_d0,136.0,0.0,0.0,-1.0
m1_d0,137.0,0.0,0.0,-1.0
m1_d0,138.0,0.0,0.0,-1.0
m1_d0,139.0,0.0,0.0,-1.0
m1_d0,140.0,0.0,0.0,-1.0
m1_d0,141.0,0.0,0.0,-1.0
m1_d0,142.0,1.0,21.91,22.82
m1_d0,143.0,0.0,0.0,-1.0
m1_d0,144.0,0.0,0.0,-1.0
m1_d0,145.0,0.0,0.0,-1.0
m1_d0,146.0,0.0,0.0,-1.0
m1_d0,147.0,0.0,0.0,-1.0
m1_d0,148.0,0.0,0.0,-1.0
m1_d0,149.0,0.0,0.0,-1.0
m1_d0,150.0,0.0,0.0,-1.0
m1_d0,151.0,1.0,19.08,26.2
m1_d0,152.0,0.0,0.0,-1.0
m1_d0,153.0,0.0,0.0,-1.0
m1_d0,154.0,0.0,0.0,-1.0
m1_d0,155.0,0.0,0.0,-1.0
m1_d0,156.0,0.0,0.0,-1.0
m1_d0,157.0,0.0,7.78,-1.0
m1_d0,158.0,1.0,6.99,33.84
m1_d0,159.0,0.0,0.0,-1.0
m1_d0,160.0,0.0,0.0,-1.0
m1_d0,161.0,0.0,0.0,-1.0
m1_d0,162.0,0.0,0.0,-1.0
m1_d0,163.0,0.0,0.0,-1.0
m1_d0,164.0,0.0,0.0,-1.0
m1_d0,165.0,0.0,0.0,-1.0
m1_d0,166.0,1.0,17.37,28.79
m1_d0,167.0,0.0,0.0,-1.0
m1_d0,168.0,0.0,0.0,-1.0
m1_d0,169.0,0.0,0.0,-1.0
m1_d0,170.0,0.0,0.0,-1.0
m1_d0,171.0,0.0,0.0,-1.0
m1_d0,172.0,0.0,0.0,-1.0
m1_d0,173.0,0.0,0.0,-1.0
m1_d0,174.0,1.0,19.78,25.28
m1_d0,175.0,0.0,0.0,-1.0
m1_d0,176.0,0.0,0.0,-1.0
m1_d0,177.0,0.0,0.0,-1.0
m1_d0,178.0,0.0,0.0,-1.0
m1_d0,179.0,0.0,0.0,-1.0
m1_d0,180.0,0.0,0.0,-1.0
m1_d0,181.0,0.0,5.2,-1.0
m1_d0,182.0,1.0,10.78,31.3
m1_d0,183.0,0.0,0.0,-1.0
m1_d0,184.0,0.0,0.0,-1.0
m1_d0,185.0,0.0,0.0,-1.0
m1_d0,186.0,0.0,0.0,-1.0
m1_d0,187.0,0.0,0.0,-1.0
m1_d0,188.0,0.0,0.0,-1.0
m1_d0,189.0,0.0,0.0,-1.0
m1_d0,190.0,1.0,16.76,29.83
m1_d0,191.0,0.0,0.0,-1.0
m1_d0,192.0,0.0,0.0,-1.0
m1_d0,193.0,0.0,0.0,-1.0
m1_d0,194.0,0.0,0.0,-1.0
m1_d0,195.0,0.0,8.2,-1.0
m1_d0,196.0,1.0,7.52,31.8
m1_d0,197.0,0.0,0.0,-1.0
m1_d0,198.0,0.0,0.0,-1.0
m1_d0,199.0,0.0,2.76,-1.0
m1_d0,200.0,1.0,11.33,35.49
m1_d0,201.0,0.0,0.0,-1.0
m1_d0,202.0,0.0,0.0,-1.0
m1_d0,203.0,0.0,0.0,-1.0
m1_d0,204.0,1.0,14.76,33.88
m1_d0,205.0,0.0,0.0,-1.0
m1_d0,206.0,0.0,0.0,-1.0
m1_d0,207.0,0.0,0.0,-1.0
m1_d0,208.0,0.0,0.0,-1.0
m1_d0,209.0,0.0,0.0,-1.0
m1_d0,210.0,0.0,11.01,-1.0
m1_d0,211.0,1.0,5.2,30.86
m1_d0,212.0,0.0,0.0,-1.0
m1_d0,213.0,0.0,0.0,-1.0
m1_d0,214.0,1.0,15.79,31.66
m1_d0,215.0,0.0,0.0,-1.0
m1_d0,216.0,1.0,15.21,32.88
m1_d0,217.0,0.0,0.0,-1.0
m1_d0,218.0,0.0,0.0,-1.0
m1_d0,219.0,1.0,14.87,33.64
m1_d0,220.0,0.0,0.0,-1.0
m1_d0,221.0,0.0,0.0,-1.0
m1_d0,222.0,1.0,14.39,34.76
m1_d0,223.0,0.0,0.0,-1.0
m1_d0,224.0,0.0,0.0,-1.0
m1_d0,225.0,0.0,0.0,-1.0
m1_d0,226.0,0.0,0.0,-1.0
m1_d0,227.0,0.0,0.0,-1.0
m1_d0,228.0,0.0,0.0,-1.0
m1_d0,229.0,0.0,0.0,-1.0
m1_d0,230.0,0.0,0.0,-1.0
m1_d0,231.0,0.0,0.0,-1.0
m1_d0,232.0,0.0,0.0,-1.0
m1_d0,233.0,0.0,0.0,-1.0
m1_d0,234.0,1.0,19.34,25.85
m1_d0,235.0,0.0,0.0,-1.0
m1_d0,236.0,1.0,18.85,26.52
m1_d0,237.0,0.0,0.0,-1.0
m1_d0,238.0,0.0,0.0,-1.0
m1_d0,239.0,0.0,0.0,-1.0
m1_d0,240.0,0.0,0.0,-1.0
m1_d0,241.0,0.0,0.0,-1.0
m1_d0,242.0,0.0,0.0,-1.0
m1_d0,243.0,0.0,0.0,-1.0
m1_d0,244.0,0.0,0.0,-1.0
m1_d0,245.0,0.0,0.0,-1.0
m1_d0,246.0,0.0,0.0,-1.0
m1_d0,247.0,0.0,0.0,-1.0
m1_d0,248.0,0.0,0.0,-1.0
m1_d0,249.0,0.0,0.0,-1.0
m1_d0,250.0,0.0,0.0,-1.0
m1_d0,251.0,1.0,16.48,30.34
m1_d0,252.0,0.0,0.0,-1.0
m1_d0,253.0,0.0,0.0,-1.0
m1_d0,254.0,1.0,16.07,31.12
m1_d0,255.0,0.0,0.0,-1.0
m1_d0,256.0,0.0,0.0,-1.0
m1_d0,257.0,0.0,0.0,-1.0
m1_d0,258.0,0.0,0.0,-1.0
m1_d0,259.0,0.0,0.0,-1.0
m1_d0,260.0,0.0,0.0,-1.0
m1_d0,261.0,0.0,0.0,-1.0
m1_d0,262.0,0.0,0.0,-1.0
m1_d0,263.0,1.0,19.16,26.09
m1_d0,264.0,0.0,0.0,-1.0
m1_d0,265.0,0.0,0.0,-1.0
m1_d0,266.0,0.0,0.0,-1.0
m1_d0,267.0,0.0,0.0,-1.0
m1_d0,268.0,0.0,0.0,-1.0
m1_d0,269.0,0.0,0.0,-1.0
m1_d0,270.0,0.0,0.0,-1.0
m1_d0,271.0,0.0,0.0,-1.0
m1_d0,272.0,0.0,0.0,-1.0
m1_d0,273.0,0.0,0.0,-1.0
m1_d0,274.0,0.0,0.0,-1.0
m1_d0,275.0,1.0,17.85,28.01
m1_d0,276.0,0.0,0.0,-1.0
m1_d0,277.0,0.0,0.0,-1.0
m1_d0,278.0,0.0,0.0,-1.0
m1_d0,279.0,0.0,0.0,-1.0
m1_d0,280.0,0.0,0.0,-1.0
m1_d0,281.0,0.0,0.0,-1.0
m1_d0,282.0,0.0,0.0,-1.0
m1_d0,283.0,0.0,0.0,-1.0
m1_d0,284.0,1.0,20.99,23.82
m1_d0,285.0,0.0,0.0,-1.0
m1_d0,286.0,0.0,0.0,-1.0
m1_d0,287.0,0.0,0.0,-1.0
m1_d0,288.0,1.0,15.36,32.55
m1_d0,289.0,0.0,0.0,-1.0
m1_d0,290.0,0.0,0.0,-1.0
m1_d0,291.0,0.0,0.0,-1.0
m1_d0,292.0,0.0,0.0,-1.0
m1_d0,293.0,0.0,0.0,-1.0
m1_d0,294.0,0.0,0.0,-1.0
m1_d0,295.0,1.0,17.15,29.16
m1_d0,296.0,0.0,0.0,-1.0
m1_d0,297.0,1.0,15.75,31.74
m1_d0,298.0,0.0,0.0,-1.0
m1_d0,299.0,0.0,0.0,-1.0
m1_d0,300.0,0.0,0.0,-1.0
m1_d0,301.0,0.0,0.0,-1.0
m1_d0,302.0,0.0,0.0,-1.0
m1_d0,303.0,0.0,0.0,-1.0
m1_d0,304.0,0.0,0.0,-1.0
m1_d0,305.0,0.0,0.0,-1.0
m1_d0,306.0,0.0,0.0,-1.0
m1_d0,307.0,0.0,0.0,-1.0
m1_d0,308.0,0.0,0.0,-1.0
m1_d0,309.0,1.0,14.9,33.57
m1_d0,310.0,0.0,0.0,-1.0
m1_d0,311.0,0.0,0.0,-1.0
m1_d0,312.0,0.0,0.0,-1.0
m1_d0,313.0,0.0,0.0,-1.0
m1_d0,314.0,0.0,0.0,-1.0
m1_d0,315.0,0.0,0.0,-1.0
m1_d0,316.0,0.0,0.0,-1.0
m1_d0,317.0,0.0,0.0,-1.0
m1_d0,318.0,0.0,0.0,-1.0
m1_d0,319.0,1.0,16.6,30.13
m1_d0,320.0,0.0,0.0,-1.0
m1_d0,321.0,0.0,0.0,-1.0
m1_d0,322.0,0.0,0.0,-1.0
m1_d0,323.0,0.0,0.0,-1.0
m1_d0,324.0,0.0,0.0,-1.0
m1_d0,325.0,0.0,0.0,-1.0
m1_d0,326.0,0.0,0.0,-1.0
m1_d0,327.0,1.0,14.91,33.53
m1_d0,328.0,0.0,0.0,-1.0
m1_d0,329.0,0.0,0.0,-1.0
m1_d0,330.0,0.0,0.0,-1.0
m1_d0,331.0,0.0,0.0,-1.0
m1_d0,332.0,0.0,0.0,-1.0
m1_d0,333.0,0.0,0.0,-1.0
m1_d0,334.0,1.0,16.61,30.1
m1_d0,335.0,0.0,0.0,-1.0
m1_d0,336.0,0.0,0.0,-1.0
m1_d0,337.0,0.0,0.0,-1.0
m1_d0,338.0,0.0,2.36,-1.0
m1_d0,339.0,1.0,15.17,28.52
m1_d0,340.0,0.0,0.0,-1.0
m1_d0,341.0,0.0,0.0,-1.0
m1_d0,342.0,0.0,0.0,-1.0
m1_d0,343.0,0.0,0.0,-1.0
m1_d0,344.0,0.0,0.0,-1.0
m1_d0,345.0,0.0,0.0,-1.0
m1_d0,346.0,0.0,0.0,-1.0
m1_d0,347.0,0.0,0.0,-1.0
m1_d0,348.0,0.0,0.0,-1.0
m1_d0,349.0,0.0,0.0,-1.0
m1_d0,350.0,1.0,19.81,25.24
m1_d0,351.0,0.0,0.0,-1.0
m1_d0,352.0,0.0,0.0,-1.0
m1_d0,353.0,0.0,0.0,-1.0
m1_d0,354.0,0.0,0.0,-1.0
m1_d0,355.0,0.0,0.0,-1.0
m1_d0,356.0,1.0,65.28,7.66
m1_d0,357.0,0.0,0.0,-1.0
m1_d0,358.0,0.0,0.0,-1.0
m1_d0,359.0,0.0,0.0,-1.0
m1_d0,360.0,0.0,0.0,-1.0
m1_d0,361.0,0.0,0.0,-1.0
m1_d0,362.0,0.0,0.0,-1.0
m1_d0,363.0,0.0,0.0,-1.0
m1_d0,364.0,0.0,0.0,-1.0
m1_d0,365.0,1.0,17.66,28.32
m1_d0,366.0,0.0,0.0,-1.0
m1_d0,367.0,0.0,0.0,-1.0
m1_d0,368.0,0.0,0.0,-1.0
m1_d0,369.0,0.0,0.0,-1.0
m1_d0,370.0,0.0,0.0,-1.0
m1_d0,371.0,0.0,0.0,-1.0
m1_d0,372.0,0.0,0.0,-1.0
m1_d0,373.0,0.0,0.0,-1.0
m1_d0,374.0,0.0,0.0,-1.0
m1_d0,375.0,0.0,0.0,-1.0
m1_d0,376.0,0.0,0.0,-1.0
m1_d0,377.0,0.0,0.0,-1.0
m1_d0,378.0,1.0,15.51,32.23
m1_d0,379.0,0.0,0.0,-1.0
m1_d0,380.0,0.0,0.0,-1.0
m1_d0,381.0,0.0,0.0,-1.0
m1_d0,382.0,0.0,0.0,-1.0
m1_d0,383.0,0.0,1.43,-1.0
m1_d0,384.0,1.0,18.84,24.67
m1_d0,385.0,0.0,0.0,-1.0
m1_d0,386.0,0.0,0.0,-1.0
m1_d0,387.0,0.0,0.0,-1.0
m1_d0,388.0,0.0,0.0,-1.0
m1_d0,389.0,0.0,0.0,-1.0
m1_d0,390.0,0.0,0.0,-1.0
m1_d0,391.0,1.0,18.45,27.1
m1_d0,392.0,0.0,0.0,-1.0
m1_d0,393.0,1.0,15.92,31.41
m1_d0,394.0,0.0,0.0,-1.0
m1_d0,395.0,0.0,0.0,-1.0
m1_d0,396.0,0.0,0.0,-1.0
m1_d0,397.0,0.0,0.0,-1.0
m1_d0,398.0,0.0,0.0,-1.0
m1_d0,399.0,0.0,0.0,-1.0
m1_d0,400.0,1.0,17.15,29.15
m1_d0,401.0,0.0,0.0,-1.0
m1_d0,402.0,0.0,0.0,-1.0
m1_d0,403.0,0.0,0.0,-1.0
m1_d0,404.0,0.0,0.0,-1.0
m1_d0,405.0,0.0,0.0,-1.0
m1_d0,406.0,0.0,0.0,-1.0
m1_d0,407.0,1.0,18.97,26.36
m1_d0,408.0,0.0,0.0,-1.0
m1_d0,409.0,0.0,0.0,-1.0
m1_d0,410.0,0.0,0.0,-1.0
m1_d0,411.0,1.0,19.52,25.62
m1_d0,412.0,0.0,0.0,-1.0
m1_d0,413.0,0.0,0.0,-1.0
m1_d0,414.0,0.0,0.0,-1.0
m1_d0,415.0,0.0,0.0,-1.0
m1_d0,416.0,1.0,18.09,27.64
m1_d0,417.0,0.0,0.0,-1.0
m1_d0,418.0,0.0,0.0,-1.0
m1_d0,419.0,0.0,0.0,-1.0
m1_d0,420.0,0.0,0.0,-1.0
m1_d0,421.0,0.0,0.0,-1.0
m1_d0,422.0,0.0,0.0,-1.0
m1_d0,423.0,1.0,14.45,34.61
m1_d0,424.0,0.0,0.0,-1.0
m1_d0,425.0,0.0,0.0,-1.0
m1_d0,426.0,0.0,0.0,-1.0
m1_d0,427.0,0.0,0.0,-1.0
m1_d0,428.0,0.0,0.0,-1.0
m1_d0,429.0,0.0,0.0,-1.0
m1_d0,430.0,0.0,0.0,-1.0
m1_d0,431.0,0.0,0.0,-1.0
m1_d0,432.0,1.0,17.21,29.05
m1_d0,433.0,0.0,0.0,-1.0
m1_d0,434.0,0.0,0.0,-1.0
m1_d0,435.0,0.0,0.0,-1.0
m1_d0,436.0,0.0,0.0,-1.0
m1_d0,437.0,1.0,18.3,27.32
m1_d0,438.0,0.0,0.0,-1.0
m1_d0,439.0,0.0,0.0,-1.0
m1_d0,440.0,0.0,0.0,-1.0
m1_d0,441.0,1.0,19.29,25.91
m1_d0,442.0,0.0,0.0,-1.0
m1_d0,443.0,0.0,0.0,-1.0
m1_d0,444.0,0.0,0.0,-1.0
m1_d0,445.0,1.0,17.74,28.18
m1_d0,446.0,0.0,0.0,-1.0
m1_d0,447.0,0.0,0.0,-1.0
m1_d0,448.0,0.0,0.0,-1.0
m1_d0,449.0,0.0,0.0,-1.0
m1_d0,450.0,0.0,0.0,-1.0
m1_d0,451.0,0.0,0.0,-1.0
m1_d0,452.0,0.0,0.0,-1.0
m1_d0,453.0,0.0,0.0,-1.0
m1_d0,454.0,0.0,0.0,-1.0
m1_d0,455.0,0.0,0.0,-1.0
m1_d0,456.0,0.0,0.0,-1.0
m1_d0,457.0,0.0,0.0,-1.0
m1_d0,458.0,0.0,0.0,-1.0
m1_d0,459.0,0.0,0.0,-1.0
m1_d0,460.0,1.0,20.55,24.33
m1_d0,461.0,0.0,0.0,-1.0
m1_d0,462.0,0.0,0.0,-1.0
m1_d0,463.0,0.0,0.0,-1.0
m1_d0,464.0,0.0,9.62,-1.0
m1_d0,465.0,1.0,10.79,24.5
m1_d0,466.0,0.0,0.0,-1.0
m1_d0,467.0,0.0,0.0,-1.0
m1_d0,468.0,0.0,0.0,-1.0
m1_d0,469.0,1.0,16.2,30.87
m1_d0,470.0,0.0,0.0,-1.0
m1_d0,471.0,0.0,0.0,-1.0
m1_d0,472.0,1.0,15.41,32.44
m1_d0,473.0,1.0,15.41,32.44
m1_d0,474.0,0.0,0.0,-1.0
m1_d0,475.0,0.0,0.0,-1.0
m1_d0,476.0,0.0,0.0,-1.0
m1_d0,477.0,0.0,0.0,-1.0
m1_d0,478.0,0.0,0.0,-1.0
m1_d0,479.0,0.0,0.0,-1.0
m1_d0,480.0,0.0,0.0,-1.0
m1_d0,481.0,0.0,0.0,-1.0
m1_d0,482.0,0.0,0.0,-1.0
m1_d0,483.0,1.0,16.32,30.63
m1_d0,484.0,0.0,0.0,-1.0
m1_d0,485.0,0.0,0.0,-1.0
m1_d0,486.0,0.0,0.0,-1.0
m1_d0,487.0,0.0,0.0,-1.0
m1_d0,488.0,0.0,0.0,-1.0
m1_d0,489.0,0.0,0.0,-1.0
m1_d0,490.0,0.0,0.0,-1.0
m1_d0,491.0,0.0,0.0,-1.0
m1_d0,492.0,0.0,0.0,-1.0
m1_d0,493.0,1.0,18.7,26.73
m1_d0,494.0,0.0,0.0,-1.0
m1_d0,495.0,0.0,0.0,-1.0
m1_d0,496.0,0.0,0.0,-1.0
m1_d0,497.0,0.0,0.0,-1.0
m1_d0,498.0,1.0,16.02,31.22
m1_d0,499.0,0.0,0.0,-1.0
m1_d0,500.0,0.0,0.0,-1.0
m1_d0,501.0,1.0,15.24,32.8
m1_d0,502.0,0.0,0.0,-1.0
m1_d0,503.0,0.0,0.0,-1.0
m1_d0,504.0,0.0,0.0,-1.0
m1_d0,505.0,0.0,0.0,-1.0
m1_d0,506.0,0.0,0.0,-1.0
m1_d0,507.0,1.0,16.08,31.1
m1_d0,508.0,0.0,0.0,-1.0
m1_d0,509.0,0.0,0.0,-1.0
m1_d0,510.0,0.0,0.0,-1.0
m1_d0,511.0,0.0,0.0,-1.0
m1_d0,512.0,0.0,0.0,-1.0
m1_d0,513.0,0.0,0.0,-1.0
m1_d0,514.0,1.0,18.55,26.95
m1_d0,515.0,0.0,0.0,-1.0
m1_d0,516.0,0.0,0.0,-1.0
m1_d0,517.0,0.0,0.0,-1.0
m1_d0,518.0,0.0,0.0,-1.0
m1_d0,519.0,0.0,0.0,-1.0
m1_d0,520.0,0.0,0.0,-1.0
m1_d0,521.0,1.0,19.61,25.49
m1_d0,522.0,0.0,0.0,-1.0
m1_d0,523.0,0.0,0.0,-1.0
m1_d0,524.0,1.0,15.99,31.26
m1_d0,525.0,0.0,3.0,-1.0
m1_d0,526.0,1.0,13.17,30.94
m1_d0,527.0,0.0,0.0,-1.0
m1_d0,528.0,0.0,0.0,-1.0
m1_d0,529.0,0.0,0.0,-1.0
m1_d0,530.0,0.0,0.0,-1.0
m1_d0,531.0,1.0,15.94,31.37
m1_d0,532.0,0.0,0.0,-1.0
m1_d0,533.0,0.0,0.0,-1.0
m1_d0,534.0,0.0,0.0,-1.0
m1_d0,535.0,0.0,0.0,-1.0
m1_d0,536.0,0.0,0.0,-1.0
m1_d0,537.0,0.0,0.0,-1.0
m1_d0,538.0,0.0,0.0,-1.0
m1_d0,539.0,0.0,0.0,-1.0
m1_d0,540.0,0.0,0.0,-1.0
m1_d0,541.0,1.0,17.47,28.63
m1_d0,542.0,0.0,0.0,-1.0
m1_d0,543.0,0.0,0.0,-1.0
m1_d0,544.0,0.0,0.0,-1.0
m1_d0,545.0,0.0,0.0,-1.0
m1_d0,546.0,0.0,0.0,-1.0
m1_d0,547.0,0.0,0.0,-1.0
m1_d0,548.0,1.0,19.97,25.03
m1_d0,549.0,0.0,0.0,-1.0
m1_d0,550.0,0.0,0.0,-1.0
m1_d0,551.0,0.0,0.0,-1.0
m1_d0,552.0,0.0,0.0,-1.0
m1_d0,553.0,1.0,19.83,25.21
m1_d0,554.0,0.0,0.0,-1.0
m1_d0,555.0,0.0,0.0,-1.0
m1_d0,556.0,1.0,16.45,30.39
m1_d0,557.0,0.0,0.0,-1.0
m1_d0,558.0,0.0,0.0,-1.0
m1_d0,559.0,0.0,0.0,-1.0
m1_d0,560.0,1.0,16.0,31.25
m1_d0,561.0,0.0,0.0,-1.0
m1_d0,562.0,0.0,0.0,-1.0
m1_d0,563.0,0.0,0.0,-1.0
m1_d0,564.0,0.0,0.0,-1.0
m1_d0,565.0,0.0,0.0,-1.0
m1_d0,566.0,1.0,18.49,27.04
m1_d0,567.0,0.0,0.0,-1.0
m1_d0,568.0,0.0,0.0,-1.0
m1_d0,569.0,0.0,0.0,-1.0
m1_d0,570.0,0.0,0.0,-1.0
m1_d0,571.0,0.0,0.0,-1.0
m1_d0,572.0,0.0,0.0,-1.0
m1_d0,573.0,0.0,0.0,-1.0
m1_d0,574.0,0.0,0.0,-1.0
m1_d0,575.0,0.0,0.0,-1.0
m1_d0,576.0,1.0,20.89,23.93
m1_d0,577.0,0.0,0.0,-1.0
m1_d0,578.0,0.0,0.0,-1.0
m1_d0,579.0,0.0,0.0,-1.0
m1_d0,580.0,0.0,0.0,-1.0
m1_d0,581.0,0.0,0.0,-1.0
m1_d0,582.0,1.0,21.5,23.26
m1_d0,583.0,0.0,0.0,-1.0
m1_d0,584.0,0.0,0.0,-1.0
m1_d0,585.0,1.0,20.73,24.12
m1_d0,586.0,0.0,0.0,-1.0
m1_d0,587.0,0.0,0.0,-1.0
m1_d0,588.0,0.0,0.0,-1.0
m1_d0,589.0,0.0,0.0,-1.0
m1_d0,590.0,0.0,0.0,-1.0
m1_d0,591.0,1.0,15.67,31.9
m1_d0,592.0,0.0,0.0,-1.0
m1_d0,593.0,0.0,0.0,-1.0
m1_d0,594.0,0.0,0.0,-1.0
m1_d0,595.0,0.0,0.0,-1.0
m1_d0,596.0,1.0,16.05,31.16
m1_d0,597.0,0.0,0.0,-1.0
m1_d0,598.0,1.0,16.22,30.82
m1_d0,599.0,0.0,0.0,-1.0
m1_d0,600.0,0.0,0.0,-1.0
m1_d0,601.0,0.0,0.0,-1.0
m1_d0,602.0,0.0,0.0,-1.0
m1_d0,603.0,0.0,0.0,-1.0
m1_d0,604.0,0.0,0.0,-1.0
m1_d0,605.0,0.0,0.0,-1.0
m1_d0,606.0,1.0,16.59,30.15
m1_d0,607.0,0.0,0.0,-1.0
m1_d0,608.0,0.0,0.0,-1.0
m1_d0,609.0,0.0,0.0,-1.0
m1_d0,610.0,0.0,0.0,-1.0
m1_d0,611.0,0.0,0.0,-1.0
m1_d0,612.0,0.0,0.0,-1.0
m1_d0,613.0,0.0,0.0,-1.0
m1_d0,614.0,0.0,0.0,-1.0
m1_d0,615.0,1.0,15.86,31.52
m1_d0,616.0,0.0,0.0,-1.0
m1_d0,617.0,0.0,0.0,-1.0
m1_d0,618.0,0.0,0.0,-1.0
m1_d0,619.0,0.0,6.15,-1.0
m1_d0,620.0,1.0,9.67,31.59
m1_d0,621.0,0.0,0.0,-1.0
m1_d0,622.0,0.0,0.0,-1.0
m1_d0,623.0,0.0,0.0,-1.0
m1_d0,624.0,1.0,15.42,32.43
m1_d0,625.0,0.0,0.0,-1.0
m1_d0,626.0,1.0,15.29,32.7
m1_d0,627.0,0.0,0.0,-1.0
m1_d0,628.0,0.0,0.0,-1.0
m1_d0,629.0,0.0,0.0,-1.0
m1_d0,630.0,0.0,0.0,-1.0
m1_d0,631.0,0.0,0.0,-1.0
m1_d0,632.0,0.0,0.0,-1.0
m1_d0,633.0,0.0,0.0,-1.0
m1_d0,634.0,0.0,0.0,-1.0
m1_d0,635.0,1.0,18.98,26.35
m1_d0,636.0,0.0,0.0,-1.0
m1_d0,637.0,0.0,0.0,-1.0
m1_d0,638.0,0.0,0.0,-1.0
m1_d0,639.0,1.0,15.81,31.63
m1_d0,640.0,0.0,0.0,-1.0
m1_d0,641.0,0.0,0.0,-1.0
m1_d0,642.0,0.0,0.0,-1.0
m1_d0,643.0,0.0,0.0,-1.0
m1_d0,644.0,0.0,0.0,-1.0
m1_d0,645.0,0.0,0.0,-1.0
m1_d0,646.0,0.0,0.0,-1.0
m1_d0,647.0,0.0,0.0,-1.0
m1_d0,648.0,0.0,4.05,-1.0
m1_d0,649.0,1.0,13.29,28.83
m1_d0,650.0,0.0,0.0,-1.0
m1_d0,651.0,0.0,0.0,-1.0
m1_d0,652.0,0.0,0.0,-1.0
m1_d0,653.0,1.0,20.64,24.23
m1_d0,654.0,0.0,0.0,-1.0
m1_d0,655.0,0.0,0.0,-1.0
m1_d0,656.0,0.0,0.0,-1.0
m1_d0,657.0,0.0,0.0,-1.0
m1_d0,658.0,0.0,0.0,-1.0
m1_d0,659.0,0.0,0.0,-1.0
m1_d0,660.0,0.0,0.0,-1.0
m1_d0,661.0,0.0,0.0,-1.0
m1_d0,662.0,1.0,19.25,25.97
m1_d0,663.0,0.0,0.0,-1.0
m1_d0,664.0,0.0,0.0,-1.0
m1_d0,665.0,0.0,0.0,-1.0
m1_d0,666.0,1.0,17.54,28.51
m1_d0,667.0,0.0,0.0,-1.0
m1_d0,668.0,0.0,0.0,-1.0
m1_d0,669.0,0.0,0.0,-1.0
m1_d0,670.0,0.0,0.0,-1.0
m1_d0,671.0,0.0,0.0,-1.0
m1_d0,672.0,0.0,0.0,-1.0
m1_d0,673.0,0.0,0.0,-1.0
m1_d0,674.0,0.0,0.0,-1.0
m1_d0,675.0,0.0,0.0,-1.0
m1_d0,676.0,0.0,3.28,-1.0
m1_d0,677.0,1.0,13.71,29.43
m1_d0,678.0,0.0,0.0,-1.0
m1_d0,679.0,0.0,0.0,-1.0
m1_d0,680.0,0.0,0.0,-1.0
m1_d0,681.0,0.0,0.0,-1.0
m1_d0,682.0,0.0,0.0,-1.0
m1_d0,683.0,0.0,0.0,-1.0
m1_d0,684.0,0.0,0.0,-1.0
m1_d0,685.0,0.0,0.0,-1.0
m1_d0,686.0,0.0,0.0,-1.0
m1_d0,687.0,0.0,0.0,-1.0
m1_d0,688.0,0.0,0.0,-1.0
m1_d0,689.0,0.0,0.0,-1.0
m1_d0,690.0,1.0,18.95,26.39
m1_d0,691.0,0.0,0.0,-1.0
m1_d0,692.0,1.0,17.6,28.41
m1_d0,693.0,0.0,0.0,-1.0
m1_d0,694.0,0.0,0.0,-1.0
m1_d0,695.0,1.0,16.63,30.06
m1_d0,696.0,0.0,0.0,-1.0
m1_d0,697.0,0.0,0.0,-1.0
m1_d0,698.0,1.0,16.88,29.63
m1_d0,699.0,0.0,0.0,-1.0
m1_d0,700.0,0.0,0.0,-1.0
m1_d0,701.0,0.0,0.0,-1.0
m1_d0,702.0,0.0,0.0,-1.0
m1_d0,703.0,1.0,16.84,29.7
m1_d0,704.0,0.0,0.0,-1.0
m1_d0,705.0,0.0,0.0,-1.0
m1_d0,706.0,0.0,0.0,-1.0
m1_d0,707.0,0.0,0.0,-1.0
m1_d0,708.0,0.0,0.0,-1.0
m1_d0,709.0,1.0,18.79,26.61
m1_d0,710.0,0.0,0.0,-1.0
m1_d0,711.0,0.0,0.0,-1.0
m1_d0,712.0,0.0,0.0,-1.0
m1_d0,713.0,0.0,0.0,-1.0
m1_d0,714.0,0.0,0.0,-1.0
m1_d0,715.0,0.0,0.0,-1.0
m1_d0,716.0,0.0,0.0,-1.0
m1_d0,717.0,0.0,0.0,-1.0
m1_d0,718.0,0.0,0.0,-1.0
m1_d0,719.0,0.0,0.0,-1.0
m1_d0,720.0,0.0,0.0,-1.0
m1_d0,721.0,1.0,17.59,28.42
m1_d0,722.0,0.0,0.0,-1.0
m1_d0,723.0,0.0,0.0,-1.0
m1_d0,724.0,0.0,0.0,-1.0
m1_d0,725.0,0.0,0.0,-1.0
m1_d0,726.0,1.0,17.57,28.45
m1_d0,727.0,0.0,0.0,-1.0
m1_d0,728.0,0.0,0.0,-1.0
m1_d0,729.0,0.0,0.0,-1.0
m1_d0,730.0,0.0,0.0,-1.0
m1_d0,731.0,0.0,0.0,-1.0
m1_d0,732.0,0.0,0.0,-1.0
m1_d0,733.0,0.0,0.0,-1.0
m1_d0,734.0,0.0,0.0,-1.0
m1_d0,735.0,1.0,16.62,30.08
m1_d0,736.0,0.0,0.0,-1.0
m1_d0,737.0,0.0,0.0,-1.0
m1_d0,738.0,0.0,0.0,-1.0
m1_d0,739.0,0.0,0.0,-1.0
m1_d0,740.0,0.0,3.54,-1.0
m1_d0,741.0,1.0,18.06,23.15
m1_d0,742.0,0.0,0.0,-1.0
m1_d0,743.0,0.0,0.0,-1.0
m1_d0,744.0,0.0,0.0,-1.0
m1_d0,745.0,0.0,0.0,-1.0
m1_d0,746.0,0.0,0.0,-1.0
m1_d0,747.0,0.0,0.0,-1.0
m1_d0,748.0,1.0,19.0,26.32
m1_d0,749.0,0.0,14.13,-1.0
m1_d0,750.0,1.0,4.24,27.21
m1_d0,751.0,0.0,0.0,-1.0
m1_d0,752.0,0.0,0.0,-1.0
m1_d0,753.0,1.0,15.66,31.94
m1_d0,754.0,0.0,0.0,-1.0
m1_d0,755.0,0.0,0.0,-1.0
m1_d0,756.0,0.0,0.0,-1.0
m1_d0,757.0,0.0,0.0,-1.0
m1_d0,758.0,0.0,0.0,-1.0
m1_d0,759.0,1.0,16.01,31.23
m1_d0,760.0,0.0,0.0,-1.0
m1_d0,761.0,1.0,14.75,33.89
m1_d0,762.0,0.0,0.0,-1.0
m1_d0,763.0,0.0,0.0,-1.0
m1_d0,764.0,0.0,0.0,-1.0
m1_d0,765.0,0.0,0.0,-1.0
m1_d0,766.0,0.0,0.0,-1.0
m1_d0,767.0,0.0,0.0,-1.0
m1_d0,768.0,0.0,0.0,-1.0
m1_d0,769.0,0.0,0.0,-1.0
m1_d0,770.0,1.0,16.65,30.03
m1_d0,771.0,0.0,0.0,-1.0
m1_d0,772.0,1.0,16.64,30.05
m1_d0,773.0,0.0,0.0,-1.0
m1_d0,774.0,0.0,0.0,-1.0
m1_d0,775.0,0.0,0.0,-1.0
m1_d0,776.0,0.0,0.0,-1.0
m1_d0,777.0,0.0,0.0,-1.0
m1_d0,778.0,0.0,0.0,-1.0
m1_d0,779.0,0.0,0.0,-1.0
m1_d0,780.0,0.0,0.0,-1.0
m1_d0,781.0,1.0,16.36,30.56
m1_d0,782.0,0.0,0.0,-1.0
m1_d0,783.0,0.0,0.0,-1.0
m1_d0,784.0,0.0,0.0,-1.0
m1_d0,785.0,0.0,0.0,-1.0
m1_d0,786.0,0.0,0.0,-1.0
m1_d0,787.0,0.0,0.0,-1.0
m1_d0,788.0,0.0,0.0,-1.0
m1_d0,789.0,0.0,0.0,-1.0
m1_d0,790.0,0.0,0.0,-1.0
m1_d0,791.0,0.0,0.0,-1.0
m1_d0,792.0,0.0,0.0,-1.0
m1_d0,793.0,0.0,9.08,-1.0
m1_d0,794.0,1.0,8.84,27.89
m1_d0,795.0,0.0,0.0,-1.0
m1_d0,796.0,0.0,0.0,-1.0
m1_d0,797.0,0.0,0.0,-1.0
m1_d0,798.0,1.0,16.16,30.94
m1_d0,799.0,0.0,0.0,-1.0
m1_d0,800.0,0.0,0.0,-1.0
m1_d0,801.0,0.0,0.0,-1.0
m1_d0,802.0,0.0,0.0,-1.0
m1_d0,803.0,0.0,0.0,-1.0
m1_d0,804.0,0.0,0.0,-1.0
m1_d0,805.0,0.0,0.0,-1.0
m1_d0,806.0,0.0,0.0,-1.0
m1_d0,807.0,0.0,0.0,-1.0
m1_d0,808.0,0.0,0.0,-1.0
m1_d0,809.0,0.0,5.46,-1.0
m1_d0,810.0,1.0,14.5,25.04
m1_d0,811.0,0.0,0.0,-1.0
m1_d0,812.0,0.0,0.0,-1.0
m1_d0,813.0,0.0,0.0,-1.0
m1_d0,814.0,0.0,0.0,-1.0
m1_d0,815.0,0.0,0.0,-1.0
m1_d0,816.0,0.0,0.0,-1.0
m1_d0,817.0,0.0,0.0,-1.0
m1_d0,818.0,0.0,0.0,-1.0
m1_d0,819.0,0.0,0.0,-1.0
m1_d0,820.0,0.0,0.0,-1.0
m1_d0,821.0,0.0,0.0,-1.0
m1_d0,822.0,1.0,17.88,27.96
m1_d0,823.0,0.0,0.0,-1.0
m1_d0,824.0,0.0,0.0,-1.0
m1_d0,825.0,0.0,0.0,-1.0
m1_d0,826.0,0.0,0.0,-1.0
m1_d0,827.0,0.0,0.0,-1.0
m1_d0,828.0,1.0,19.25,25.97
m1_d0,829.0,0.0,0.0,-1.0
m1_d0,830.0,0.0,0.0,-1.0
m1_d0,831.0,0.0,0.0,-1.0
m1_d0,832.0,0.0,0.0,-1.0
m1_d0,833.0,0.0,0.0,-1.0
m1_d0,834.0,0.0,0.0,-1.0
m1_d0,835.0,0.0,0.0,-1.0
m1_d0,836.0,0.0,0.0,-1.0
m1_d0,837.0,0.0,0.0,-1.0
m1_d0,838.0,0.0,0.0,-1.0
m1_d0,839.0,1.0,20.28,24.66
m1_d0,840.0,0.0,0.0,-1.0
m1_d0,841.0,1.0,18.99,26.33
m1_d0,842.0,0.0,0.0,-1.0
m1_d0,843.0,0.0,0.0,-1.0
m1_d0,844.0,0.0,0.0,-1.0
m1_d0,845.0,0.0,0.0,-1.0
m1_d0,846.0,0.0,0.0,-1.0
m1_d0,847.0,0.0,0.0,-1.0
m1_d0,848.0,0.0,0.0,-1.0
m1_d0,849.0,0.0,0.0,-1.0
m1_d0,850.0,0.0,0.0,-1.0
m1_d0,851.0,0.0,0.0,-1.0
m1_d0,852.0,1.0,21.23,23.55
m1_d0,853.0,0.0,0.0,-1.0
m1_d0,854.0,0.0,0.0,-1.0
m1_d0,855.0,0.0,0.0,-1.0
m1_d0,856.0,0.0,0.0,-1.0
m1_d0,857.0,1.0,15.69,31.87
m1_d0,858.0,0.0,0.0,-1.0
m1_d0,859.0,0.0,0.0,-1.0
m1_d0,860.0,0.0,0.0,-1.0
m1_d0,861.0,0.0,0.0,-1.0
m1_d0,862.0,0.0,0.0,-1.0
m1_d0,863.0,0.0,0.0,-1.0
m1_d0,864.0,0.0,0.0,-1.0
m1_d0,865.0,0.0,0.0,-1.0
m1_d0,866.0,0.0,0.0,-1.0
m1_d0,867.0,0.0,0.0,-1.0
m1_d0,868.0,0.0,0.0,-1.0
m1_d0,869.0,0.0,0.0,-1.0
m1_d0,870.0,1.0,20.27,24.67
m1_d0,871.0,0.0,0.0,-1.0
m1_d0,872.0,0.0,0.0,-1.0
m1_d0,873.0,0.0,0.0,-1.0
m1_d0,874.0,0.0,0.0,-1.0
m1_d0,875.0,1.0,15.32,32.63
m1_d0,876.0,0.0,0.0,-1.0
m1_d0,877.0,0.0,0.0,-1.0
m1_d0,878.0,0.0,0.0,-1.0
m1_d0,879.0,0.0,0.0,-1.0
m1_d0,880.0,0.0,0.0,-1.0
m1_d0,881.0,0.0,0.0,-1.0
m1_d0,882.0,0.0,0.0,-1.0
m1_d0,883.0,0.0,0.0,-1.0
m1_d0,884.0,0.0,0.0,-1.0
m1_d0,885.0,0.0,0.0,-1.0
m1_d0,886.0,0.0,16.41,-1.0
m1_d0,887.0,1.0,3.64,24.95
m1_d0,888.0,0.0,0.0,-1.0
m1_d0,889.0,0.0,0.0,-1.0
m1_d0,890.0,0.0,0.0,-1.0
m1_d0,891.0,0.0,0.0,-1.0
m1_d0,892.0,0.0,0.0,-1.0
m1_d0,893.0,0.0,0.0,-1.0
m1_d0,894.0,0.0,0.0,-1.0
m1_d0,895.0,0.0,0.0,-1.0
m1_d0,896.0,0.0,0.0,-1.0
m1_d0,897.0,0.0,0.0,-1.0
m1_d0,898.0,1.0,17.19,29.09
m1_d0,899.0,0.0,0.0,-1.0
m1_d0,900.0,0.0,0.0,-1.0
m1_d0,901.0,0.0,0.0,-1.0
m1_d0,902.0,0.0,0.0,-1.0
m1_d0,903.0,0.0,0.0,-1.0
m1_d0,904.0,0.0,0.0,-1.0
m1_d0,905.0,0.0,0.0,-1.0
m1_d0,906.0,0.0,0.0,-1.0
m1_d0,907.0,0.0,0.0,-1.0
m1_d0,908.0,0.0,0.0,-1.0
m1_d0,909.0,0.0,0.0,-1.0
m1_d0,910.0,0.0,0.0,-1.0
m1_d0,911.0,0.0,0.0,-1.0
m1_d0,912.0,0.0,0.0,-1.0
m1_d0,913.0,1.0,21.73,23.0
m1_d0,914.0,0.0,0.0,-1.0
m1_d0,915.0,1.0,21.02,23.79
m1_d0,916.0,0.0,0.0,-1.0
m1_d0,917.0,1.0,18.01,27.76
m1_d0,918.0,0.0,0.0,-1.0
m1_d0,919.0,1.0,17.9,27.94
m1_d0,920.0,0.0,0.0,-1.0
m1_d0,921.0,0.0,0.0,-1.0
m1_d0,922.0,0.0,0.35,-1.0
m1_d0,923.0,1.0,14.62,33.42
m1_d0,924.0,0.0,0.0,-1.0
m1_d0,925.0,1.0,15.02,33.28
m1_d0,926.0,0.0,0.0,-1.0
m1_d0,927.0,0.0,0.0,-1.0
m1_d0,928.0,0.0,0.0,-1.0
m1_d0,929.0,0.0,0.0,-1.0
m1_d0,930.0,0.0,0.0,-1.0
m1_d0,931.0,0.0,0.0,-1.0
m1_d0,932.0,0.0,0.0,-1.0
m1_d0,933.0,0.0,0.0,-1.0
m1_d0,934.0,0.0,0.0,-1.0
m1_d0,935.0,0.0,0.0,-1.0
m1_d0,936.0,0.0,0.0,-1.0
m1_d0,937.0,0.0,0.0,-1.0
m1_d0,938.0,0.0,14.66,-1.0
m1_d0,939.0,1.0,3.52,27.5
m1_d0,940.0,0.0,0.0,-1.0
m1_d0,941.0,1.0,18.44,27.11
m1_d0,942.0,0.0,0.0,-1.0
m1_d0,943.0,0.0,0.0,-1.0
m1_d0,944.0,0.0,0.0,-1.0
m1_d0,945.0,0.0,0.0,-1.0
m1_d0,946.0,0.0,0.0,-1.0
m1_d0,947.0,0.0,0.0,-1.0
m1_d0,948.0,0.0,0.0,-1.0
m1_d0,949.0,0.0,0.0,-1.0
m1_d0,950.0,0.0,0.0,-1.0
m1_d0,951.0,0.0,0.0,-1.0
m1_d0,952.0,0.0,0.0,-1.0
m1_d0,953.0,0.0,0.0,-1.0
m1_d0,954.0,0.0,0.0,-1.0
m1_d0,955.0,1.0,20.84,24.0
m1_d0,956.0,0.0,0.0,-1.0
m1_d0,957.0,0.0,0.0,-1.0
m1_d0,958.0,0.0,0.0,-1.0
m1_d0,959.0,0.0,0.0,-1.0
m1_d0,960.0,0.0,0.0,-1.0
m1_d0,961.0,0.0,0.0,-1.0
m1_d0,962.0,0.0,0.0,-1.0
m1_d0,963.0,0.0,15.3,-1.0
m1_d0,964.0,1.0,0.93,30.81
m1_d0,965.0,0.0,0.0,-1.0
m1_d0,966.0,0.0,0.0,-1.0
m1_d0,967.0,0.0,0.0,-1.0
m1_d0,968.0,0.0,0.0,-1.0
m1_d0,969.0,0.0,0.0,-1.0
m1_d0,970.0,0.0,0.0,-1.0
m1_d0,971.0,0.0,0.0,-1.0
m1_d0,972.0,0.0,0.0,-1.0
m1_d0,973.0,1.0,17.01,29.4
m1_d0,974.0,0.0,0.0,-1.0
m1_d0,975.0,0.0,14.4,-1.0
m1_d0,976.0,1.0,2.98,28.76
m1_d0,977.0,0.0,0.0,-1.0
m1_d0,978.0,1.0,21.0,23.81
m1_d0,979.0,0.0,0.0,-1.0
m1_d0,980.0,0.0,0.0,-1.0
m1_d0,981.0,0.0,0.0,-1.0
m1_d0,982.0,0.0,0.0,-1.0
m1_d0,983.0,0.0,0.0,-1.0
m1_d0,984.0,0.0,0.0,-1.0
m1_d0,985.0,1.0,18.76,26.65
m1_d0,986.0,0.0,0.0,-1.0
m1_d0,987.0,0.0,0.0,-1.0
m1_d0,988.0,0.0,0.0,-1.0
m1_d0,989.0,0.0,0.0,-1.0
m1_d0,990.0,1.0,16.07,31.11
m1_d0,991.0,0.0,0.0,-1.0
m1_d0,992.0,0.0,0.0,-1.0
m1_d0,993.0,0.0,0.0,-1.0
m1_d0,994.0,0.0,0.0,-1.0
m1_d0,995.0,0.0,0.0,-1.0
m1_d0,996.0,0.0,0.0,-1.0
m1_d0,997.0,0.0,0.0,-1.0
m1_d0,998.0,0.0,0.0,-1.0
m1_d0,999.0,1.0,19.59,25.52
m1_d0,1000.0,0.0,0.0,-1.0
m1_d0,1001.0,0.0,0.0,-1.0
m1_d0,1002.0,1.0,16.64,30.05
m1_d0,1003.0,0.0,0.0,-1.0
m1_d0,1004.0,0.0,0.0,-1.0
m1_d0,1005.0,0.0,0.0,-1.0
m1_d0,1006.0,0.0,0.0,-1.0
m1_d0,1007.0,1.0,17.51,28.55
m1_d0,1008.0,0.0,0.0,-1.0
m1_d0,1009.0,0.0,0.0,-1.0
m1_d0,1010.0,1.0,16.89,29.6
m1_d0,1011.0,0.0,0.0,-1.0
m1_d0,1012.0,0.0,0.0,-1.0
m1_d0,1013.0,1.0,15.62,32.01
m1_d0,1014.0,0.0,0.0,-1.0
m1_d0,1015.0,0.0,0.0,-1.0
m1_d0,1016.0,0.0,0.0,-1.0
m1_d0,1017.0,0.0,0.0,-1.0
m1_d0,1018.0,0.0,0.0,-1.0
m1_d0,1019.0,1.0,17.58,28.44
m1_d0,1020.0,0.0,0.0,-1.0
m1_d0,1021.0,0.0,0.0,-1.0
m1_d0,1022.0,0.0,0.0,-1.0
m1_d0,1023.0,0.0,0.0,-1.0
m1_d0,1024.0,0.0,0.0,-1.0
m1_d0,1025.0,0.0,0.0,-1.0
m1_d0,1026.0,0.0,0.0,-1.0
m1_d0,1027.0,0.0,0.0,-1.0
m1_d0,1028.0,1.0,21.54,23.22
m1_d0,1029.0,0.0,0.0,-1.0
m1_d0,1030.0,0.0,0.0,-1.0
m1_d0,1031.0,1.0,20.87,23.96
m1_d0,1032.0,0.0,0.0,-1.0
m1_d0,1033.0,0.0,0.0,-1.0
m1_d0,1034.0,1.0,19.95,25.06
m1_d0,1035.0,0.0,16.54,-1.0
m1_d0,1036.0,1.0,3.39,25.09
m1_d0,1037.0,0.0,0.0,-1.0
m1_d0,1038.0,0.0,0.0,-1.0
m1_d0,1039.0,0.0,0.0,-1.0
m1_d0,1040.0,0.0,10.09,-1.0
m1_d0,1041.0,1.0,7.51,28.41
m1_d0,1042.0,0.0,0.0,-1.0
m1_d0,1043.0,0.0,0.0,-1.0
m1_d0,1044.0,0.0,0.0,-1.0
m1_d0,1045.0,0.0,0.0,-1.0
m1_d0,1046.0,1.0,18.25,27.39
m1_d0,1047.0,0.0,0.0,-1.0
m1_d0,1048.0,0.0,0.0,-1.0
m1_d0,1049.0,0.0,0.0,-1.0
m1_d0,1050.0,1.0,14.8,33.78
m1_d0,1051.0,0.0,0.0,-1.0
m1_d0,1052.0,0.0,0.0,-1.0
m1_d0,1053.0,0.0,0.0,-1.0
m1_d0,1054.0,0.0,0.0,-1.0
m1_d0,1055.0,0.0,0.0,-1.0
m1_d0,1056.0,0.0,0.0,-1.0
m1_d0,1057.0,1.0,17.7,28.25
m1_d0,1058.0,0.0,0.0,-1.0
m1_d0,1059.0,0.0,0.0,-1.0
m1_d0,1060.0,0.0,0.0,-1.0
m1_d0,1061.0,0.0,0.0,-1.0
m1_d0,1062.0,0.0,0.0,-1.0
m1_d0,1063.0,0.0,0.0,-1.0
m1_d0,1064.0,0.0,0.0,-1.0
m1_d0,1065.0,0.0,0.0,-1.0
m1_d0,1066.0,1.0,16.15,30.95
m1_d0,1067.0,0.0,0.0,-1.0
m1_d0,1068.0,0.0,0.0,-1.0
m1_d0,1069.0,0.0,0.0,-1.0
m1_d0,1070.0,0.0,0.0,-1.0
m1_d0,1071.0,0.0,0.0,-1.0
m1_d0,1072.0,1.0,15.16,32.97
m1_d0,1073.0,0.0,0.0,-1.0
m1_d0,1074.0,0.0,0.0,-1.0
m1_d0,1075.0,0.0,0.0,-1.0
m1_d0,1076.0,0.0,0.0,-1.0
m1_d0,1077.0,0.0,0.0,-1.0
m1_d0,1078.0,0.0,0.0,-1.0
m1_d0,1079.0,0.0,19.94,-1.0
m1_d0,1080.0,1.0,0.56,24.4
m1_d0,1081.0,0.0,0.0,-1.0
m1_d0,1082.0,0.0,0.0,-1.0
m1_d0,1083.0,0.0,0.0,-1.0
m1_d0,1084.0,0.0,0.0,-1.0
m1_d0,1085.0,0.0,0.0,-1.0
m1_d0,1086.0,1.0,19.22,26.02
m1_d0,1087.0,0.0,0.0,-1.0
m1_d0,1088.0,0.0,0.0,-1.0
m1_d0,1089.0,0.0,50.0,-1.0
m1_d0,1090.0,1.0,0.16,9.97
m1_d0,1091.0,1.0,17.61,28.4
m1_d0,1092.0,0.0,0.0,-1.0
m1_d0,1093.0,1.0,16.54,30.24
m1_d0,1094.0,0.0,0.0,-1.0
m1_d0,1095.0,0.0,0.0,-1.0
m1_d0,1096.0,0.0,0.0,-1.0
m1_d0,1097.0,0.0,0.0,-1.0
m1_d0,1098.0,0.0,0.0,-1.0
m1_d0,1099.0,1.0,15.25,32.79
m1_d0,1100.0,0.0,0.0,-1.0
m1_d0,1101.0,0.0,0.0,-1.0
m1_d0,1102.0,0.0,0.0,-1.0
m1_d0,1103.0,1.0,15.19,32.92
m1_d0,1104.0,0.0,0.0,-1.0
m1_d0,1105.0,0.0,0.0,-1.0
m1_d0,1106.0,0.0,0.0,-1.0
m1_d0,1107.0,0.0,0.0,-1.0
m1_d0,1108.0,0.0,0.0,-1.0
m1_d0,1109.0,0.0,0.0,-1.0
m1_d0,1110.0,0.0,0.0,-1.0
m1_d0,1111.0,0.0,0.0,-1.0
m1_d0,1112.0,0.0,5.47,-1.0
m1_d0,1113.0,1.0,13.47,26.4
m1_d0,1114.0,0.0,0.0,-1.0
m1_d0,1115.0,0.0,0.0,-1.0
m1_d0,1116.0,0.0,0.0,-1.0
m1_d0,1117.0,0.0,0.0,-1.0
m1_d0,1118.0,0.0,0.0,-1.0
m1_d0,1119.0,0.0,0.0,-1.0
m1_d0,1120.0,0.0,0.0,-1.0
m1_d0,1121.0,0.0,0.0,-1.0
m1_d0,1122.0,0.0,0.0,-1.0
m1_d0,1123.0,0.0,0.0,-1.0
m1_d0,1124.0,0.0,0.0,-1.0
m1_d0,1125.0,1.0,19.09,26.19
m1_d0,1126.0,0.0,0.0,-1.0
m1_d0,1127.0,0.0,0.0,-1.0
m1_d0,1128.0,0.0,0.0,-1.0
m1_d0,1129.0,0.0,0.0,-1.0
m1_d0,1130.0,1.0,18.86,26.51
m1_d0,1131.0,0.0,0.0,-1.0
m1_d0,1132.0,0.0,0.0,-1.0
m1_d0,1133.0,0.0,0.0,-1.0
m1_d0,1134.0,0.0,0.0,-1.0
m1_d0,1135.0,1.0,15.71,31.82
m1_d0,1136.0,0.0,0.0,-1.0
m1_d0,1137.0,0.0,0.0,-1.0
m1_d0,1138.0,0.0,0.0,-1.0
m1_d0,1139.0,0.0,0.0,-1.0
m1_d0,1140.0,0.0,0.0,-1.0
m1_d0,1141.0,0.0,0.0,-1.0
m1_d0,1142.0,0.0,0.0,-1.0
m1_d0,1143.0,0.0,0.0,-1.0
m1_d0,1144.0,1.0,17.84,28.03
m1_d0,1145.0,0.0,0.0,-1.0
m1_d0,1146.0,0.0,0.0,-1.0
m1_d0,1147.0,0.0,0.0,-1.0
m1_d0,1148.0,0.0,0.0,-1.0
m1_d0,1149.0,0.0,0.0,-1.0
m1_d0,1150.0,0.0,0.0,-1.0
m1_d0,1151.0,0.0,0.0,-1.0
m1_d0,1152.0,0.0,0.0,-1.0
m1_d0,1153.0,1.0,18.53,26.98
m1_d0,1154.0,0.0,0.0,-1.0
m1_d0,1155.0,0.0,0.0,-1.0
m1_d0,1156.0,0.0,0.0,-1.0
m1_d0,1157.0,0.0,0.0,-1.0
m1_d0,1158.0,0.0,0.0,-1.0
m1_d0,1159.0,0.0,0.0,-1.0
m1_d0,1160.0,1.0,16.03,31.2
m1_d0,1161.0,0.0,0.0,-1.0
m1_d0,1162.0,0.0,0.0,-1.0
m1_d0,1163.0,0.0,0.0,-1.0
m1_d0,1164.0,0.0,0.0,-1.0
m1_d0,1165.0,0.0,0.0,-1.0
m1_d0,1166.0,0.0,0.0,-1.0
m1_d0,1167.0,0.0,0.0,-1.0
m1_d0,1168.0,0.0,0.0,-1.0
m1_d0,1169.0,0.0,0.0,-1.0
m1_d0,1170.0,0.0,0.0,-1.0
m1_d0,1171.0,0.0,0.0,-1.0
m1_d0,1172.0,1.0,15.59,32.08
m1_d0,1173.0,0.0,0.0,-1.0
m1_d0,1174.0,0.0,0.0,-1.0
m1_d0,1175.0,0.0,0.0,-1.0
m1_d0,1176.0,0.0,0.0,-1.0
m1_d0,1177.0,1.0,20.11,24.86
m1_d0,1178.0,0.0,0.0,-1.0
m1_d0,1179.0,0.0,0.0,-1.0
m1_d0,1180.0,0.0,0.0,-1.0
m1_d0,1181.0,0.0,0.0,-1.0
m1_d0,1182.0,0.0,0.0,-1.0
m1_d0,1183.0,0.0,0.0,-1.0
m1_d0,1184.0,0.0,0.0,-1.0
m1_d0,1185.0,0.0,0.0,-1.0
m1_d0,1186.0,1.0,17.34,28.84
m1_d0,1187.0,0.0,0.0,-1.0
m1_d0,1188.0,0.0,0.0,-1.0
m1_d0,1189.0,0.0,0.0,-1.0
m1_d0,1190.0,0.0,0.0,-1.0
m1_d0,1191.0,0.0,0.0,-1.0
m1_d0,1192.0,0.0,0.0,-1.0
m1_d0,1193.0,0.0,0.0,-1.0
m1_d0,1194.0,0.0,0.0,-1.0
m1_d0,1195.0,0.0,0.0,-1.0
m1_d0,1196.0,0.0,0.0,-1.0
m1_d0,1197.0,0.0,0.0,-1.0
m1_d0,1198.0,1.0,19.66,25.44
m1_d0,1199.0,0.0,0.0,-1.0
m1_d0,1200.0,0.0,0.0,-1.0
m1_d0,1201.0,0.0,0.0,-1.0
m1_d0,1202.0,0.0,0.0,-1.0
m1_d0,1203.0,1.0,19.72,25.35
m1_d0,1204.0,0.0,0.0,-1.0
m1_d0,1205.0,0.0,0.0,-1.0
m1_d0,1206.0,0.0,0.0,-1.0
m1_d0,1207.0,0.0,0.0,-1.0
m1_d0,1208.0,1.0,16.26,30.75
m1_d0,1209.0,0.0,0.0,-1.0
m1_d0,1210.0,0.0,10.8,-1.0
m1_d0,1211.0,1.0,5.45,30.76
m1_d0,1212.0,0.0,0.0,-1.0
m1_d0,1213.0,0.0,0.0,-1.0
m1_d0,1214.0,0.0,0.0,-1.0
m1_d0,1215.0,0.0,0.0,-1.0
m1_d0,1216.0,0.0,0.0,-1.0
m1_d0,1217.0,0.0,0.0,-1.0
m1_d0,1218.0,0.0,0.0,-1.0
m1_d0,1219.0,0.0,0.0,-1.0
m1_d0,1220.0,0.0,0.0,-1.0
m1_d0,1221.0,1.0,19.55,25.57
m1_d0,1222.0,0.0,0.0,-1.0
m1_d0,1223.0,0.0,0.0,-1.0
m1_d0,1224.0,0.0,0.0,-1.0
m1_d0,1225.0,0.0,0.0,-1.0
m1_d0,1226.0,0.0,0.0,-1.0
m1_d0,1227.0,0.0,11.28,-1.0
m1_d0,1228.0,1.0,6.3,28.44
m1_d0,1229.0,0.0,0.0,-1.0
m1_d0,1230.0,0.0,0.0,-1.0
m1_d0,1231.0,0.0,0.98,-1.0
m1_d0,1232.0,1.0,14.87,31.54
m1_d0,1233.0,0.0,0.0,-1.0
m1_d0,1234.0,0.0,0.0,-1.0
m1_d0,1235.0,0.0,0.0,-1.0
m1_d0,1236.0,0.0,0.0,-1.0
m1_d0,1237.0,0.0,0.0,-1.0
m1_d0,1238.0,0.0,0.0,-1.0
m1_d0,1239.0,0.0,0.0,-1.0
m1_d0,1240.0,1.0,17.69,28.26
m1_d0,1241.0,0.0,0.0,-1.0
m1_d0,1242.0,0.0,0.0,-1.0
m1_d0,1243.0,0.0,0.0,-1.0
m1_d0,1244.0,0.0,0.0,-1.0
m1_d0,1245.0,0.0,0.0,-1.0
m1_d0,1246.0,1.0,17.57,28.46
m1_d0,1247.0,0.0,0.0,-1.0
m1_d0,1248.0,1.0,16.15,30.95
m1_d0,1249.0,0.0,0.0,-1.0
m1_d0,1250.0,0.0,0.0,-1.0
m1_d0,1251.0,0.0,0.0,-1.0
m1_d0,1252.0,0.0,0.0,-1.0
m1_d0,1253.0,0.0,0.0,-1.0
m1_d0,1254.0,0.0,0.0,-1.0
m1_d0,1255.0,0.0,0.0,-1.0
m1_d0,1256.0,0.0,0.0,-1.0
m1_d0,1257.0,1.0,15.61,32.03
m1_d0,1258.0,0.0,0.0,-1.0
m1_d0,1259.0,0.0,0.0,-1.0
m1_d0,1260.0,0.0,0.0,-1.0
m1_d0,1261.0,0.0,0.0,-1.0
m1_d0,1262.0,0.0,0.0,-1.0
m1_d0,1263.0,0.0,0.0,-1.0
m1_d0,1264.0,0.0,0.0,-1.0
m1_d0,1265.0,0.0,0.0,-1.0
m1_d0,1266.0,0.0,0.0,-1.0
m1_d0,1267.0,0.0,0.0,-1.0
m1_d0,1268.0,0.0,0.0,-1.0
m1_d0,1269.0,0.0,0.0,-1.0
m1_d0,1270.0,0.0,17.17,-1.0
m1_d0,1271.0,1.0,1.3,27.07
m1_d0,1272.0,0.0,0.0,-1.0
m1_d0,1273.0,0.0,0.0,-1.0
m1_d0,1274.0,0.0,0.0,-1.0
m1_d0,1275.0,0.0,0.0,-1.0
m1_d0,1276.0,0.0,0.0,-1.0
m1_d0,1277.0,0.0,0.0,-1.0
m1_d0,1278.0,1.0,20.26,24.68
m1_d0,1279.0,0.0,0.0,-1.0
m1_d0,1280.0,0.0,0.0,-1.0
m1_d0,1281.0,0.0,0.0,-1.0
m1_d0,1282.0,0.0,0.0,-1.0
m1_d0,1283.0,0.0,0.0,-1.0
m1_d0,1284.0,0.0,0.0,-1.0
m1_d0,1285.0,0.0,0.0,-1.0
m1_d0,1286.0,0.0,0.0,-1.0
m1_d0,1287.0,0.0,0.0,-1.0
m1_d0,1288.0,0.0,0.0,-1.0
m1_d0,1289.0,1.0,17.05,29.32
m1_d0,1290.0,0.0,0.0,-1.0
m1_d0,1291.0,0.0,0.0,-1.0
m1_d0,1292.0,0.0,0.0,-1.0
m1_d0,1293.0,0.0,0.0,-1.0
m1_d0,1294.0,0.0,9.25,-1.0
m1_d0,1295.0,1.0,7.95,29.06
m1_d0,1296.0,0.0,0.0,-1.0
m1_d0,1297.0,0.0,0.0,-1.0
m1_d0,1298.0,0.0,0.0,-1.0
m1_d0,1299.0,0.0,6.64,-1.0
m1_d0,1300.0,1.0,8.83,32.31
m1_d0,1301.0,0.0,0.0,-1.0
m1_d0,1302.0,0.0,0.0,-1.0
m1_d0,1303.0,0.0,0.0,-1.0
m1_d0,1304.0,0.0,0.0,-1.0
m1_d0,1305.0,0.0,0.0,-1.0
m1_d0,1306.0,0.0,0.0,-1.0
m1_d0,1307.0,0.0,0.0,-1.0
m1_d0,1308.0,0.0,0.0,-1.0
m1_d0,1309.0,0.0,0.0,-1.0
m1_d0,1310.0,1.0,18.18,27.5
m1_d0,1311.0,0.0,0.0,-1.0
m1_d0,1312.0,1.0,16.53,30.24
m1_d0,1313.0,0.0,0.0,-1.0
m1_d0,1314.0,0.0,0.0,-1.0
m1_d0,1315.0,0.0,0.0,-1.0
m1_d0,1316.0,0.0,0.0,-1.0
m1_d0,1317.0,1.0,16.64,30.05
m1_d0,1318.0,0.0,0.0,-1.0
m1_d0,1319.0,0.0,0.0,-1.0
m1_d0,1320.0,0.0,0.0,-1.0
m1_d0,1321.0,0.0,0.0,-1.0
m1_d0,1322.0,0.0,0.0,-1.0
m1_d0,1323.0,0.0,0.0,-1.0
m1_d0,1324.0,0.0,0.0,-1.0
m1_d0,1325.0,0.0,0.0,-1.0
m1_d0,1326.0,0.0,0.0,-1.0
m1_d0,1327.0,0.0,0.0,-1.0
m1_d0,1328.0,1.0,20.09,24.89
m1_d0,1329.0,0.0,0.0,-1.0
m1_d0,1330.0,0.0,0.0,-1.0
m1_d0,1331.0,1.0,17.92,27.9
m1_d0,1332.0,0.0,0.0,-1.0
m1_d0,1333.0,1.0,17.11,29.22
m1_d0,1334.0,0.0,0.0,-1.0
m1_d0,1335.0,0.0,0.0,-1.0
m1_d0,1336.0,0.0,0.0,-1.0
m1_d0,1337.0,0.0,0.0,-1.0
m1_d0,1338.0,0.0,0.0,-1.0
m1_d0,1339.0,1.0,15.19,32.92
m1_d0,1340.0,0.0,0.0,-1.0
m1_d0,1341.0,0.0,0.0,-1.0
m1_d0,1342.0,0.0,0.0,-1.0
m1_d0,1343.0,0.0,0.0,-1.0
m1_d0,1344.0,0.0,0.0,-1.0
m1_d0,1345.0,0.0,0.0,-1.0
m1_d0,1346.0,0.0,9.37,-1.0
m1_d0,1347.0,1.0,7.6,29.46
m1_d0,1348.0,0.0,0.0,-1.0
m1_d0,1349.0,0.0,0.0,-1.0
m1_d0,1350.0,0.0,0.0,-1.0
m1_d0,1351.0,0.0,0.0,-1.0
m1_d0,1352.0,0.0,0.0,-1.0
m1_d0,1353.0,1.0,16.34,30.59
m1_d0,1354.0,0.0,0.0,-1.0
m1_d0,1355.0,0.0,0.0,-1.0
m1_d0,1356.0,1.0,17.13,29.19
m1_d0,1357.0,0.0,0.0,-1.0
m1_d0,1358.0,0.0,0.0,-1.0
m1_d0,1359.0,0.0,0.0,-1.0
m1_d0,1360.0,0.0,0.0,-1.0
m1_d0,1361.0,0.0,0.0,-1.0
m1_d0,1362.0,0.0,0.0,-1.0
m1_d0,1363.0,1.0,19.38,25.8
m1_d0,1364.0,0.0,0.0,-1.0
m1_d0,1365.0,0.0,0.0,-1.0
m1_d0,1366.0,0.0,0.0,-1.0
m1_d0,1367.0,0.0,0.0,-1.0
m1_d0,1368.0,0.0,0.0,-1.0
m1_d0,1369.0,0.0,0.0,-1.0
m1_d0,1370.0,0.0,0.0,-1.0
m1_d0,1371.0,0.0,0.0,-1.0
m1_d0,1372.0,1.0,21.51,23.25
m1_d0,1373.0,0.0,0.0,-1.0
m1_d0,1374.0,0.0,0.0,-1.0
m1_d0,1375.0,0.0,0.0,-1.0
m1_d0,1376.0,0.0,0.0,-1.0
m1_d0,1377.0,0.0,0.0,-1.0
m1_d0,1378.0,0.0,0.0,-1.0
m1_d0,1379.0,0.0,0.0,-1.0
m1_d0,1380.0,0.0,0.0,-1.0
m1_d0,1381.0,1.0,19.96,25.06
m1_d0,1382.0,0.0,7.45,-1.0
m1_d0,1383.0,0.0,0.0,-1.0
m1_d0,1384.0,0.0,0.0,-1.0
m1_d0,1385.0,0.0,0.0,-1.0
m1_d0,1386.0,0.0,0.0,-1.0
m1_d0,1387.0,1.0,15.46,32.35
m1_d0,1388.0,0.0,0.0,-1.0
m1_d0,1389.0,0.0,0.0,-1.0
m1_d0,1390.0,1.0,15.92,31.4
m1_d0,1391.0,0.0,0.0,-1.0
m1_d0,1392.0,0.0,0.0,-1.0
m1_d0,1393.0,0.0,0.0,-1.0
m1_d0,1394.0,1.0,16.74,29.87
m1_d0,1395.0,0.0,0.0,-1.0
m1_d0,1396.0,0.0,0.0,-1.0
m1_d0,1397.0,0.0,0.0,-1.0
m1_d0,1398.0,0.0,0.0,-1.0
m1_d0,1399.0,0.0,0.0,-1.0
m1_d0,1400.0,0.0,0.0,-1.0
m1_d0,1401.0,0.0,0.0,-1.0
m1_d0,1402.0,1.0,19.66,25.43
m1_d0,1403.0,0.0,3.25,-1.0
m1_d0,1404.0,1.0,15.98,26.0
m1_d0,1405.0,0.0,0.0,-1.0
m1_d0,1406.0,0.0,0.0,-1.0
m1_d0,1407.0,0.0,0.0,-1.0
m1_d0,1408.0,0.0,0.0,-1.0
m1_d0,1409.0,0.0,0.0,-1.0
m1_d0,1410.0,0.0,0.0,-1.0
m1_d0,1411.0,0.0,0.0,-1.0
m1_d0,1412.0,0.0,0.0,-1.0
m1_d0,1413.0,0.0,0.0,-1.0
m1_d0,1414.0,0.0,0.0,-1.0
m1_d0,1415.0,0.0,0.0,-1.0
m1_d0,1416.0,1.0,20.43,24.48
m1_d0,1417.0,0.0,0.0,-1.0
m1_d0,1418.0,0.0,0.0,-1.0
m1_d0,1419.0,0.0,0.0,-1.0
m1_d0,1420.0,0.0,0.0,-1.0
m1_d0,1421.0,0.0,0.0,-1.0
m1_d0,1422.0,0.0,0.0,-1.0
m1_d0,1423.0,0.0,0.0,-1.0
m1_d0,1424.0,1.0,18.62,26.85
m1_d0,1425.0,0.0,0.0,-1.0
m1_d0,1426.0,0.0,0.0,-1.0
m1_d0,1427.0,0.0,0.0,-1.0
m1_d0,1428.0,0.0,0.0,-1.0
m1_d0,1429.0,0.0,0.0,-1.0
m1_d0,1430.0,0.0,18.86,-1.0
m1_d0,1431.0,1.0,1.82,24.18
m1_d0,1432.0,0.0,0.0,-1.0
m1_d0,1433.0,0.0,0.0,-1.0
m1_d0,1434.0,0.0,0.0,-1.0
m1_d0,1435.0,0.0,0.0,-1.0
m1_d0,1436.0,0.0,0.0,-1.0
m1_d0,1437.0,1.0,16.91,29.57
m1_d0,1438.0,0.0,0.0,-1.0
m1_d0,1439.0,0.0,8.28,-1.0
m1_d0,1440.0,1.0,8.59,29.63
m1_d0,1441.0,0.0,0.0,-1.0
m1_d0,1442.0,0.0,0.0,-1.0
m1_d0,1443.0,0.0,0.0,-1.0
m1_d0,1444.0,0.0,0.0,-1.0
m1_d0,1445.0,0.0,0.0,-1.0
m1_d0,1446.0,0.0,0.0,-1.0
m1_d0,1447.0,1.0,15.54,32.18
m1_d0,1448.0,0.0,0.0,-1.0
m1_d0,1449.0,0.0,0.0,-1.0
m1_d0,1450.0,0.0,0.0,-1.0
m1_d0,1451.0,0.0,0.0,-1.0
m1_d0,1452.0,0.0,0.0,-1.0
m1_d0,1453.0,0.0,12.98,-1.0
m1_d0,1454.0,1.0,7.11,24.88
m1_d0,1455.0,1.0,19.28,25.93
m1_d0,1456.0,0.0,0.0,-1.0
m1_d0,1457.0,0.0,0.0,-1.0
m1_d0,1458.0,0.0,0.0,-1.0
m1_d0,1459.0,0.0,0.0,-1.0
m1_d0,1460.0,0.0,0.0,-1.0
m1_d0,1461.0,0.0,0.0,-1.0
m1_d0,1462.0,1.0,14.96,33.41
m1_d0,1463.0,0.0,0.0,-1.0
m1_d0,1464.0,0.0,0.0,-1.0
m1_d0,1465.0,0.0,0.0,-1.0
m1_d0,1466.0,0.0,0.0,-1.0
m1_d0,1467.0,0.0,0.0,-1.0
m1_d0,1468.0,0.0,0.0,-1.0
m1_d0,1469.0,0.0,0.0,-1.0
m1_d0,1470.0,1.0,16.18,30.9
m1_d0,1471.0,0.0,0.0,-1.0
m1_d0,1472.0,0.0,0.0,-1.0
m1_d0,1473.0,0.0,0.0,-1.0
m1_d0,1474.0,0.0,0.0,-1.0
m1_d0,1475.0,1.0,16.14,30.99
m1_d0,1476.0,0.0,0.0,-1.0
m1_d0,1477.0,0.0,0.0,-1.0
m1_d0,1478.0,1.0,19.04,26.26
m1_d0,1479.0,0.0,0.0,-1.0
m1_d0,1480.0,0.0,0.0,-1.0
m1_d0,1481.0,0.0,0.0,-1.0
m1_d0,1482.0,0.0,0.0,-1.0
m1_d0,1483.0,0.0,0.0,-1.0
m1_d0,1484.0,0.0,0.0,-1.0
m1_d0,1485.0,0.0,0.0,-1.0
m1_d0,1486.0,1.0,20.74,24.11
m1_d0,1487.0,0.0,0.0,-1.0
m1_d0,1488.0,0.0,0.0,-1.0
m1_d0,1489.0,1.0,18.66,26.8
m1_d0,1490.0,0.0,0.0,-1.0
m1_d0,1491.0,0.0,0.0,-1.0
m1_d0,1492.0,0.0,0.0,-1.0
m1_d0,1493.0,0.0,0.0,-1.0
m1_d0,1494.0,0.0,0.0,-1.0
m1_d0,1495.0,1.0,18.31,27.31
m1_d0,1496.0,0.0,0.0,-1.0
m1_d0,1497.0,0.0,0.0,-1.0
m1_d0,1498.0,0.0,0.0,-1.0
m1_d0,1499.0,0.0,0.0,-1.0
m1_d0,1500.0,0.0,0.0,-1.0
m1_d0,1501.0,0.0,0.0,-1.0
m1_d0,1502.0,0.0,0.0,-1.0
m1_d0,1503.0,0.0,0.0,-1.0
m1_d0,1504.0,0.0,0.0,-1.0
m1_d0,1505.0,1.0,17.16,29.13
m1_d0,1506.0,0.0,0.0,-1.0
m1_d0,1507.0,1.0,16.29,30.7
m1_d0,1508.0,0.0,0.0,-1.0
m1_d0,1509.0,0.0,0.0,-1.0
m1_d0,1510.0,0.0,0.0,-1.0
m1_d0,1511.0,0.0,0.0,-1.0
m1_d0,1512.0,0.0,0.0,-1.0
m1_d0,1513.0,0.0,0.0,-1.0
m1_d0,1514.0,0.0,0.0,-1.0
m1_d0,1515.0,0.0,0.0,-1.0
m1_d0,1516.0,1.0,15.29,32.71
m1_d0,1517.0,0.0,0.0,-1.0
m1_d0,1518.0,0.0,0.0,-1.0
m1_d0,1519.0,0.0,0.0,-1.0
m1_d0,1520.0,1.0,18.6,26.89
m1_d0,1521.0,0.0,0.0,-1.0
m1_d0,1522.0,0.0,0.0,-1.0
m1_d0,1523.0,0.0,0.0,-1.0
m1_d0,1524.0,0.0,0.0,-1.0
m1_d0,1525.0,0.0,0.0,-1.0
m1_d0,1526.0,1.0,16.67,29.99
m1_d0,1527.0,0.0,0.0,-1.0
m1_d0,1528.0,0.0,0.0,-1.0
m1_d0,1529.0,0.0,0.0,-1.0
m1_d0,1530.0,0.0,0.0,-1.0
m1_d0,1531.0,0.0,0.0,-1.0
m1_d0,1532.0,0.0,0.0,-1.0
m1_d0,1533.0,1.0,17.97,27.83
m1_d0,1534.0,0.0,0.0,-1.0
m1_d0,1535.0,0.0,0.0,-1.0
m1_d0,1536.0,1.0,14.52,34.43
m1_d0,1537.0,0.0,0.0,-1.0
m1_d0,1538.0,0.0,0.0,-1.0
m1_d0,1539.0,0.0,0.0,-1.0
m1_d0,1540.0,0.0,0.0,-1.0
m1_d0,1541.0,0.0,0.0,-1.0
m1_d0,1542.0,1.0,16.11,31.03
m1_d0,1543.0,0.0,0.0,-1.0
m1_d0,1544.0,0.0,0.0,-1.0
m1_d0,1545.0,0.0,0.0,-1.0
m1_d0,1546.0,0.0,0.0,-1.0
m1_d0,1547.0,0.0,0.0,-1.0
m1_d0,1548.0,1.0,17.3,28.9
m1_d0,1549.0,0.0,0.0,-1.0
m1_d0,1550.0,0.0,0.0,-1.0
m1_d0,1551.0,0.0,0.0,-1.0
m1_d0,1552.0,0.0,0.0,-1.0
m1_d0,1553.0,0.0,0.0,-1.0
m1_d0,1554.0,0.0,0.0,-1.0
m1_d0,1555.0,0.0,0.0,-1.0
m1_d0,1556.0,1.0,20.16,24.8
m1_d0,1557.0,0.0,0.0,-1.0
m1_d0,1558.0,0.0,0.0,-1.0
m1_d0,1559.0,0.0,0.0,-1.0
m1_d0,1560.0,1.0,17.05,29.33
m1_d0,1561.0,0.0,0.0,-1.0
m1_d0,1562.0,0.0,0.0,-1.0
m1_d0,1563.0,0.0,0.0,-1.0
m1_d0,1564.0,0.0,0.0,-1.0
m1_d0,1565.0,0.0,0.0,-1.0
m1_d0,1566.0,0.0,0.0,-1.0
m1_d0,1567.0,0.0,0.0,-1.0
m1_d0,1568.0,1.0,18.41,27.16
m1_d0,1569.0,0.0,0.0,-1.0
m1_d0,1570.0,0.0,0.0,-1.0
m1_d0,1571.0,1.0,17.71,28.23
m1_d0,1572.0,0.0,0.0,-1.0
m1_d0,1573.0,0.0,0.0,-1.0
m1_d0,1574.0,0.0,0.0,-1.0
m1_d0,1575.0,0.0,0.0,-1.0
m1_d0,1576.0,1.0,18.02,27.74
m1_d0,1577.0,0.0,0.0,-1.0
m1_d0,1578.0,0.0,0.0,-1.0
m1_d0,1579.0,0.0,7.56,-1.0
m1_d0,1580.0,1.0,10.88,27.11
m1_d0,1581.0,0.0,0.0,-1.0
m1_d0,1582.0,1.0,16.82,29.74
m1_d0,1583.0,0.0,0.0,-1.0
m1_d0,1584.0,0.0,0.0,-1.0
m1_d0,1585.0,0.0,0.0,-1.0
m1_d0,1586.0,0.0,0.0,-1.0
m1_d0,1587.0,0.0,0.0,-1.0
m1_d0,1588.0,0.0,0.0,-1.0
m1_d0,1589.0,1.0,18.69,26.76
m1_d0,1590.0,0.0,0.0,-1.0
m1_d0,1591.0,0.0,0.0,-1.0
m1_d0,1592.0,0.0,0.0,-1.0
m1_d0,1593.0,0.0,0.0,-1.0
m1_d0,1594.0,0.0,0.0,-1.0
m1_d0,1595.0,0.0,0.0,-1.0
m1_d0,1596.0,0.0,0.0,-1.0
m1_d0,1597.0,0.0,0.0,-1.0
m1_d0,1598.0,1.0,17.0,29.4
m1_d0,1599.0,0.0,0.0,-1.0
m1_d0,1600.0,1.0,19.38,25.8
m1_d0,1601.0,0.0,0.0,-1.0
m1_d0,1602.0,0.0,0.0,-1.0
m1_d0,1603.0,0.0,0.0,-1.0
m1_d0,1604.0,0.0,0.0,-1.0
m1_d0,1605.0,0.0,0.0,-1.0
m1_d0,1606.0,0.0,0.0,-1.0
m1_d0,1607.0,0.0,0.0,-1.0
m1_d0,1608.0,1.0,17.99,27.79
m1_d0,1609.0,0.0,0.0,-1.0
m1_d0,1610.0,0.0,0.0,-1.0
m1_d0,1611.0,1.0,18.84,26.54
m1_d0,1612.0,0.0,0.0,-1.0
m1_d0,1613.0,0.0,0.0,-1.0
m1_d0,1614.0,1.0,18.8,26.6
m1_d0,1615.0,0.0,0.0,-1.0
m1_d0,1616.0,0.0,0.0,-1.0
m1_d0,1617.0,0.0,0.0,-1.0
m1_d0,1618.0,0.0,0.0,-1.0
m1_d0,1619.0,0.0,0.0,-1.0
m1_d0,1620.0,0.0,0.0,-1.0
m1_d0,1621.0,0.0,0.0,-1.0
m1_d0,1622.0,0.0,0.0,-1.0
m1_d0,1623.0,0.0,0.0,-1.0
m1_d0,1624.0,0.0,0.0,-1.0
m1_d0,1625.0,1.0,19.75,25.31
m1_d0,1626.0,0.0,0.0,-1.0
m1_d0,1627.0,0.0,0.0,-1.0
m1_d0,1628.0,0.0,0.0,-1.0
m1_d0,1629.0,0.0,0.0,-1.0
m1_d0,1630.0,0.0,0.0,-1.0
m1_d0,1631.0,0.0,0.0,-1.0
m1_d0,1632.0,0.0,0.0,-1.0
m1_d0,1633.0,0.0,0.0,-1.0
m1_d0,1634.0,0.0,0.0,-1.0
m1_d0,1635.0,0.0,0.0,-1.0
m1_d0,1636.0,0.0,0.0,-1.0
m1_d0,1637.0,0.0,0.0,-1.0
m1_d0,1638.0,0.0,0.0,-1.0
m1_d0,1639.0,1.0,18.56,26.94
m1_d0,1640.0,0.0,0.0,-1.0
m1_d0,1641.0,0.0,0.0,-1.0
m1_d0,1642.0,0.0,0.0,-1.0
m1_d0,1643.0,0.0,0.0,-1.0
m1_d0,1644.0,0.0,0.0,-1.0
m1_d0,1645.0,0.0,0.0,-1.0
m1_d0,1646.0,0.0,0.0,-1.0
m1_d0,1647.0,0.0,0.0,-1.0
m1_d0,1648.0,0.0,0.0,-1.0
m1_d0,1649.0,1.0,18.15,27.54
m1_d0,1650.0,0.0,0.0,-1.0
m1_d0,1651.0,0.0,0.0,-1.0
m1_d0,1652.0,0.0,0.0,-1.0
m1_d0,1653.0,0.0,0.0,-1.0
m1_d0,1654.0,0.0,0.0,-1.0
m1_d0,1655.0,0.0,0.0,-1.0
m1_d0,1656.0,0.0,0.0,-1.0
m1_d0,1657.0,0.0,0.0,-1.0
m1_d0,1658.0,0.0,0.0,-1.0
m1_d0,1659.0,0.0,0.0,-1.0
m1_d0,1660.0,0.0,0.0,-1.0
m1_d0,1661.0,0.0,0.0,-1.0
m1_d0,1662.0,0.0,0.0,-1.0
m1_d0,1663.0,0.0,0.0,-1.0
m1_d0,1664.0,0.0,0.0,-1.0
m1_d0,1665.0,0.0,0.0,-1.0
m1_d0,1666.0,0.0,0.0,-1.0
m1_d0,1667.0,0.0,0.0,-1.0
m1_d0,1668.0,0.0,0.0,-1.0
m1_d0,1669.0,0.0,0.0,-1.0
m1_d0,1670.0,1.0,21.66,23.09
m1_d0,1671.0,0.0,0.0,-1.0
m1_d0,1672.0,0.0,0.0,-1.0
m1_d0,1673.0,0.0,0.0,-1.0
m1_d0,1674.0,0.0,0.0,-1.0
m1_d0,1675.0,0.0,0.0,-1.0
m1_d0,1676.0,0.0,0.0,-1.0
m1_d0,1677.0,1.0,15.73,31.79
m1_d0,1678.0,0.0,0.0,-1.0
m1_d0,1679.0,0.0,0.0,-1.0
m1_d0,1680.0,0.0,0.0,-1.0
m1_d0,1681.0,0.0,0.0,-1.0
m1_d0,1682.0,1.0,16.67,30.0
m1_d0,1683.0,0.0,0.0,-1.0
m1_d0,1684.0,0.0,0.0,-1.0
m1_d0,1685.0,0.0,0.0,-1.0
m1_d0,1686.0,0.0,0.0,-1.0
m1_d0,1687.0,0.0,0.0,-1.0
m1_d0,1688.0,0.0,0.0,-1.0
m1_d0,1689.0,0.0,0.0,-1.0
m1_d0,1690.0,0.0,0.0,-1.0
m1_d0,1691.0,0.0,0.0,-1.0
m1_d0,1692.0,0.0,0.0,-1.0
m1_d0,1693.0,0.0,0.0,-1.0
m1_d0,1694.0,0.0,20.78,-1.0
m1_d0,1695.0,1.0,0.53,23.46
m1_d0,1696.0,0.0,0.0,-1.0
m1_d0,1697.0,0.0,0.0,-1.0
m1_d0,1698.0,1.0,17.48,28.6
m1_d0,1699.0,0.0,0.0,-1.0
m1_d0,1700.0,0.0,0.0,-1.0
m1_d0,1701.0,0.0,0.0,-1.0
m1_d0,1702.0,0.0,0.0,-1.0
m1_d0,1703.0,0.0,0.0,-1.0
m1_d0,1704.0,1.0,18.8,26.6
m1_d0,1705.0,0.0,0.0,-1.0
m1_d0,1706.0,0.0,0.0,-1.0
m1_d0,1707.0,0.0,0.0,-1.0
m1_d0,1708.0,1.0,15.13,33.04
m1_d0,1709.0,0.0,0.0,-1.0
m1_d0,1710.0,0.0,0.0,-1.0
m1_d0,1711.0,0.0,0.0,-1.0
m1_d0,1712.0,0.0,0.0,-1.0
m1_d0,1713.0,0.0,0.0,-1.0
m1_d0,1714.0,0.0,0.0,-1.0
m1_d0,1715.0,0.0,0.0,-1.0
m1_d0,1716.0,0.0,0.0,-1.0
m1_d0,1717.0,0.0,0.0,-1.0
m1_d0,1718.0,0.0,0.0,-1.0
m1_d0,1719.0,0.0,0.0,-1.0
m1_d0,1720.0,0.0,0.0,-1.0
m1_d0,1721.0,0.0,0.0,-1.0
m1_d0,1722.0,0.0,0.0,-1.0
m1_d0,1723.0,1.0,19.05,26.25
m1_d0,1724.0,0.0,0.0,-1.0
m1_d0,1725.0,0.0,0.0,-1.0
m1_d0,1726.0,0.0,0.0,-1.0
m1_d0,1727.0,1.0,18.09,27.64
m1_d0,1728.0,0.0,0.0,-1.0
m1_d0,1729.0,0.0,0.0,-1.0
m1_d0,1730.0,0.0,0.0,-1.0
m1_d0,1731.0,0.0,0.0,-1.0
m1_d0,1732.0,0.0,0.0,-1.0
m1_d0,1733.0,1.0,15.19,32.92
m1_d0,1734.0,0.0,0.0,-1.0
m1_d0,1735.0,0.0,0.0,-1.0
m1_d0,1736.0,0.0,0.0,-1.0
m1_d0,1737.0,0.0,0.0,-1.0
m1_d0,1738.0,0.0,0.0,-1.0
m1_d0,1739.0,0.0,0.0,-1.0
m1_d0,1740.0,0.0,0.0,-1.0
m1_d0,1741.0,0.0,0.0,-1.0
m1_d0,1742.0,0.0,0.0,-1.0
m1_d0,1743.0,1.0,19.09,26.19
m1_d0,1744.0,0.0,0.0,-1.0
m1_d0,1745.0,0.0,0.0,-1.0
m1_d0,1746.0,0.0,0.0,-1.0
m1_d0,1747.0,0.0,0.0,-1.0
m1_d0,1748.0,1.0,19.18,26.06
m1_d0,1749.0,0.0,0.0,-1.0
m1_d0,1750.0,0.0,0.0,-1.0
m1_d0,1751.0,0.0,0.0,-1.0
m1_d0,1752.0,0.0,0.0,-1.0
m1_d0,1753.0,0.0,0.0,-1.0
m1_d0,1754.0,0.0,0.0,-1.0
m1_d0,1755.0,0.0,0.0,-1.0
m1_d0,1756.0,0.0,0.0,-1.0
m1_d0,1757.0,0.0,0.0,-1.0
m1_d0,1758.0,0.0,0.0,-1.0
m1_d0,1759.0,0.0,0.0,-1.0
m1_d0,1760.0,0.0,0.0,-1.0
m1_d0,1761.0,0.0,0.0,-1.0
m1_d0,1762.0,0.0,0.0,-1.0
m1_d0,1763.0,0.0,0.0,-1.0
m1_d0,1764.0,1.0,20.31,24.62
m1_d0,1765.0,0.0,0.0,-1.0
m1_d0,1766.0,0.0,0.0,-1.0
m1_d0,1767.0,0.0,0.0,-1.0
m1_d0,1768.0,0.0,0.0,-1.0
m1_d0,1769.0,0.0,0.0,-1.0
m1_d0,1770.0,0.0,0.0,-1.0
m1_d0,1771.0,0.0,0.0,-1.0
m1_d0,1772.0,0.0,0.0,-1.0
m1_d0,1773.0,1.0,17.22,29.04
m1_d0,1774.0,0.0,0.0,-1.0
m1_d0,1775.0,0.0,0.0,-1.0
m1_d0,1776.0,0.0,0.0,-1.0
m1_d0,1777.0,0.0,0.0,-1.0
m1_d0,1778.0,0.0,0.0,-1.0
m1_d0,1779.0,0.0,0.0,-1.0
m1_d0,1780.0,0.0,0.0,-1.0
m1_d0,1781.0,0.0,8.43,-1.0
m1_d0,1782.0,1.0,9.27,28.25
m1_d0,1783.0,0.0,0.0,-1.0
m1_d0,1784.0,0.0,0.0,-1.0
m1_d0,1785.0,0.0,0.0,-1.0
m1_d0,1786.0,0.0,0.0,-1.0
m1_d0,1787.0,0.0,0.0,-1.0
m1_d0,1788.0,0.0,12.72,-1.0
m1_d0,1789.0,1.0,3.38,31.04
m1_d0,1790.0,0.0,0.0,-1.0
m1_d0,1791.0,0.0,0.0,-1.0
m1_d0,1792.0,0.0,0.0,-1.0
m1_d0,1793.0,0.0,0.0,-1.0
m1_d0,1794.0,0.0,0.0,-1.0
m1_d0,1795.0,0.0,0.0,-1.0
m1_d0,1796.0,0.0,0.0,-1.0
m1_d0,1797.0,0.0,0.0,-1.0
m1_d0,1798.0,0.0,0.0,-1.0
m1_d0,1799.0,0.0,0.0,-1.0
m1_d0,1800.0,0.0,0.0,-1.0
m1_d0,1801.0,0.0,0.0,-1.0
m1_d0,1802.0,0.0,0.0,-1.0
m1_d0,1803.0,0.0,0.0,-1.0
m1_d0,1804.0,0.0,0.0,-1.0
m1_d0,1805.0,0.0,0.0,-1.0
m1_d0,1806.0,0.0,0.0,-1.0
m1_d0,1807.0,0.0,0.0,-1.0
m1_d0,1808.0,0.0,0.0,-1.0
m1_d0,1809.0,0.0,0.0,-1.0
m1_d0,1810.0,0.0,0.0,-1.0
m1_d0,1811.0,0.0,0.0,-1.0
m1_d0,1812.0,1.0,20.87,23.96
m1_d0,1813.0,0.0,0.0,-1.0
m1_d0,1814.0,0.0,10.19,-1.0
m1_d0,1815.0,1.0,10.03,24.74
m1_d0,1816.0,0.0,0.0,-1.0
m1_d0,1817.0,0.0,0.0,-1.0
m1_d0,1818.0,0.0,0.0,-1.0
m1_d0,1819.0,0.0,0.0,-1.0
m1_d0,1820.0,0.0,0.0,-1.0
m1_d0,1821.0,0.0,0.0,-1.0
m1_d0,1822.0,0.0,0.0,-1.0
m1_d0,1823.0,0.0,0.0,-1.0
m1_d0,1824.0,0.0,0.0,-1.0
m1_d0,1825.0,0.0,0.0,-1.0
m1_d0,1826.0,0.0,0.0,-1.0
m1_d0,1827.0,0.0,0.0,-1.0
m1_d0,1828.0,0.0,0.0,-1.0
m1_d0,1829.0,0.0,0.0,-1.0
m1_d0,1830.0,1.0,17.03,29.35
m1_d0,1831.0,0.0,0.0,-1.0
m1_d0,1832.0,0.0,0.0,-1.0
m1_d0,1833.0,0.0,0.0,-1.0
m1_d0,1834.0,0.0,8.99,-1.0
m1_d0,1835.0,1.0,12.5,23.27
m1_d0,1836.0,0.0,0.0,-1.0
m1_d0,1837.0,0.0,0.0,-1.0
m1_d0,1838.0,0.0,0.0,-1.0
m1_d0,1839.0,0.0,0.0,-1.0
m1_d0,1840.0,0.0,0.0,-1.0
m1_d0,1841.0,0.0,0.0,-1.0
m1_d0,1842.0,0.0,0.0,-1.0
m1_d0,1843.0,0.0,0.0,-1.0
m1_d0,1844.0,0.0,0.0,-1.0
m1_d0,1845.0,1.0,17.55,28.49
m1_d0,1846.0,0.0,0.0,-1.0
m1_d0,1847.0,0.0,0.0,-1.0
m1_d0,1848.0,0.0,0.0,-1.0
m1_d0,1849.0,0.0,0.0,-1.0
m1_d0,1850.0,0.0,0.0,-1.0
m1_d0,1851.0,0.0,0.0,-1.0
m1_d0,1852.0,0.0,0.0,-1.0
m1_d0,1853.0,1.0,17.4,28.73
m1_d0,1854.0,0.0,0.0,-1.0
m1_d0,1855.0,0.0,0.0,-1.0
m1_d0,1856.0,0.0,0.0,-1.0
m1_d0,1857.0,0.0,0.0,-1.0
m1_d0,1858.0,0.0,0.0,-1.0
m1_d0,1859.0,0.0,0.0,-1.0
m1_d0,1860.0,0.0,0.0,-1.0
m1_d0,1861.0,0.0,0.0,-1.0
m1_d0,1862.0,0.0,0.0,-1.0
m1_d0,1863.0,0.0,0.0,-1.0
m1_d0,1864.0,1.0,17.88,27.97
m1_d0,1865.0,0.0,0.0,-1.0
m1_d0,1866.0,0.0,0.0,-1.0
m1_d0,1867.0,0.0,0.0,-1.0
m1_d0,1868.0,0.0,0.0,-1.0
m1_d0,1869.0,0.0,0.0,-1.0
m1_d0,1870.0,0.0,0.0,-1.0
m1_d0,1871.0,1.0,17.54,28.5
m1_d0,1872.0,0.0,0.0,-1.0
m1_d0,1873.0,1.0,15.2,32.89
m1_d0,1874.0,0.0,0.0,-1.0
m1_d0,1875.0,0.0,0.0,-1.0
m1_d0,1876.0,0.0,0.0,-1.0
m1_d0,1877.0,1.0,15.1,33.12
m1_d0,1878.0,0.0,0.0,-1.0
m1_d0,1879.0,0.0,0.0,-1.0
m1_d0,1880.0,0.0,0.0,-1.0
m1_d0,1881.0,0.0,0.0,-1.0
m1_d0,1882.0,0.0,0.0,-1.0
m1_d0,1883.0,0.0,0.0,-1.0
m1_d0,1884.0,1.0,17.37,28.78
m1_d0,1885.0,0.0,0.0,-1.0
m1_d0,1886.0,0.0,0.0,-1.0
m1_d0,1887.0,0.0,0.0,-1.0
m1_d0,1888.0,0.0,0.0,-1.0
m1_d0,1889.0,0.0,0.0,-1.0
m1_d0,1890.0,0.0,0.0,-1.0
m1_d0,1891.0,0.0,0.0,-1.0
m1_d0,1892.0,1.0,17.3,28.9
m1_d0,1893.0,0.0,0.0,-1.0
m1_d0,1894.0,0.0,0.0,-1.0
m1_d0,1895.0,0.0,0.0,-1.0
m1_d0,1896.0,0.0,0.0,-1.0
m1_d0,1897.0,1.0,14.68,34.07
m1_d0,1898.0,0.0,0.0,-1.0
m1_d0,1899.0,0.0,0.0,-1.0
m1_d0,1900.0,0.0,0.0,-1.0
m1_d0,1901.0,0.0,0.0,-1.0
m1_d0,1902.0,0.0,0.0,-1.0
m1_d0,1903.0,0.0,0.0,-1.0
m1_d0,1904.0,1.0,14.09,35.49
m1_d0,1905.0,0.0,0.0,-1.0
m1_d0,1906.0,0.0,0.0,-1.0
m1_d0,1907.0,0.0,0.0,-1.0
m1_d0,1908.0,0.0,0.0,-1.0
m1_d0,1909.0,0.0,0.0,-1.0
m1_d0,1910.0,0.0,0.0,-1.0
m1_d0,1911.0,1.0,15.93,31.4
m1_d0,1912.0,0.0,0.0,-1.0
m1_d0,1913.0,0.0,0.0,-1.0
m1_d0,1914.0,0.0,0.0,-1.0
m1_d0,1915.0,0.0,0.0,-1.0
m1_d0,1916.0,0.0,0.0,-1.0
m1_d0,1917.0,0.0,0.0,-1.0
m1_d0,1918.0,0.0,0.0,-1.0
m1_d0,1919.0,0.0,0.0,-1.0
m1_d0,1920.0,0.0,0.0,-1.0
m1_d0,1921.0,0.0,0.0,-1.0
m1_d0,1922.0,0.0,0.0,-1.0
m1_d0,1923.0,1.0,20.35,24.57
m1_d0,1924.0,0.0,0.0,-1.0
m1_d0,1925.0,0.0,0.0,-1.0
m1_d0,1926.0,0.0,0.0,-1.0
m1_d0,1927.0,1.0,20.82,24.02
m1_d0,1928.0,0.0,0.0,-1.0
m1_d0,1929.0,0.0,0.0,-1.0
m1_d0,1930.0,0.0,0.0,-1.0
m1_d0,1931.0,0.0,0.0,-1.0
m1_d0,1932.0,0.0,0.0,-1.0
m1_d0,1933.0,1.0,18.15,27.54
m1_d0,1934.0,0.0,0.0,-1.0
m1_d0,1935.0,0.0,0.0,-1.0
m1_d0,1936.0,0.0,0.0,-1.0
m1_d0,1937.0,0.0,0.0,-1.0
m1_d0,1938.0,0.0,0.0,-1.0
m1_d0,1939.0,0.0,8.48,-1.0
m1_d0,1940.0,1.0,9.39,27.99
m1_d0,1941.0,0.0,0.0,-1.0
m1_d0,1942.0,0.0,0.0,-1.0
m1_d0,1943.0,0.0,0.0,-1.0
m1_d0,1944.0,0.0,0.0,-1.0
m1_d0,1945.0,0.0,0.0,-1.0
m1_d0,1946.0,0.0,0.0,-1.0
m1_d0,1947.0,0.0,0.0,-1.0
m1_d0,1948.0,0.0,0.0,-1.0
m1_d0,1949.0,0.0,0.0,-1.0
m1_d0,1950.0,1.0,17.72,28.21
m1_d0,1951.0,0.0,0.0,-1.0
m1_d0,1952.0,0.0,0.0,-1.0
m1_d0,1953.0,0.0,0.0,-1.0
m1_d0,1954.0,0.0,0.0,-1.0
m1_d0,1955.0,1.0,16.57,30.17
m1_d0,1956.0,0.0,0.0,-1.0
m1_d0,1957.0,0.0,0.0,-1.0
m1_d0,1958.0,0.0,0.0,-1.0
m1_d0,1959.0,0.0,0.0,-1.0
m1_d0,1960.0,0.0,0.0,-1.0
m1_d0,1961.0,0.0,9.67,-1.0
m1_d0,1962.0,1.0,6.35,31.22
m1_d0,1963.0,0.0,0.0,-1.0
m1_d0,1964.0,0.0,0.0,-1.0
m1_d0,1965.0,0.0,0.0,-1.0
m1_d0,1966.0,0.0,0.0,-1.0
m1_d0,1967.0,0.0,0.0,-1.0
m1_d0,1968.0,0.0,0.0,-1.0
m1_d0,1969.0,0.0,7.81,-1.0
m1_d0,1970.0,1.0,8.72,30.25
m1_d0,1971.0,0.0,0.0,-1.0
m1_d0,1972.0,0.0,0.0,-1.0
m1_d0,1973.0,0.0,0.0,-1.0
m1_d0,1974.0,0.0,0.0,-1.0
m1_d0,1975.0,0.0,0.0,-1.0
m1_d0,1976.0,0.0,0.0,-1.0
m1_d0,1977.0,1.0,18.68,26.77
m1_d0,1978.0,0.0,0.0,-1.0
m1_d0,1979.0,0.0,0.0,-1.0
m1_d0,1980.0,0.0,0.0,-1.0
m1_d0,1981.0,0.0,0.0,-1.0
m1_d0,1982.0,0.0,0.0,-1.0
m1_d0,1983.0,0.0,0.0,-1.0
m1_d0,1984.0,0.0,0.0,-1.0
m1_d0,1985.0,0.0,0.0,-1.0
m1_d0,1986.0,0.0,13.76,-1.0
m1_d0,1987.0,1.0,6.0,25.3
m1_d0,1988.0,0.0,0.0,-1.0
m1_d0,1989.0,0.0,0.0,-1.0
m1_d0,1990.0,0.0,0.0,-1.0
m1_d0,1991.0,0.0,0.0,-1.0
m1_d0,1992.0,0.0,0.0,-1.0
m1_d0,1993.0,1.0,17.62,28.38
m1_d0,1994.0,0.0,0.0,-1.0
m1_d0,1995.0,0.0,0.0,-1.0
m1_d0,1996.0,0.0,0.0,-1.0
m1_d0,1997.0,0.0,0.0,-1.0
m1_d0,1998.0,0.0,0.0,-1.0
m1_d0,1999.0,1.0,16.99,29.43
m1_d1,0.0,0.0,0.0,-1.0
m1_d1,1.0,0.0,0.0,-1.0
m1_d1,2.0,0.0,0.0,-1.0
m1_d1,3.0,0.0,0.0,-1.0
m1_d1,4.0,0.0,0.0,-1.0
m1_d1,5.0,0.0,0.0,-1.0
m1_d1,6.0,0.0,0.0,-1.0
m1_d1,7.0,0.0,0.0,-1.0
m1_d1,8.0,0.0,0.0,-1.0
m1_d1,9.0,0.0,0.0,-1.0
m1_d1,10.0,0.0,0.0,-1.0
m1_d1,11.0,0.0,0.0,-1.0
m1_d1,12.0,0.0,0.0,-1.0
m1_d1,13.0,0.0,0.0,-1.0
m1_d1,14.0,0.0,0.0,-1.0
m1_d1,15.0,0.0,0.0,-1.0
m1_d1,16.0,0.0,0.0,-1.0
m1_d1,17.0,0.0,0.0,-1.0
m1_d1,18.0,0.0,0.0,-1.0
m1_d1,19.0,0.0,0.0,-1.0
m1_d1,20.0,0.0,0.0,-1.0
m1_d1,21.0,0.0,0.0,-1.0
m1_d1,22.0,0.0,0.0,-1.0
m1_d1,23.0,0.0,0.0,-1.0
m1_d1,24.0,0.0,0.0,-1.0
m1_d1,25.0,0.0,0.0,-1.0
m1_d1,26.0,0.0,0.0,-1.0
m1_d1,27.0,0.0,0.0,-1.0
m1_d1,28.0,0.0,0.0,-1.0
m1_d1,29.0,0.0,0.0,-1.0
m1_d1,30.0,0.0,0.0,-1.0
m1_d1,31.0,0.0,0.0,-1.0
m1_d1,32.0,1.0,13.09,38.2
m1_d1,33.0,0.0,0.0,-1.0
m1_d1,34.0,0.0,0.0,-1.0
m1_d1,35.0,0.0,0.0,-1.0
m1_d1,36.0,0.0,0.0,-1.0
m1_d1,37.0,0.0,0.0,-1.0
m1_d1,38.0,0.0,0.0,-1.0
m1_d1,39.0,0.0,0.0,-1.0
m1_d1,40.0,0.0,0.0,-1.0
m1_d1,41.0,0.0,0.0,-1.0
m1_d1,42.0,0.0,0.0,-1.0
m1_d1,43.0,0.0,0.0,-1.0
m1_d1,44.0,0.0,0.0,-1.0
m1_d1,45.0,0.0,0.0,-1.0
m1_d1,46.0,1.0,12.72,39.29
m1_d1,47.0,0.0,0.0,-1.0
m1_d1,48.0,0.0,0.0,-1.0
m1_d1,49.0,0.0,0.0,-1.0
m1_d1,50.0,0.0,0.0,-1.0
m1_d1,51.0,0.0,0.0,-1.0
m1_d1,52.0,1.0,12.26,40.8
m1_d1,53.0,0.0,0.0,-1.0
m1_d1,54.0,1.0,13.82,36.19
m1_d1,55.0,0.0,0.0,-1.0
m1_d1,56.0,0.0,0.0,-1.0
m1_d1,57.0,0.0,0.0,-1.0
m1_d1,58.0,0.0,0.0,-1.0
m1_d1,59.0,0.0,0.0,-1.0
m1_d1,60.0,0.0,0.0,-1.0
m1_d1,61.0,0.0,0.0,-1.0
m1_d1,62.0,0.0,0.0,-1.0
m1_d1,63.0,0.0,0.0,-1.0
m1_d1,64.0,0.0,0.0,-1.0
m1_d1,65.0,0.0,0.0,-1.0
m1_d1,66.0,0.0,0.0,-1.0
m1_d1,67.0,0.0,0.0,-1.0
m1_d1,68.0,0.0,0.0,-1.0
m1_d1,69.0,0.0,0.0,-1.0
m1_d1,70.0,0.0,0.0,-1.0
m1_d1,71.0,0.0,0.0,-1.0
m1_d1,72.0,0.0,0.0,-1.0
m1_d1,73.0,1.0,17.38,28.77
m1_d1,74.0,1.0,17.3,28.9
m1_d1,75.0,0.0,0.0,-1.0
m1_d1,76.0,0.0,0.0,-1.0
m1_d1,77.0,0.0,0.0,-1.0
m1_d1,78.0,0.0,0.0,-1.0
m1_d1,79.0,0.0,0.0,-1.0
m1_d1,80.0,0.0,0.0,-1.0
m1_d1,81.0,0.0,0.0,-1.0
m1_d1,82.0,0.0,0.0,-1.0
m1_d1,83.0,0.0,0.0,-1.0
m1_d1,84.0,0.0,0.0,-1.0
m1_d1,85.0,0.0,0.0,-1.0
m1_d1,86.0,0.0,0.0,-1.0
m1_d1,87.0,0.0,0.0,-1.0
m1_d1,88.0,0.0,0.0,-1.0
m1_d1,89.0,0.0,0.0,-1.0
m1_d1,90.0,1.0,16.87,29.64
m1_d1,91.0,0.0,0.0,-1.0
m1_d1,92.0,0.0,0.0,-1.0
m1_d1,93.0,1.0,15.03,33.27
m1_d1,94.0,0.0,0.0,-1.0
m1_d1,95.0,0.0,0.0,-1.0
m1_d1,96.0,1.0,14.52,34.44
m1_d1,97.0,0.0,0.0,-1.0
m1_d1,98.0,0.0,0.0,-1.0
m1_d1,99.0,0.0,0.0,-1.0
m1_d1,100.0,0.0,0.0,-1.0
m1_d1,101.0,0.0,0.0,-1.0
m1_d1,102.0,1.0,63.34,7.89
m1_d1,103.0,0.0,0.0,-1.0
m1_d1,104.0,0.0,0.0,-1.0
m1_d1,105.0,0.0,0.0,-1.0
m1_d1,106.0,1.0,14.38,34.77
m1_d1,107.0,0.0,0.0,-1.0
m1_d1,108.0,1.0,13.89,36.01
m1_d1,109.0,0.0,0.0,-1.0
m1_d1,110.0,0.0,0.0,-1.0
m1_d1,111.0,0.0,0.0,-1.0
m1_d1,112.0,0.0,0.0,-1.0
m1_d1,113.0,0.0,0.0,-1.0
m1_d1,114.0,1.0,12.76,39.18
m1_d1,115.0,0.0,0.0,-1.0
m1_d1,116.0,0.0,0.0,-1.0
m1_d1,117.0,0.0,0.0,-1.0
m1_d1,118.0,0.0,0.0,-1.0
m1_d1,119.0,0.0,0.0,-1.0
m1_d1,120.0,0.0,0.0,-1.0
m1_d1,121.0,0.0,0.0,-1.0
m1_d1,122.0,0.0,0.0,-1.0
m1_d1,123.0,0.0,0.0,-1.0
m1_d1,124.0,0.0,0.0,-1.0
m1_d1,125.0,0.0,0.0,-1.0
m1_d1,126.0,0.0,0.0,-1.0
m1_d1,127.0,0.0,0.0,-1.0
m1_d1,128.0,0.0,0.0,-1.0
m1_d1,129.0,0.0,0.0,-1.0
m1_d1,130.0,0.0,0.0,-1.0
m1_d1,131.0,0.0,0.0,-1.0
m1_d1,132.0,1.0,14.67,34.08
m1_d1,133.0,1.0,14.43,34.64
m1_d1,134.0,0.0,0.0,-1.0
m1_d1,135.0,0.0,0.0,-1.0
m1_d1,136.0,0.0,0.0,-1.0
m1_d1,137.0,0.0,0.0,-1.0
m1_d1,138.0,0.0,0.0,-1.0
m1_d1,139.0,0.0,0.0,-1.0
m1_d1,140.0,0.0,0.0,-1.0
m1_d1,141.0,1.0,15.38,32.52
m1_d1,142.0,0.0,0.0,-1.0
m1_d1,143.0,0.0,0.0,-1.0
m1_d1,144.0,0.0,0.0,-1.0
m1_d1,145.0,0.0,0.0,-1.0
m1_d1,146.0,0.0,4.55,-1.0
m1_d1,147.0,1.0,9.83,34.78
m1_d1,148.0,0.0,0.0,-1.0
m1_d1,149.0,0.0,0.0,-1.0
m1_d1,150.0,0.0,0.0,-1.0
m1_d1,151.0,0.0,0.0,-1.0
m1_d1,152.0,0.0,0.0,-1.0
m1_d1,153.0,1.0,16.3,30.67
m1_d1,154.0,1.0,16.24,30.79
m1_d1,155.0,0.0,0.0,-1.0
m1_d1,156.0,0.0,0.0,-1.0
m1_d1,157.0,0.0,0.0,-1.0
m1_d1,158.0,0.0,0.0,-1.0
m1_d1,159.0,0.0,0.0,-1.0
m1_d1,160.0,0.0,0.0,-1.0
m1_d1,161.0,0.0,0.0,-1.0
m1_d1,162.0,0.0,0.0,-1.0
m1_d1,163.0,0.0,0.0,-1.0
m1_d1,164.0,0.0,0.0,-1.0
m1_d1,165.0,0.0,0.0,-1.0
m1_d1,166.0,0.0,0.0,-1.0
m1_d1,167.0,0.0,0.0,-1.0
m1_d1,168.0,0.0,0.0,-1.0
m1_d1,169.0,0.0,0.0,-1.0
m1_d1,170.0,0.0,0.0,-1.0
m1_d1,171.0,0.0,0.0,-1.0
m1_d1,172.0,0.0,0.0,-1.0
m1_d1,173.0,0.0,0.0,-1.0
m1_d1,174.0,0.0,0.0,-1.0
m1_d1,175.0,1.0,18.29,27.33
m1_d1,176.0,1.0,18.16,27.53
m1_d1,177.0,0.0,0.0,-1.0
m1_d1,178.0,1.0,18.3,27.32
m1_d1,179.0,0.0,0.0,-1.0
m1_d1,180.0,0.0,0.0,-1.0
m1_d1,181.0,1.0,14.8,33.77
m1_d1,182.0,0.0,0.0,-1.0
m1_d1,183.0,0.0,0.0,-1.0
m1_d1,184.0,0.0,0.0,-1.0
m1_d1,185.0,0.0,0.0,-1.0
m1_d1,186.0,0.0,0.0,-1.0
m1_d1,187.0,0.0,0.0,-1.0
m1_d1,188.0,0.0,0.0,-1.0
m1_d1,189.0,1.0,14.12,35.42
m1_d1,190.0,0.0,0.0,-1.0
m1_d1,191.0,0.0,0.0,-1.0
m1_d1,192.0,0.0,0.0,-1.0
m1_d1,193.0,0.0,0.0,-1.0
m1_d1,194.0,1.0,12.98,38.53
m1_d1,195.0,0.0,0.0,-1.0
m1_d1,196.0,0.0,0.0,-1.0
m1_d1,197.0,0.0,0.0,-1.0
m1_d1,198.0,0.0,0.0,-1.0
m1_d1,199.0,0.0,0.0,-1.0
m1_d1,200.0,0.0,0.0,-1.0
m1_d1,201.0,0.0,0.0,-1.0
m1_d1,202.0,0.0,0.0,-1.0
m1_d1,203.0,0.0,0.0,-1.0
m1_d1,204.0,0.0,0.0,-1.0
m1_d1,205.0,0.0,0.0,-1.0
m1_d1,206.0,0.0,0.0,-1.0
m1_d1,207.0,0.0,0.0,-1.0
m1_d1,208.0,0.0,0.0,-1.0
m1_d1,209.0,0.0,0.0,-1.0
m1_d1,210.0,0.0,0.0,-1.0
m1_d1,211.0,0.0,0.0,-1.0
m1_d1,212.0,0.0,0.0,-1.0
m1_d1,213.0,0.0,0.0,-1.0
m1_d1,214.0,0.0,0.0,-1.0
m1_d1,215.0,0.0,0.0,-1.0
m1_d1,216.0,0.0,0.0,-1.0
m1_d1,217.0,0.0,0.0,-1.0
m1_d1,218.0,0.0,0.0,-1.0
m1_d1,219.0,0.0,0.0,-1.0
m1_d1,220.0,0.0,0.0,-1.0
m1_d1,221.0,0.0,0.0,-1.0
m1_d1,222.0,0.0,0.0,-1.0
m1_d1,223.0,0.0,0.0,-1.0
m1_d1,224.0,0.0,0.0,-1.0
m1_d1,225.0,0.0,0.0,-1.0
m1_d1,226.0,0.0,0.0,-1.0
m1_d1,227.0,0.0,0.0,-1.0
m1_d1,228.0,0.0,0.0,-1.0
m1_d1,229.0,0.0,0.0,-1.0
m1_d1,230.0,0.0,0.0,-1.0
m1_d1,231.0,1.0,13.64,36.66
m1_d1,232.0,0.0,0.0,-1.0
m1_d1,233.0,0.0,0.0,-1.0
m1_d1,234.0,0.0,0.0,-1.0
m1_d1,235.0,0.0,1.73,-1.0
m1_d1,236.0,1.0,10.57,40.66
m1_d1,237.0,1.0,14.79,33.81
m1_d1,238.0,0.0,0.0,-1.0
m1_d1,239.0,0.0,0.0,-1.0
m1_d1,240.0,1.0,12.76,39.17
m1_d1,241.0,0.0,0.0,-1.0
m1_d1,242.0,0.0,0.0,-1.0
m1_d1,243.0,0.0,0.0,-1.0
m1_d1,244.0,0.0,0.0,-1.0
m1_d1,245.0,0.0,0.0,-1.0
m1_d1,246.0,0.0,0.0,-1.0
m1_d1,247.0,0.0,0.0,-1.0
m1_d1,248.0,0.0,0.0,-1.0
m1_d1,249.0,0.0,0.0,-1.0
m1_d1,250.0,0.0,0.0,-1.0
m1_d1,251.0,0.0,0.0,-1.0
m1_d1,252.0,0.0,0.0,-1.0
m1_d1,253.0,0.0,0.0,-1.0
m1_d1,254.0,0.0,0.0,-1.0
m1_d1,255.0,0.0,0.0,-1.0
m1_d1,256.0,1.0,13.32,37.53
m1_d1,257.0,0.0,0.0,-1.0
m1_d1,258.0,0.0,0.0,-1.0
m1_d1,259.0,0.0,0.0,-1.0
m1_d1,260.0,0.0,0.0,-1.0
m1_d1,261.0,1.0,14.12,35.41
m1_d1,262.0,0.0,0.0,-1.0
m1_d1,263.0,1.0,13.38,37.38
m1_d1,264.0,0.0,0.0,-1.0
m1_d1,265.0,0.0,0.0,-1.0
m1_d1,266.0,0.0,0.0,-1.0
m1_d1,267.0,0.0,0.0,-1.0
m1_d1,268.0,0.0,0.0,-1.0
m1_d1,269.0,0.0,0.0,-1.0
m1_d1,270.0,0.0,0.0,-1.0
m1_d1,271.0,0.0,0.0,-1.0
m1_d1,272.0,0.0,0.0,-1.0
m1_d1,273.0,0.0,0.0,-1.0
m1_d1,274.0,0.0,0.0,-1.0
m1_d1,275.0,0.0,0.0,-1.0
m1_d1,276.0,0.0,0.0,-1.0
m1_d1,277.0,1.0,14.84,33.69
m1_d1,278.0,1.0,14.65,34.12
m1_d1,279.0,0.0,0.0,-1.0
m1_d1,280.0,0.0,0.0,-1.0
m1_d1,281.0,0.0,0.0,-1.0
m1_d1,282.0,0.0,0.0,-1.0
m1_d1,283.0,0.0,0.0,-1.0
m1_d1,284.0,1.0,14.9,33.56
m1_d1,285.0,0.0,0.0,-1.0
m1_d1,286.0,0.0,0.0,-1.0
m1_d1,287.0,0.0,0.0,-1.0
m1_d1,288.0,0.0,0.0,-1.0
m1_d1,289.0,0.0,0.0,-1.0
m1_d1,290.0,1.0,12.57,39.79
m1_d1,291.0,0.0,0.0,-1.0
m1_d1,292.0,0.0,0.0,-1.0
m1_d1,293.0,0.0,0.0,-1.0
m1_d1,294.0,0.0,0.0,-1.0
m1_d1,295.0,0.0,0.0,-1.0
m1_d1,296.0,0.0,0.0,-1.0
m1_d1,297.0,0.0,0.0,-1.0
m1_d1,298.0,0.0,0.0,-1.0
m1_d1,299.0,1.0,13.42,37.26
m1_d1,300.0,0.0,0.0,-1.0
m1_d1,301.0,1.0,13.06,38.28
m1_d1,302.0,0.0,0.0,-1.0
m1_d1,303.0,0.0,0.0,-1.0
m1_d1,304.0,0.0,0.0,-1.0
m1_d1,305.0,0.0,0.0,-1.0
m1_d1,306.0,0.0,0.0,-1.0
m1_d1,307.0,0.0,0.0,-1.0
m1_d1,308.0,0.0,0.0,-1.0
m1_d1,309.0,0.0,1.57,-1.0
m1_d1,310.0,1.0,11.78,37.45
m1_d1,311.0,0.0,0.0,-1.0
m1_d1,312.0,0.0,0.0,-1.0
m1_d1,313.0,0.0,0.0,-1.0
m1_d1,314.0,0.0,0.0,-1.0
m1_d1,315.0,0.0,0.0,-1.0
m1_d1,316.0,0.0,0.0,-1.0
m1_d1,317.0,0.0,0.0,-1.0
m1_d1,318.0,0.0,0.0,-1.0
m1_d1,319.0,0.0,0.0,-1.0
m1_d1,320.0,1.0,14.77,33.85
m1_d1,321.0,1.0,14.64,34.16
m1_d1,322.0,0.0,0.0,-1.0
m1_d1,323.0,0.0,0.0,-1.0
m1_d1,324.0,0.0,0.0,-1.0
m1_d1,325.0,0.0,0.0,-1.0
m1_d1,326.0,0.0,0.0,-1.0
m1_d1,327.0,0.0,0.0,-1.0
m1_d1,328.0,0.0,0.0,-1.0
m1_d1,329.0,0.0,0.0,-1.0
m1_d1,330.0,0.0,0.0,-1.0
m1_d1,331.0,0.0,0.0,-1.0
m1_d1,332.0,0.0,0.0,-1.0
m1_d1,333.0,1.0,12.29,40.68
m1_d1,334.0,0.0,0.0,-1.0
m1_d1,335.0,0.0,0.0,-1.0
m1_d1,336.0,0.0,0.0,-1.0
m1_d1,337.0,0.0,0.0,-1.0
m1_d1,338.0,0.0,0.0,-1.0
m1_d1,339.0,0.0,0.0,-1.0
m1_d1,340.0,0.0,0.0,-1.0
m1_d1,341.0,0.0,0.0,-1.0
m1_d1,342.0,0.0,0.0,-1.0
m1_d1,343.0,0.0,0.0,-1.0
m1_d1,344.0,0.0,0.0,-1.0
m1_d1,345.0,1.0,15.0,33.33
m1_d1,346.0,0.0,0.0,-1.0
m1_d1,347.0,1.0,14.15,35.33
m1_d1,348.0,0.0,0.0,-1.0
m1_d1,349.0,0.0,0.0,-1.0
m1_d1,350.0,0.0,0.0,-1.0
m1_d1,351.0,0.0,0.0,-1.0
m1_d1,352.0,0.0,0.0,-1.0
m1_d1,353.0,0.0,0.0,-1.0
m1_d1,354.0,0.0,0.0,-1.0
m1_d1,355.0,1.0,16.55,30.22
m1_d1,356.0,0.0,0.09,-1.0
m1_d1,357.0,0.0,0.0,-1.0
m1_d1,358.0,1.0,12.7,39.37
m1_d1,359.0,0.0,0.0,-1.0
m1_d1,360.0,0.0,0.0,-1.0
m1_d1,361.0,0.0,0.0,-1.0
m1_d1,362.0,0.0,0.0,-1.0
m1_d1,363.0,1.0,13.13,38.08
m1_d1,364.0,0.0,0.0,-1.0
m1_d1,365.0,1.0,12.34,40.52
m1_d1,366.0,0.0,0.0,-1.0
m1_d1,367.0,0.0,0.0,-1.0
m1_d1,368.0,0.0,0.0,-1.0
m1_d1,369.0,0.0,0.0,-1.0
m1_d1,370.0,0.0,0.0,-1.0
m1_d1,371.0,0.0,0.0,-1.0
m1_d1,372.0,0.0,0.0,-1.0
m1_d1,373.0,0.0,0.0,-1.0
m1_d1,374.0,0.0,0.0,-1.0
m1_d1,375.0,0.0,0.0,-1.0
m1_d1,376.0,0.0,0.0,-1.0
m1_d1,377.0,0.0,0.0,-1.0
m1_d1,378.0,0.0,0.0,-1.0
m1_d1,379.0,1.0,12.6,39.69
m1_d1,380.0,0.0,0.0,-1.0
m1_d1,381.0,0.0,0.0,-1.0
m1_d1,382.0,0.0,0.0,-1.0
m1_d1,383.0,0.0,0.0,-1.0
m1_d1,384.0,0.0,0.0,-1.0
m1_d1,385.0,0.0,0.0,-1.0
m1_d1,386.0,0.0,0.0,-1.0
m1_d1,387.0,0.0,0.0,-1.0
m1_d1,388.0,1.0,14.97,33.39
m1_d1,389.0,0.0,0.0,-1.0
m1_d1,390.0,0.0,0.0,-1.0
m1_d1,391.0,0.0,0.0,-1.0
m1_d1,392.0,0.0,0.0,-1.0
m1_d1,393.0,0.0,0.0,-1.0
m1_d1,394.0,0.0,0.0,-1.0
m1_d1,395.0,0.0,0.0,-1.0
m1_d1,396.0,0.0,0.0,-1.0
m1_d1,397.0,0.0,0.0,-1.0
m1_d1,398.0,0.0,0.0,-1.0
m1_d1,399.0,0.0,0.0,-1.0
m1_d1,400.0,0.0,0.0,-1.0
m1_d1,401.0,0.0,0.0,-1.0
m1_d1,402.0,0.0,0.0,-1.0
m1_d1,403.0,0.0,0.0,-1.0
m1_d1,404.0,0.0,0.0,-1.0
m1_d1,405.0,0.0,0.0,-1.0
m1_d1,406.0,0.0,0.0,-1.0
m1_d1,407.0,0.0,0.0,-1.0
m1_d1,408.0,0.0,0.0,-1.0
m1_d1,409.0,1.0,16.76,29.83
m1_d1,410.0,0.0,0.0,-1.0
m1_d1,411.0,0.0,0.0,-1.0
m1_d1,412.0,1.0,14.31,34.94
m1_d1,413.0,0.0,0.0,-1.0
m1_d1,414.0,1.0,13.86,36.09
m1_d1,415.0,0.0,0.0,-1.0
m1_d1,416.0,1.0,12.51,39.97
m1_d1,417.0,0.0,0.0,-1.0
m1_d1,418.0,0.0,0.0,-1.0
m1_d1,419.0,0.0,0.0,-1.0
m1_d1,420.0,0.0,0.0,-1.0
m1_d1,421.0,0.0,0.0,-1.0
m1_d1,422.0,0.0,0.0,-1.0
m1_d1,423.0,0.0,0.0,-1.0
m1_d1,424.0,1.0,12.9,38.76
m1_d1,425.0,0.0,0.0,-1.0
m1_d1,426.0,0.0,0.0,-1.0
m1_d1,427.0,0.0,0.0,-1.0
m1_d1,428.0,0.0,0.0,-1.0
m1_d1,429.0,0.0,0.0,-1.0
m1_d1,430.0,0.0,0.0,-1.0
m1_d1,431.0,0.0,0.0,-1.0
m1_d1,432.0,0.0,0.0,-1.0
m1_d1,433.0,0.0,0.0,-1.0
m1_d1,434.0,0.0,0.0,-1.0
m1_d1,435.0,0.0,0.0,-1.0
m1_d1,436.0,0.0,0.0,-1.0
m1_d1,437.0,0.0,0.0,-1.0
m1_d1,438.0,1.0,16.16,30.94
m1_d1,439.0,0.0,0.0,-1.0
m1_d1,440.0,1.0,16.21,30.85
m1_d1,441.0,0.0,0.0,-1.0
m1_d1,442.0,1.0,15.47,32.31
m1_d1,443.0,0.0,5.06,-1.0
m1_d1,444.0,1.0,10.03,33.13
m1_d1,445.0,0.0,0.0,-1.0
m1_d1,446.0,1.0,14.25,35.09
m1_d1,447.0,0.0,0.0,-1.0
m1_d1,448.0,0.0,0.0,-1.0
m1_d1,449.0,1.0,13.49,37.05
m1_d1,450.0,0.0,0.0,-1.0
m1_d1,451.0,0.0,0.0,-1.0
m1_d1,452.0,0.0,0.0,-1.0
m1_d1,453.0,0.0,0.0,-1.0
m1_d1,454.0,0.0,0.0,-1.0
m1_d1,455.0,0.0,4.11,-1.0
m1_d1,456.0,1.0,10.03,35.36
m1_d1,457.0,1.0,14.0,35.7
m1_d1,458.0,0.0,0.0,-1.0
m1_d1,459.0,0.0,0.0,-1.0
m1_d1,460.0,0.0,0.0,-1.0
m1_d1,461.0,1.0,14.51,34.45
m1_d1,462.0,0.0,0.0,-1.0
m1_d1,463.0,0.0,0.0,-1.0
m1_d1,464.0,1.0,14.91,33.54
m1_d1,465.0,0.0,0.0,-1.0
m1_d1,466.0,0.0,0.0,-1.0
m1_d1,467.0,0.0,0.0,-1.0
m1_d1,468.0,0.0,0.0,-1.0
m1_d1,469.0,0.0,0.0,-1.0
m1_d1,470.0,1.0,15.79,31.66
m1_d1,471.0,0.0,0.0,-1.0
m1_d1,472.0,0.0,0.0,-1.0
m1_d1,473.0,1.0,13.45,37.18
m1_d1,474.0,0.0,0.0,-1.0
m1_d1,475.0,1.0,13.04,38.34
m1_d1,476.0,0.0,0.0,-1.0
m1_d1,477.0,0.0,0.0,-1.0
m1_d1,478.0,0.0,0.0,-1.0
m1_d1,479.0,0.0,0.0,-1.0
m1_d1,480.0,0.0,0.0,-1.0
m1_d1,481.0,0.0,0.0,-1.0
m1_d1,482.0,1.0,13.23,37.79
m1_d1,483.0,0.0,0.0,-1.0
m1_d1,484.0,0.0,0.0,-1.0
m1_d1,485.0,0.0,0.0,-1.0
m1_d1,486.0,0.0,0.0,-1.0
m1_d1,487.0,0.0,0.0,-1.0
m1_d1,488.0,1.0,13.51,37.0
m1_d1,489.0,0.0,0.0,-1.0
m1_d1,490.0,0.0,0.0,-1.0
m1_d1,491.0,1.0,15.18,32.94
m1_d1,492.0,0.0,3.86,-1.0
m1_d1,493.0,1.0,10.8,34.11
m1_d1,494.0,0.0,0.0,-1.0
m1_d1,495.0,0.0,0.0,-1.0
m1_d1,496.0,0.0,0.0,-1.0
m1_d1,497.0,0.0,6.24,-1.0
m1_d1,498.0,1.0,6.53,39.14
m1_d1,499.0,0.0,0.0,-1.0
m1_d1,500.0,0.0,0.0,-1.0
m1_d1,501.0,1.0,13.93,35.89
m1_d1,502.0,0.0,0.0,-1.0
m1_d1,503.0,0.0,0.0,-1.0
m1_d1,504.0,0.0,0.0,-1.0
m1_d1,505.0,0.0,0.0,-1.0
m1_d1,506.0,0.0,0.0,-1.0
m1_d1,507.0,0.0,0.0,-1.0
m1_d1,508.0,0.0,0.0,-1.0
m1_d1,509.0,0.0,0.0,-1.0
m1_d1,510.0,0.0,0.0,-1.0
m1_d1,511.0,0.0,0.0,-1.0
m1_d1,512.0,0.0,0.0,-1.0
m1_d1,513.0,1.0,16.7,29.94
m1_d1,514.0,0.0,0.0,-1.0
m1_d1,515.0,1.0,15.78,31.68
m1_d1,516.0,1.0,16.01,31.23
m1_d1,517.0,0.0,0.0,-1.0
m1_d1,518.0,0.0,0.0,-1.0
m1_d1,519.0,1.0,14.84,33.7
m1_d1,520.0,0.0,0.0,-1.0
m1_d1,521.0,0.0,0.0,-1.0
m1_d1,522.0,0.0,0.0,-1.0
m1_d1,523.0,0.0,0.0,-1.0
m1_d1,524.0,0.0,0.0,-1.0
m1_d1,525.0,0.0,0.0,-1.0
m1_d1,526.0,1.0,14.8,33.78
m1_d1,527.0,0.0,0.0,-1.0
m1_d1,528.0,0.0,0.0,-1.0
m1_d1,529.0,0.0,0.0,-1.0
m1_d1,530.0,1.0,14.03,35.63
m1_d1,531.0,1.0,13.93,35.88
m1_d1,532.0,0.0,0.0,-1.0
m1_d1,533.0,0.0,0.0,-1.0
m1_d1,534.0,0.0,0.0,-1.0
m1_d1,535.0,0.0,0.0,-1.0
m1_d1,536.0,0.0,0.0,-1.0
m1_d1,537.0,0.0,0.0,-1.0
m1_d1,538.0,0.0,0.0,-1.0
m1_d1,539.0,0.0,0.0,-1.0
m1_d1,540.0,0.0,0.0,-1.0
m1_d1,541.0,0.0,0.0,-1.0
m1_d1,542.0,0.0,0.49,-1.0
m1_d1,543.0,1.0,15.38,31.5
m1_d1,544.0,0.0,0.0,-1.0
m1_d1,545.0,0.0,0.0,-1.0
m1_d1,546.0,0.0,0.0,-1.0
m1_d1,547.0,0.0,0.0,-1.0
m1_d1,548.0,0.0,0.0,-1.0
m1_d1,549.0,1.0,16.4,30.49
m1_d1,550.0,1.0,16.35,30.58
m1_d1,551.0,1.0,16.19,30.88
m1_d1,552.0,0.0,0.0,-1.0
m1_d1,553.0,0.0,0.0,-1.0
m1_d1,554.0,0.0,0.0,-1.0
m1_d1,555.0,0.0,0.0,-1.0
m1_d1,556.0,0.0,0.0,-1.0
m1_d1,557.0,0.0,0.0,-1.0
m1_d1,558.0,1.0,16.31,30.65
m1_d1,559.0,0.0,0.0,-1.0
m1_d1,560.0,0.0,0.0,-1.0
m1_d1,561.0,0.0,0.0,-1.0
m1_d1,562.0,0.0,0.0,-1.0
m1_d1,563.0,0.0,0.0,-1.0
m1_d1,564.0,0.0,0.0,-1.0
m1_d1,565.0,1.0,15.99,31.26
m1_d1,566.0,0.0,0.0,-1.0
m1_d1,567.0,1.0,14.69,34.04
m1_d1,568.0,0.0,0.0,-1.0
m1_d1,569.0,0.0,0.0,-1.0
m1_d1,570.0,0.0,0.0,-1.0
m1_d1,571.0,0.0,0.0,-1.0
m1_d1,572.0,0.0,0.0,-1.0
m1_d1,573.0,0.0,0.0,-1.0
m1_d1,574.0,1.0,16.03,31.18
m1_d1,575.0,0.0,0.0,-1.0
m1_d1,576.0,0.0,0.0,-1.0
m1_d1,577.0,0.0,0.0,-1.0
m1_d1,578.0,0.0,0.0,-1.0
m1_d1,579.0,1.0,16.24,30.78
m1_d1,580.0,0.0,0.0,-1.0
m1_d1,581.0,1.0,15.91,31.42
m1_d1,582.0,1.0,16.02,31.2
m1_d1,583.0,0.0,0.0,-1.0
m1_d1,584.0,1.0,15.66,31.93
m1_d1,585.0,1.0,15.04,33.24
m1_d1,586.0,0.0,0.0,-1.0
m1_d1,587.0,1.0,13.98,35.76
m1_d1,588.0,0.0,0.0,-1.0
m1_d1,589.0,0.0,0.0,-1.0
m1_d1,590.0,0.0,0.0,-1.0
m1_d1,591.0,0.0,0.0,-1.0
m1_d1,592.0,0.0,0.0,-1.0
m1_d1,593.0,0.0,0.0,-1.0
m1_d1,594.0,0.0,0.0,-1.0
m1_d1,595.0,0.0,0.0,-1.0
m1_d1,596.0,0.0,0.0,-1.0
m1_d1,597.0,1.0,12.24,40.87
m1_d1,598.0,0.0,0.0,-1.0
m1_d1,599.0,1.0,13.81,36.21
m1_d1,600.0,0.0,0.0,-1.0
m1_d1,601.0,0.0,0.0,-1.0
m1_d1,602.0,0.0,0.0,-1.0
m1_d1,603.0,0.0,0.0,-1.0
m1_d1,604.0,0.0,0.0,-1.0
m1_d1,605.0,0.0,0.0,-1.0
m1_d1,606.0,0.0,0.0,-1.0
m1_d1,607.0,0.0,6.34,-1.0
m1_d1,608.0,1.0,9.27,32.03
m1_d1,609.0,1.0,15.56,32.14
m1_d1,610.0,0.0,0.0,-1.0
m1_d1,611.0,1.0,15.52,32.22
m1_d1,612.0,0.0,0.0,-1.0
m1_d1,613.0,0.0,0.0,-1.0
m1_d1,614.0,1.0,13.94,35.86
m1_d1,615.0,0.0,0.0,-1.0
m1_d1,616.0,0.0,0.0,-1.0
m1_d1,617.0,0.0,0.0,-1.0
m1_d1,618.0,0.0,0.0,-1.0
m1_d1,619.0,1.0,13.68,36.56
m1_d1,620.0,0.0,0.0,-1.0
m1_d1,621.0,0.0,0.0,-1.0
m1_d1,622.0,0.0,0.0,-1.0
m1_d1,623.0,0.0,0.0,-1.0
m1_d1,624.0,0.0,0.0,-1.0
m1_d1,625.0,0.0,0.0,-1.0
m1_d1,626.0,0.0,0.0,-1.0
m1_d1,627.0,0.0,0.0,-1.0
m1_d1,628.0,1.0,12.81,39.02
m1_d1,629.0,1.0,12.76,39.17
m1_d1,630.0,0.0,2.56,-1.0
m1_d1,631.0,1.0,10.16,39.32
m1_d1,632.0,0.0,0.0,-1.0
m1_d1,633.0,0.0,0.0,-1.0
m1_d1,634.0,0.0,2.06,-1.0
m1_d1,635.0,1.0,10.3,40.43
m1_d1,636.0,0.0,0.0,-1.0
m1_d1,637.0,0.0,0.0,-1.0
m1_d1,638.0,0.0,0.0,-1.0
m1_d1,639.0,0.0,0.0,-1.0
m1_d1,640.0,0.0,0.0,-1.0
m1_d1,641.0,0.0,0.0,-1.0
m1_d1,642.0,0.0,0.0,-1.0
m1_d1,643.0,0.0,0.0,-1.0
m1_d1,644.0,0.0,0.0,-1.0
m1_d1,645.0,0.0,0.0,-1.0
m1_d1,646.0,0.0,0.0,-1.0
m1_d1,647.0,0.0,0.0,-1.0
m1_d1,648.0,1.0,15.01,33.32
m1_d1,649.0,0.0,0.0,-1.0
m1_d1,650.0,0.0,0.0,-1.0
m1_d1,651.0,0.0,0.0,-1.0
m1_d1,652.0,1.0,15.01,33.32
m1_d1,653.0,1.0,16.77,29.82
m1_d1,654.0,0.0,0.0,-1.0
m1_d1,655.0,1.0,14.72,33.97
m1_d1,656.0,0.0,0.0,-1.0
m1_d1,657.0,0.0,0.0,-1.0
m1_d1,658.0,0.0,0.0,-1.0
m1_d1,659.0,1.0,14.91,33.54
m1_d1,660.0,0.0,0.0,-1.0
m1_d1,661.0,0.0,0.0,-1.0
m1_d1,662.0,0.0,0.0,-1.0
m1_d1,663.0,0.0,0.0,-1.0
m1_d1,664.0,0.0,2.51,-1.0
m1_d1,665.0,1.0,11.95,34.57
m1_d1,666.0,0.0,0.0,-1.0
m1_d1,667.0,0.0,0.0,-1.0
m1_d1,668.0,0.0,0.0,-1.0
m1_d1,669.0,1.0,16.47,30.37
m1_d1,670.0,1.0,16.51,30.28
m1_d1,671.0,1.0,16.18,30.9
m1_d1,672.0,0.0,0.0,-1.0
m1_d1,673.0,0.0,0.0,-1.0
m1_d1,674.0,1.0,13.97,35.8
m1_d1,675.0,0.0,11.0,-1.0
m1_d1,676.0,1.0,2.67,36.6
m1_d1,677.0,1.0,15.92,31.4
m1_d1,678.0,0.0,0.0,-1.0
m1_d1,679.0,0.0,0.0,-1.0
m1_d1,680.0,0.0,0.0,-1.0
m1_d1,681.0,0.0,0.0,-1.0
m1_d1,682.0,0.0,0.0,-1.0
m1_d1,683.0,0.0,0.0,-1.0
m1_d1,684.0,0.0,0.0,-1.0
m1_d1,685.0,0.0,0.0,-1.0
m1_d1,686.0,1.0,14.24,35.11
m1_d1,687.0,0.0,0.0,-1.0
m1_d1,688.0,0.0,0.0,-1.0
m1_d1,689.0,1.0,16.09,31.07
m1_d1,690.0,0.0,0.0,-1.0
m1_d1,691.0,0.0,0.0,-1.0
m1_d1,692.0,0.0,0.0,-1.0
m1_d1,693.0,1.0,12.92,38.69
m1_d1,694.0,0.0,0.0,-1.0
m1_d1,695.0,0.0,0.0,-1.0
m1_d1,696.0,0.0,0.0,-1.0
m1_d1,697.0,0.0,0.0,-1.0
m1_d1,698.0,0.0,0.0,-1.0
m1_d1,699.0,0.0,0.0,-1.0
m1_d1,700.0,0.0,0.0,-1.0
m1_d1,701.0,0.0,0.0,-1.0
m1_d1,702.0,0.0,0.0,-1.0
m1_d1,703.0,0.0,0.0,-1.0
m1_d1,704.0,0.0,0.0,-1.0
m1_d1,705.0,0.0,0.0,-1.0
m1_d1,706.0,1.0,15.35,32.56
m1_d1,707.0,1.0,15.43,32.4
m1_d1,708.0,0.0,0.0,-1.0
m1_d1,709.0,1.0,15.09,33.13
m1_d1,710.0,1.0,14.05,35.59
m1_d1,711.0,1.0,16.13,31.0
m1_d1,712.0,0.0,0.0,-1.0
m1_d1,713.0,0.0,0.0,-1.0
m1_d1,714.0,0.0,0.0,-1.0
m1_d1,715.0,0.0,0.0,-1.0
m1_d1,716.0,0.0,0.0,-1.0
m1_d1,717.0,0.0,0.0,-1.0
m1_d1,718.0,0.0,0.0,-1.0
m1_d1,719.0,1.0,14.62,34.19
m1_d1,720.0,1.0,14.54,34.39
m1_d1,721.0,0.0,0.0,-1.0
m1_d1,722.0,0.0,0.0,-1.0
m1_d1,723.0,1.0,13.1,38.17
m1_d1,724.0,0.0,0.0,-1.0
m1_d1,725.0,0.0,0.0,-1.0
m1_d1,726.0,0.0,0.0,-1.0
m1_d1,727.0,0.0,0.0,-1.0
m1_d1,728.0,0.0,0.0,-1.0
m1_d1,729.0,1.0,12.3,40.66
m1_d1,730.0,0.0,0.0,-1.0
m1_d1,731.0,0.0,0.0,-1.0
m1_d1,732.0,0.0,0.0,-1.0
m1_d1,733.0,0.0,0.0,-1.0
m1_d1,734.0,0.0,0.0,-1.0
m1_d1,735.0,0.0,0.0,-1.0
m1_d1,736.0,1.0,13.58,36.83
m1_d1,737.0,0.0,0.0,-1.0
m1_d1,738.0,0.0,0.0,-1.0
m1_d1,739.0,1.0,15.36,32.55
m1_d1,740.0,1.0,14.8,33.79
m1_d1,741.0,0.0,0.0,-1.0
m1_d1,742.0,1.0,14.77,33.84
m1_d1,743.0,0.0,0.0,-1.0
m1_d1,744.0,0.0,0.0,-1.0
m1_d1,745.0,1.0,12.22,40.93
m1_d1,746.0,0.0,0.0,-1.0
m1_d1,747.0,0.0,0.0,-1.0
m1_d1,748.0,0.0,0.0,-1.0
m1_d1,749.0,0.0,2.34,-1.0
m1_d1,750.0,1.0,10.03,40.41
m1_d1,751.0,0.0,0.0,-1.0
m1_d1,752.0,0.0,0.0,-1.0
m1_d1,753.0,0.0,0.0,-1.0
m1_d1,754.0,0.0,0.0,-1.0
m1_d1,755.0,0.0,0.0,-1.0
m1_d1,756.0,0.0,0.0,-1.0
m1_d1,757.0,0.0,0.0,-1.0
m1_d1,758.0,1.0,14.3,34.96
m1_d1,759.0,0.0,0.0,-1.0
m1_d1,760.0,1.0,13.65,36.63
m1_d1,761.0,0.0,0.0,-1.0
m1_d1,762.0,0.0,0.0,-1.0
m1_d1,763.0,0.0,0.0,-1.0
m1_d1,764.0,0.0,0.0,-1.0
m1_d1,765.0,0.0,0.0,-1.0
m1_d1,766.0,0.0,0.0,-1.0
m1_d1,767.0,0.0,0.0,-1.0
m1_d1,768.0,0.0,0.0,-1.0
m1_d1,769.0,0.0,0.0,-1.0
m1_d1,770.0,0.0,0.0,-1.0
m1_d1,771.0,0.0,0.0,-1.0
m1_d1,772.0,0.0,0.0,-1.0
m1_d1,773.0,1.0,14.69,34.04
m1_d1,774.0,0.0,0.0,-1.0
m1_d1,775.0,1.0,15.33,32.62
m1_d1,776.0,1.0,15.22,32.85
m1_d1,777.0,0.0,0.0,-1.0
m1_d1,778.0,0.0,0.0,-1.0
m1_d1,779.0,0.0,0.0,-1.0
m1_d1,780.0,1.0,13.32,37.54
m1_d1,781.0,0.0,0.0,-1.0
m1_d1,782.0,2.0,28.02,35.86
m1_d1,783.0,0.0,0.0,-1.0
m1_d1,784.0,0.0,0.0,-1.0
m1_d1,785.0,0.0,0.0,-1.0
m1_d1,786.0,0.0,0.0,-1.0
m1_d1,787.0,0.0,0.0,-1.0
m1_d1,788.0,0.0,0.0,-1.0
m1_d1,789.0,0.0,0.0,-1.0
m1_d1,790.0,0.0,0.0,-1.0
m1_d1,791.0,1.0,13.67,36.59
m1_d1,792.0,1.0,14.3,34.98
m1_d1,793.0,0.0,0.0,-1.0
m1_d1,794.0,0.0,0.0,-1.0
m1_d1,795.0,0.0,0.0,-1.0
m1_d1,796.0,0.0,0.0,-1.0
m1_d1,797.0,0.0,0.0,-1.0
m1_d1,798.0,1.0,14.92,33.51
m1_d1,799.0,0.0,0.0,-1.0
m1_d1,800.0,1.0,13.75,36.38
m1_d1,801.0,0.0,0.0,-1.0
m1_d1,802.0,0.0,0.0,-1.0
m1_d1,803.0,1.0,13.92,35.92
m1_d1,804.0,0.0,0.0,-1.0
m1_d1,805.0,1.0,13.61,36.73
m1_d1,806.0,0.0,0.0,-1.0
m1_d1,807.0,0.0,0.0,-1.0
m1_d1,808.0,0.0,0.0,-1.0
m1_d1,809.0,1.0,13.36,37.43
m1_d1,810.0,1.0,14.0,35.72
m1_d1,811.0,0.0,0.0,-1.0
m1_d1,812.0,0.0,0.0,-1.0
m1_d1,813.0,1.0,14.15,35.34
m1_d1,814.0,0.0,0.0,-1.0
m1_d1,815.0,0.0,0.0,-1.0
m1_d1,816.0,0.0,0.0,-1.0
m1_d1,817.0,0.0,0.0,-1.0
m1_d1,818.0,1.0,12.45,40.16
m1_d1,819.0,0.0,0.0,-1.0
m1_d1,820.0,0.0,0.0,-1.0
m1_d1,821.0,0.0,0.0,-1.0
m1_d1,822.0,0.0,0.0,-1.0
m1_d1,823.0,0.0,0.0,-1.0
m1_d1,824.0,0.0,0.0,-1.0
m1_d1,825.0,0.0,0.0,-1.0
m1_d1,826.0,0.0,0.0,-1.0
m1_d1,827.0,1.0,16.66,30.02
m1_d1,828.0,0.0,0.0,-1.0
m1_d1,829.0,1.0,16.27,30.73
m1_d1,830.0,1.0,15.85,31.54
m1_d1,831.0,0.0,0.0,-1.0
m1_d1,832.0,1.0,15.11,33.09
m1_d1,833.0,0.0,0.0,-1.0
m1_d1,834.0,0.0,0.0,-1.0
m1_d1,835.0,0.0,0.0,-1.0
m1_d1,836.0,0.0,0.0,-1.0
m1_d1,837.0,0.0,0.0,-1.0
m1_d1,838.0,1.0,15.84,31.57
m1_d1,839.0,0.0,0.0,-1.0
m1_d1,840.0,0.0,0.0,-1.0
m1_d1,841.0,0.0,0.0,-1.0
m1_d1,842.0,1.0,12.33,40.55
m1_d1,843.0,0.0,1.27,-1.0
m1_d1,844.0,1.0,10.99,40.76
m1_d1,845.0,0.0,0.0,-1.0
m1_d1,846.0,1.0,13.14,38.07
m1_d1,847.0,0.0,0.0,-1.0
m1_d1,848.0,0.0,0.0,-1.0
m1_d1,849.0,0.0,0.0,-1.0
m1_d1,850.0,0.0,3.53,-1.0
m1_d1,851.0,1.0,10.0,36.95
m1_d1,852.0,1.0,14.87,33.63
m1_d1,853.0,0.0,0.0,-1.0
m1_d1,854.0,0.0,0.0,-1.0
m1_d1,855.0,0.0,9.7,-1.0
m1_d1,856.0,1.0,3.82,36.98
m1_d1,857.0,0.0,0.0,-1.0
m1_d1,858.0,0.0,0.0,-1.0
m1_d1,859.0,0.0,0.0,-1.0
m1_d1,860.0,0.0,0.0,-1.0
m1_d1,861.0,1.0,14.1,35.47
m1_d1,862.0,0.0,0.0,-1.0
m1_d1,863.0,0.0,0.0,-1.0
m1_d1,864.0,1.0,14.05,35.58
m1_d1,865.0,0.0,0.0,-1.0
m1_d1,866.0,0.0,1.87,-1.0
m1_d1,867.0,1.0,12.64,34.46
m1_d1,868.0,1.0,14.1,35.46
m1_d1,869.0,0.0,0.0,-1.0
m1_d1,870.0,0.0,0.0,-1.0
m1_d1,871.0,0.0,0.0,-1.0
m1_d1,872.0,0.0,0.0,-1.0
m1_d1,873.0,1.0,15.66,31.94
m1_d1,874.0,0.0,0.0,-1.0
m1_d1,875.0,0.0,0.0,-1.0
m1_d1,876.0,0.0,0.0,-1.0
m1_d1,877.0,0.0,0.0,-1.0
m1_d1,878.0,0.0,0.0,-1.0
m1_d1,879.0,0.0,0.0,-1.0
m1_d1,880.0,1.0,14.3,34.96
m1_d1,881.0,1.0,14.25,35.08
m1_d1,882.0,1.0,14.18,35.27
m1_d1,883.0,0.0,0.0,-1.0
m1_d1,884.0,0.0,0.0,-1.0
m1_d1,885.0,0.0,0.0,-1.0
m1_d1,886.0,0.0,0.0,-1.0
m1_d1,887.0,0.0,0.0,-1.0
m1_d1,888.0,1.0,15.74,31.77
m1_d1,889.0,1.0,15.57,32.12
m1_d1,890.0,0.0,0.0,-1.0
m1_d1,891.0,1.0,15.62,32.01
m1_d1,892.0,0.0,0.0,-1.0
m1_d1,893.0,0.0,0.0,-1.0
m1_d1,894.0,0.0,0.0,-1.0
m1_d1,895.0,1.0,12.92,38.69
m1_d1,896.0,0.0,0.0,-1.0
m1_d1,897.0,1.0,14.04,35.62
m1_d1,898.0,0.0,0.0,-1.0
m1_d1,899.0,0.0,0.0,-1.0
m1_d1,900.0,0.0,3.54,-1.0
m1_d1,901.0,1.0,8.96,40.01
m1_d1,902.0,0.0,0.0,-1.0
m1_d1,903.0,0.0,0.0,-1.0
m1_d1,904.0,0.0,0.0,-1.0
m1_d1,905.0,0.0,0.0,-1.0
m1_d1,906.0,0.0,0.0,-1.0
m1_d1,907.0,0.0,0.0,-1.0
m1_d1,908.0,0.0,0.0,-1.0
m1_d1,909.0,0.0,0.0,-1.0
m1_d1,910.0,0.0,0.0,-1.0
m1_d1,911.0,1.0,17.76,28.16
m1_d1,912.0,0.0,0.0,-1.0
m1_d1,913.0,0.0,0.0,-1.0
m1_d1,914.0,0.0,0.0,-1.0
m1_d1,915.0,0.0,0.0,-1.0
m1_d1,916.0,1.0,17.72,28.22
m1_d1,917.0,1.0,17.64,28.35
m1_d1,918.0,0.0,0.0,-1.0
m1_d1,919.0,1.0,16.64,30.05
m1_d1,920.0,0.0,0.0,-1.0
m1_d1,921.0,0.0,0.0,-1.0
m1_d1,922.0,0.0,0.0,-1.0
m1_d1,923.0,0.0,0.0,-1.0
m1_d1,924.0,0.0,0.0,-1.0
m1_d1,925.0,1.0,12.67,39.47
m1_d1,926.0,0.0,0.0,-1.0
m1_d1,927.0,1.0,13.04,38.35
m1_d1,928.0,0.0,0.0,-1.0
m1_d1,929.0,0.0,0.0,-1.0
m1_d1,930.0,0.0,0.0,-1.0
m1_d1,931.0,0.0,0.0,-1.0
m1_d1,932.0,0.0,0.0,-1.0
m1_d1,933.0,0.0,0.0,-1.0
m1_d1,934.0,0.0,0.0,-1.0
m1_d1,935.0,0.0,0.0,-1.0
m1_d1,936.0,0.0,0.0,-1.0
m1_d1,937.0,0.0,13.72,-1.0
m1_d1,938.0,1.0,0.58,34.99
m1_d1,939.0,1.0,14.26,35.07
m1_d1,940.0,0.0,0.0,-1.0
m1_d1,941.0,1.0,14.23,35.13
m1_d1,942.0,0.0,0.0,-1.0
m1_d1,943.0,0.0,0.0,-1.0
m1_d1,944.0,0.0,0.0,-1.0
m1_d1,945.0,0.0,0.0,-1.0
m1_d1,946.0,0.0,0.0,-1.0
m1_d1,947.0,0.0,0.0,-1.0
m1_d1,948.0,1.0,16.02,31.22
m1_d1,949.0,0.0,0.0,-1.0
m1_d1,950.0,0.0,0.0,-1.0
m1_d1,951.0,0.0,0.0,-1.0
m1_d1,952.0,1.0,15.18,32.94
m1_d1,953.0,0.0,15.0,-1.0
m1_d1,954.0,1.0,1.23,30.81
m1_d1,955.0,0.0,6.73,-1.0
m1_d1,956.0,2.0,23.76,32.84
m1_d1,957.0,0.0,0.0,-1.0
m1_d1,958.0,1.0,14.95,33.45
m1_d1,959.0,0.0,0.0,-1.0
m1_d1,960.0,0.0,0.0,-1.0
m1_d1,961.0,0.0,0.0,-1.0
m1_d1,962.0,0.0,0.0,-1.0
m1_d1,963.0,0.0,0.0,-1.0
m1_d1,964.0,0.0,3.72,-1.0
m1_d1,965.0,1.0,11.83,32.16
m1_d1,966.0,0.0,0.0,-1.0
m1_d1,967.0,0.0,0.0,-1.0
m1_d1,968.0,0.0,0.0,-1.0
m1_d1,969.0,0.0,0.0,-1.0
m1_d1,970.0,0.0,0.0,-1.0
m1_d1,971.0,0.0,0.0,-1.0
m1_d1,972.0,0.0,0.0,-1.0
m1_d1,973.0,0.0,0.0,-1.0
m1_d1,974.0,0.0,0.0,-1.0
m1_d1,975.0,0.0,0.0,-1.0
m1_d1,976.0,0.0,0.0,-1.0
m1_d1,977.0,1.0,15.38,32.5
m1_d1,978.0,1.0,15.01,33.31
m1_d1,979.0,1.0,14.5,34.49
m1_d1,980.0,0.0,0.0,-1.0
m1_d1,981.0,0.0,0.0,-1.0
m1_d1,982.0,0.0,0.0,-1.0
m1_d1,983.0,0.0,0.0,-1.0
m1_d1,984.0,0.0,0.0,-1.0
m1_d1,985.0,0.0,10.43,-1.0
m1_d1,986.0,2.0,20.9,31.96
m1_d1,987.0,0.0,0.0,-1.0
m1_d1,988.0,0.0,0.0,-1.0
m1_d1,989.0,0.0,0.0,-1.0
m1_d1,990.0,0.0,0.0,-1.0
m1_d1,991.0,0.0,0.0,-1.0
m1_d1,992.0,0.0,0.0,-1.0
m1_d1,993.0,1.0,14.5,34.47
m1_d1,994.0,1.0,14.46,34.58
m1_d1,995.0,0.0,0.0,-1.0
m1_d1,996.0,0.0,0.0,-1.0
m1_d1,997.0,1.0,15.11,33.1
m1_d1,998.0,0.0,0.0,-1.0
m1_d1,999.0,0.0,0.0,-1.0
m1_d1,1000.0,0.0,0.0,-1.0
m1_d1,1001.0,0.0,0.0,-1.0
m1_d1,1002.0,1.0,12.25,40.82
m1_d1,1003.0,0.0,0.0,-1.0
m1_d1,1004.0,0.0,0.0,-1.0
m1_d1,1005.0,0.0,0.0,-1.0
m1_d1,1006.0,0.0,0.0,-1.0
m1_d1,1007.0,0.0,0.0,-1.0
m1_d1,1008.0,0.0,0.0,-1.0
m1_d1,1009.0,0.0,0.0,-1.0
m1_d1,1010.0,1.0,15.39,32.49
m1_d1,1011.0,0.0,0.0,-1.0
m1_d1,1012.0,0.0,0.0,-1.0
m1_d1,1013.0,0.0,0.0,-1.0
m1_d1,1014.0,0.0,0.0,-1.0
m1_d1,1015.0,0.0,0.0,-1.0
m1_d1,1016.0,0.0,0.0,-1.0
m1_d1,1017.0,0.0,0.0,-1.0
m1_d1,1018.0,0.0,0.0,-1.0
m1_d1,1019.0,0.0,0.0,-1.0
m1_d1,1020.0,0.0,0.0,-1.0
m1_d1,1021.0,0.0,0.0,-1.0
m1_d1,1022.0,0.0,0.0,-1.0
m1_d1,1023.0,0.0,0.0,-1.0
m1_d1,1024.0,0.0,0.0,-1.0
m1_d1,1025.0,0.0,0.0,-1.0
m1_d1,1026.0,0.0,0.0,-1.0
m1_d1,1027.0,0.0,0.0,-1.0
m1_d1,1028.0,0.0,0.0,-1.0
m1_d1,1029.0,0.0,0.97,-1.0
m1_d1,1030.0,1.0,20.13,23.7
m1_d1,1031.0,1.0,20.74,24.11
m1_d1,1032.0,0.0,2.7,-1.0
m1_d1,1033.0,1.0,17.66,24.56
m1_d1,1034.0,0.0,0.0,-1.0
m1_d1,1035.0,1.0,18.28,27.35
m1_d1,1036.0,0.0,0.0,-1.0
m1_d1,1037.0,0.0,0.0,-1.0
m1_d1,1038.0,0.0,0.0,-1.0
m1_d1,1039.0,0.0,0.0,-1.0
m1_d1,1040.0,1.0,15.83,31.58
m1_d1,1041.0,1.0,15.75,31.75
m1_d1,1042.0,0.0,0.0,-1.0
m1_d1,1043.0,0.0,0.0,-1.0
m1_d1,1044.0,1.0,13.97,35.79
m1_d1,1045.0,0.0,0.0,-1.0
m1_d1,1046.0,1.0,15.31,32.66
m1_d1,1047.0,0.0,0.0,-1.0
m1_d1,1048.0,0.0,0.0,-1.0
m1_d1,1049.0,0.0,0.0,-1.0
m1_d1,1050.0,0.0,0.0,-1.0
m1_d1,1051.0,0.0,0.0,-1.0
m1_d1,1052.0,0.0,0.0,-1.0
m1_d1,1053.0,1.0,13.47,37.13
m1_d1,1054.0,0.0,0.0,-1.0
m1_d1,1055.0,1.0,13.62,36.72
m1_d1,1056.0,0.0,0.0,-1.0
m1_d1,1057.0,0.0,5.43,-1.0
m1_d1,1058.0,1.0,8.49,35.9
m1_d1,1059.0,1.0,13.91,35.95
m1_d1,1060.0,0.0,0.0,-1.0
m1_d1,1061.0,0.0,0.0,-1.0
m1_d1,1062.0,0.0,0.0,-1.0
m1_d1,1063.0,0.0,0.0,-1.0
m1_d1,1064.0,1.0,12.5,40.01
m1_d1,1065.0,0.0,0.0,-1.0
m1_d1,1066.0,0.0,0.0,-1.0
m1_d1,1067.0,0.0,0.0,-1.0
m1_d1,1068.0,0.0,0.0,-1.0
m1_d1,1069.0,0.0,0.0,-1.0
m1_d1,1070.0,0.0,0.0,-1.0
m1_d1,1071.0,0.0,0.0,-1.0
m1_d1,1072.0,0.0,0.0,-1.0
m1_d1,1073.0,1.0,13.83,36.14
m1_d1,1074.0,0.0,0.0,-1.0
m1_d1,1075.0,0.0,0.0,-1.0
m1_d1,1076.0,0.0,0.0,-1.0
m1_d1,1077.0,1.0,15.29,32.71
m1_d1,1078.0,0.0,0.0,-1.0
m1_d1,1079.0,0.0,0.0,-1.0
m1_d1,1080.0,0.0,0.0,-1.0
m1_d1,1081.0,0.0,0.0,-1.0
m1_d1,1082.0,0.0,0.0,-1.0
m1_d1,1083.0,0.0,0.0,-1.0
m1_d1,1084.0,0.0,0.0,-1.0
m1_d1,1085.0,1.0,16.74,29.87
m1_d1,1086.0,0.0,0.0,-1.0
m1_d1,1087.0,0.0,0.0,-1.0
m1_d1,1088.0,1.0,17.31,28.88
m1_d1,1089.0,0.0,17.21,-1.0
m1_d1,1090.0,0.0,0.0,-1.0
m1_d1,1091.0,1.0,14.98,33.37
m1_d1,1092.0,1.0,14.45,34.6
m1_d1,1093.0,0.0,0.0,-1.0
m1_d1,1094.0,0.0,0.0,-1.0
m1_d1,1095.0,0.0,0.0,-1.0
m1_d1,1096.0,0.0,0.0,-1.0
m1_d1,1097.0,0.0,0.0,-1.0
m1_d1,1098.0,0.0,0.0,-1.0
m1_d1,1099.0,0.0,0.0,-1.0
m1_d1,1100.0,1.0,15.03,33.27
m1_d1,1101.0,0.0,0.0,-1.0
m1_d1,1102.0,0.0,0.0,-1.0
m1_d1,1103.0,0.0,0.0,-1.0
m1_d1,1104.0,0.0,0.0,-1.0
m1_d1,1105.0,0.0,0.0,-1.0
m1_d1,1106.0,0.0,0.0,-1.0
m1_d1,1107.0,0.0,0.0,-1.0
m1_d1,1108.0,1.0,14.66,34.11
m1_d1,1109.0,1.0,14.73,33.96
m1_d1,1110.0,0.0,0.0,-1.0
m1_d1,1111.0,1.0,14.46,34.57
m1_d1,1112.0,1.0,14.54,34.39
m1_d1,1113.0,0.0,0.0,-1.0
m1_d1,1114.0,0.0,0.0,-1.0
m1_d1,1115.0,0.0,0.0,-1.0
m1_d1,1116.0,0.0,0.0,-1.0
m1_d1,1117.0,0.0,0.0,-1.0
m1_d1,1118.0,0.0,0.0,-1.0
m1_d1,1119.0,0.0,0.0,-1.0
m1_d1,1120.0,0.0,0.0,-1.0
m1_d1,1121.0,0.0,0.0,-1.0
m1_d1,1122.0,0.0,0.0,-1.0
m1_d1,1123.0,0.0,0.0,-1.0
m1_d1,1124.0,0.0,0.0,-1.0
m1_d1,1125.0,1.0,17.93,27.88
m1_d1,1126.0,1.0,17.64,28.34
m1_d1,1127.0,0.0,0.0,-1.0
m1_d1,1128.0,1.0,16.38,30.53
m1_d1,1129.0,1.0,17.04,29.35
m1_d1,1130.0,0.0,0.0,-1.0
m1_d1,1131.0,1.0,16.71,29.92
m1_d1,1132.0,0.0,0.0,-1.0
m1_d1,1133.0,0.0,0.0,-1.0
m1_d1,1134.0,0.0,0.0,-1.0
m1_d1,1135.0,0.0,0.0,-1.0
m1_d1,1136.0,1.0,13.63,36.69
m1_d1,1137.0,0.0,0.0,-1.0
m1_d1,1138.0,0.0,8.37,-1.0
m1_d1,1139.0,1.0,5.2,36.83
m1_d1,1140.0,1.0,13.24,37.76
m1_d1,1141.0,0.0,0.0,-1.0
m1_d1,1142.0,0.0,0.0,-1.0
m1_d1,1143.0,0.0,0.0,-1.0
m1_d1,1144.0,0.0,0.0,-1.0
m1_d1,1145.0,0.0,0.0,-1.0
m1_d1,1146.0,1.0,13.9,35.97
m1_d1,1147.0,0.0,0.0,-1.0
m1_d1,1148.0,0.0,0.0,-1.0
m1_d1,1149.0,0.0,0.0,-1.0
m1_d1,1150.0,0.0,0.0,-1.0
m1_d1,1151.0,0.0,7.84,-1.0
m1_d1,1152.0,1.0,6.3,35.37
m1_d1,1153.0,1.0,16.28,30.71
m1_d1,1154.0,0.0,0.0,-1.0
m1_d1,1155.0,1.0,14.73,33.94
m1_d1,1156.0,0.0,0.0,-1.0
m1_d1,1157.0,0.0,0.0,-1.0
m1_d1,1158.0,0.0,0.0,-1.0
m1_d1,1159.0,0.0,0.0,-1.0
m1_d1,1160.0,0.0,0.0,-1.0
m1_d1,1161.0,1.0,15.41,32.45
m1_d1,1162.0,0.0,0.0,-1.0
m1_d1,1163.0,1.0,15.4,32.46
m1_d1,1164.0,0.0,13.36,-1.0
m1_d1,1165.0,1.0,1.86,32.85
m1_d1,1166.0,0.0,0.0,-1.0
m1_d1,1167.0,0.0,0.0,-1.0
m1_d1,1168.0,0.0,0.0,-1.0
m1_d1,1169.0,0.0,0.0,-1.0
m1_d1,1170.0,0.0,0.0,-1.0
m1_d1,1171.0,0.0,0.0,-1.0
m1_d1,1172.0,0.0,0.0,-1.0
m1_d1,1173.0,1.0,13.44,37.2
m1_d1,1174.0,1.0,13.75,36.36
m1_d1,1175.0,0.0,0.0,-1.0
m1_d1,1176.0,0.0,0.0,-1.0
m1_d1,1177.0,1.0,13.59,36.78
m1_d1,1178.0,1.0,15.13,33.04
m1_d1,1179.0,0.0,0.0,-1.0
m1_d1,1180.0,0.0,0.0,-1.0
m1_d1,1181.0,0.0,0.0,-1.0
m1_d1,1182.0,0.0,0.0,-1.0
m1_d1,1183.0,0.0,0.0,-1.0
m1_d1,1184.0,1.0,14.88,33.6
m1_d1,1185.0,0.0,8.43,-1.0
m1_d1,1186.0,1.0,6.56,33.37
m1_d1,1187.0,0.0,0.0,-1.0
m1_d1,1188.0,0.0,0.0,-1.0
m1_d1,1189.0,0.0,0.0,-1.0
m1_d1,1190.0,0.0,0.0,-1.0
m1_d1,1191.0,0.0,0.0,-1.0
m1_d1,1192.0,1.0,14.61,34.22
m1_d1,1193.0,0.0,0.0,-1.0
m1_d1,1194.0,0.0,0.0,-1.0
m1_d1,1195.0,1.0,14.39,34.74
m1_d1,1196.0,0.0,0.0,-1.0
m1_d1,1197.0,0.0,0.0,-1.0
m1_d1,1198.0,0.0,0.0,-1.0
m1_d1,1199.0,0.0,1.35,-1.0
m1_d1,1200.0,1.0,13.93,32.73
m1_d1,1201.0,0.0,0.0,-1.0
m1_d1,1202.0,1.0,15.39,32.49
m1_d1,1203.0,0.0,13.27,-1.0
m1_d1,1204.0,1.0,2.37,31.98
m1_d1,1205.0,0.0,0.0,-1.0
m1_d1,1206.0,0.0,0.0,-1.0
m1_d1,1207.0,0.0,0.0,-1.0
m1_d1,1208.0,0.0,12.15,-1.0
m1_d1,1209.0,1.0,0.53,39.42
m1_d1,1210.0,0.0,0.0,-1.0
m1_d1,1211.0,1.0,12.33,40.56
m1_d1,1212.0,0.0,0.0,-1.0
m1_d1,1213.0,0.0,0.0,-1.0
m1_d1,1214.0,0.0,0.0,-1.0
m1_d1,1215.0,0.0,0.0,-1.0
m1_d1,1216.0,1.0,12.97,38.56
m1_d1,1217.0,1.0,12.96,38.59
m1_d1,1218.0,0.0,0.0,-1.0
m1_d1,1219.0,0.0,0.0,-1.0
m1_d1,1220.0,0.0,0.0,-1.0
m1_d1,1221.0,0.0,0.0,-1.0
m1_d1,1222.0,1.0,13.4,37.31
m1_d1,1223.0,0.0,0.0,-1.0
m1_d1,1224.0,1.0,13.28,37.65
m1_d1,1225.0,0.0,0.0,-1.0
m1_d1,1226.0,0.0,0.0,-1.0
m1_d1,1227.0,0.0,0.0,-1.0
m1_d1,1228.0,0.0,0.0,-1.0
m1_d1,1229.0,0.0,0.0,-1.0
m1_d1,1230.0,0.0,0.0,-1.0
m1_d1,1231.0,0.0,0.0,-1.0
m1_d1,1232.0,1.0,15.12,33.07
m1_d1,1233.0,0.0,0.0,-1.0
m1_d1,1234.0,0.0,0.0,-1.0
m1_d1,1235.0,0.0,0.0,-1.0
m1_d1,1236.0,0.0,0.0,-1.0
m1_d1,1237.0,0.0,0.0,-1.0
m1_d1,1238.0,0.0,0.0,-1.0
m1_d1,1239.0,0.0,0.0,-1.0
m1_d1,1240.0,0.0,0.0,-1.0
m1_d1,1241.0,0.0,0.0,-1.0
m1_d1,1242.0,1.0,17.6,28.41
m1_d1,1243.0,1.0,17.42,28.7
m1_d1,1244.0,0.0,15.56,-1.0
m1_d1,1245.0,1.0,1.69,28.98
m1_d1,1246.0,1.0,17.46,28.64
m1_d1,1247.0,0.0,0.0,-1.0
m1_d1,1248.0,1.0,15.67,31.91
m1_d1,1249.0,0.0,0.0,-1.0
m1_d1,1250.0,0.0,9.57,-1.0
m1_d1,1251.0,1.0,4.26,36.14
m1_d1,1252.0,0.0,0.0,-1.0
m1_d1,1253.0,0.0,0.0,-1.0
m1_d1,1254.0,0.0,0.0,-1.0
m1_d1,1255.0,0.0,0.0,-1.0
m1_d1,1256.0,1.0,12.21,40.94
m1_d1,1257.0,1.0,12.23,40.87
m1_d1,1258.0,0.0,0.0,-1.0
m1_d1,1259.0,0.0,0.0,-1.0
m1_d1,1260.0,0.0,0.0,-1.0
m1_d1,1261.0,0.0,0.0,-1.0
m1_d1,1262.0,0.0,0.0,-1.0
m1_d1,1263.0,0.0,0.0,-1.0
m1_d1,1264.0,0.0,0.0,-1.0
m1_d1,1265.0,0.0,0.0,-1.0
m1_d1,1266.0,0.0,0.0,-1.0
m1_d1,1267.0,1.0,15.01,33.31
m1_d1,1268.0,1.0,14.58,34.29
m1_d1,1269.0,0.0,0.0,-1.0
m1_d1,1270.0,1.0,14.47,34.54
m1_d1,1271.0,0.0,0.0,-1.0
m1_d1,1272.0,0.0,0.0,-1.0
m1_d1,1273.0,0.0,0.0,-1.0
m1_d1,1274.0,0.0,0.0,-1.0
m1_d1,1275.0,0.0,0.0,-1.0
m1_d1,1276.0,1.0,15.01,33.32
m1_d1,1277.0,0.0,0.0,-1.0
m1_d1,1278.0,1.0,14.74,33.92
m1_d1,1279.0,1.0,14.8,33.78
m1_d1,1280.0,0.0,0.0,-1.0
m1_d1,1281.0,1.0,14.4,34.73
m1_d1,1282.0,0.0,0.0,-1.0
m1_d1,1283.0,0.0,0.0,-1.0
m1_d1,1284.0,0.0,0.0,-1.0
m1_d1,1285.0,0.0,0.0,-1.0
m1_d1,1286.0,0.0,0.0,-1.0
m1_d1,1287.0,0.0,5.9,-1.0
m1_d1,1288.0,1.0,9.1,33.35
m1_d1,1289.0,1.0,14.53,34.41
m1_d1,1290.0,0.0,0.0,-1.0
m1_d1,1291.0,1.0,13.32,37.55
m1_d1,1292.0,0.0,0.0,-1.0
m1_d1,1293.0,0.0,0.0,-1.0
m1_d1,1294.0,0.0,0.0,-1.0
m1_d1,1295.0,0.0,0.0,-1.0
m1_d1,1296.0,0.0,0.0,-1.0
m1_d1,1297.0,0.0,0.0,-1.0
m1_d1,1298.0,1.0,15.6,32.05
m1_d1,1299.0,0.0,0.0,-1.0
m1_d1,1300.0,0.0,0.0,-1.0
m1_d1,1301.0,1.0,13.96,35.81
m1_d1,1302.0,0.0,0.0,-1.0
m1_d1,1303.0,0.0,0.0,-1.0
m1_d1,1304.0,1.0,13.61,36.74
m1_d1,1305.0,0.0,0.0,-1.0
m1_d1,1306.0,0.0,2.58,-1.0
m1_d1,1307.0,1.0,9.68,40.77
m1_d1,1308.0,0.0,0.0,-1.0
m1_d1,1309.0,0.0,0.0,-1.0
m1_d1,1310.0,0.0,0.0,-1.0
m1_d1,1311.0,1.0,12.33,40.54
m1_d1,1312.0,0.0,0.0,-1.0
m1_d1,1313.0,0.0,0.0,-1.0
m1_d1,1314.0,0.0,0.0,-1.0
m1_d1,1315.0,0.0,0.0,-1.0
m1_d1,1316.0,0.0,0.0,-1.0
m1_d1,1317.0,0.0,0.0,-1.0
m1_d1,1318.0,0.0,0.0,-1.0
m1_d1,1319.0,0.0,0.0,-1.0
m1_d1,1320.0,1.0,14.23,35.13
m1_d1,1321.0,0.0,0.0,-1.0
m1_d1,1322.0,0.0,0.0,-1.0
m1_d1,1323.0,0.0,0.0,-1.0
m1_d1,1324.0,0.0,0.0,-1.0
m1_d1,1325.0,0.0,0.0,-1.0
m1_d1,1326.0,1.0,16.18,30.91
m1_d1,1327.0,0.0,0.0,-1.0
m1_d1,1328.0,1.0,14.37,34.8
m1_d1,1329.0,0.0,0.0,-1.0
m1_d1,1330.0,0.0,0.0,-1.0
m1_d1,1331.0,1.0,15.24,32.8
m1_d1,1332.0,0.0,1.9,-1.0
m1_d1,1333.0,1.0,12.76,34.12
m1_d1,1334.0,0.0,0.0,-1.0
m1_d1,1335.0,0.0,0.0,-1.0
m1_d1,1336.0,0.0,0.0,-1.0
m1_d1,1337.0,0.0,4.15,-1.0
m1_d1,1338.0,1.0,9.48,36.7
m1_d1,1339.0,0.0,0.0,-1.0
m1_d1,1340.0,0.0,0.0,-1.0
m1_d1,1341.0,0.0,0.0,-1.0
m1_d1,1342.0,0.0,0.0,-1.0
m1_d1,1343.0,0.0,0.0,-1.0
m1_d1,1344.0,1.0,14.34,34.86
m1_d1,1345.0,0.0,0.0,-1.0
m1_d1,1346.0,0.0,0.0,-1.0
m1_d1,1347.0,0.0,0.0,-1.0
m1_d1,1348.0,1.0,14.99,33.36
m1_d1,1349.0,0.0,0.0,-1.0
m1_d1,1350.0,0.0,0.0,-1.0
m1_d1,1351.0,0.0,0.0,-1.0
m1_d1,1352.0,0.0,0.0,-1.0
m1_d1,1353.0,0.0,0.0,-1.0
m1_d1,1354.0,0.0,0.95,-1.0
m1_d1,1355.0,1.0,11.42,40.43
m1_d1,1356.0,0.0,0.0,-1.0
m1_d1,1357.0,0.0,0.0,-1.0
m1_d1,1358.0,0.0,0.0,-1.0
m1_d1,1359.0,0.0,0.0,-1.0
m1_d1,1360.0,0.0,0.0,-1.0
m1_d1,1361.0,0.0,0.0,-1.0
m1_d1,1362.0,1.0,14.26,35.07
m1_d1,1363.0,0.0,6.86,-1.0
m1_d1,1364.0,1.0,7.45,34.94
m1_d1,1365.0,0.0,0.0,-1.0
m1_d1,1366.0,0.0,0.0,-1.0
m1_d1,1367.0,0.0,0.0,-1.0
m1_d1,1368.0,1.0,15.84,31.56
m1_d1,1369.0,0.0,8.44,-1.0
m1_d1,1370.0,1.0,7.2,31.97
m1_d1,1371.0,0.0,0.0,-1.0
m1_d1,1372.0,0.0,0.0,-1.0
m1_d1,1373.0,0.0,0.0,-1.0
m1_d1,1374.0,1.0,14.15,35.34
m1_d1,1375.0,0.0,0.0,-1.0
m1_d1,1376.0,0.0,0.0,-1.0
m1_d1,1377.0,0.0,0.0,-1.0
m1_d1,1378.0,0.0,0.0,-1.0
m1_d1,1379.0,1.0,16.49,30.32
m1_d1,1380.0,1.0,16.57,30.18
m1_d1,1381.0,0.0,0.0,-1.0
m1_d1,1382.0,1.0,65.5,32.26
m1_d1,1383.0,1.0,10.63,8.25
m1_d1,1384.0,0.0,0.0,-1.0
m1_d1,1385.0,0.0,0.0,-1.0
m1_d1,1386.0,0.0,0.0,-1.0
m1_d1,1387.0,0.0,0.0,-1.0
m1_d1,1388.0,0.0,0.0,-1.0
m1_d1,1389.0,0.0,0.0,-1.0
m1_d1,1390.0,0.0,0.0,-1.0
m1_d1,1391.0,0.0,0.0,-1.0
m1_d1,1392.0,0.0,0.0,-1.0
m1_d1,1393.0,0.0,0.0,-1.0
m1_d1,1394.0,1.0,12.73,39.26
m1_d1,1395.0,0.0,0.0,-1.0
m1_d1,1396.0,0.0,0.0,-1.0
m1_d1,1397.0,0.0,0.0,-1.0
m1_d1,1398.0,0.0,0.0,-1.0
m1_d1,1399.0,0.0,0.0,-1.0
m1_d1,1400.0,0.0,0.0,-1.0
m1_d1,1401.0,0.0,0.0,-1.0
m1_d1,1402.0,1.0,15.94,31.37
m1_d1,1403.0,0.0,16.0,-1.0
m1_d1,1404.0,1.0,0.08,31.08
m1_d1,1405.0,0.0,0.0,-1.0
m1_d1,1406.0,0.0,0.0,-1.0
m1_d1,1407.0,0.0,0.0,-1.0
m1_d1,1408.0,0.0,0.0,-1.0
m1_d1,1409.0,1.0,15.04,33.25
m1_d1,1410.0,1.0,15.02,33.29
m1_d1,1411.0,0.0,8.21,-1.0
m1_d1,1412.0,1.0,6.51,33.95
m1_d1,1413.0,0.0,0.0,-1.0
m1_d1,1414.0,1.0,15.59,32.06
m1_d1,1415.0,0.0,0.0,-1.0
m1_d1,1416.0,0.0,0.0,-1.0
m1_d1,1417.0,0.0,0.0,-1.0
m1_d1,1418.0,0.0,0.0,-1.0
m1_d1,1419.0,0.0,0.0,-1.0
m1_d1,1420.0,0.0,0.0,-1.0
m1_d1,1421.0,0.0,0.0,-1.0
m1_d1,1422.0,0.0,0.0,-1.0
m1_d1,1423.0,1.0,14.23,35.15
m1_d1,1424.0,1.0,13.99,35.75
m1_d1,1425.0,0.0,0.0,-1.0
m1_d1,1426.0,1.0,13.55,36.9
m1_d1,1427.0,1.0,13.25,37.72
m1_d1,1428.0,0.0,0.0,-1.0
m1_d1,1429.0,0.0,0.0,-1.0
m1_d1,1430.0,0.0,0.0,-1.0
m1_d1,1431.0,0.0,0.0,-1.0
m1_d1,1432.0,0.0,0.0,-1.0
m1_d1,1433.0,0.0,0.0,-1.0
m1_d1,1434.0,0.0,0.0,-1.0
m1_d1,1435.0,1.0,17.13,29.19
m1_d1,1436.0,0.0,0.0,-1.0
m1_d1,1437.0,0.0,0.0,-1.0
m1_d1,1438.0,0.0,0.0,-1.0
m1_d1,1439.0,1.0,13.03,38.39
m1_d1,1440.0,1.0,13.51,37.01
m1_d1,1441.0,0.0,0.0,-1.0
m1_d1,1442.0,0.0,0.0,-1.0
m1_d1,1443.0,0.0,0.0,-1.0
m1_d1,1444.0,0.0,0.0,-1.0
m1_d1,1445.0,0.0,0.0,-1.0
m1_d1,1446.0,0.0,0.0,-1.0
m1_d1,1447.0,0.0,0.0,-1.0
m1_d1,1448.0,0.0,7.51,-1.0
m1_d1,1449.0,1.0,7.49,33.33
m1_d1,1450.0,0.0,0.0,-1.0
m1_d1,1451.0,1.0,15.43,32.4
m1_d1,1452.0,0.0,0.0,-1.0
m1_d1,1453.0,0.0,0.0,-1.0
m1_d1,1454.0,1.0,13.98,35.77
m1_d1,1455.0,1.0,13.33,37.52
m1_d1,1456.0,0.0,0.0,-1.0
m1_d1,1457.0,0.0,0.0,-1.0
m1_d1,1458.0,1.0,15.23,32.84
m1_d1,1459.0,0.0,0.0,-1.0
m1_d1,1460.0,0.0,0.0,-1.0
m1_d1,1461.0,1.0,13.0,38.48
m1_d1,1462.0,0.0,0.0,-1.0
m1_d1,1463.0,0.0,0.0,-1.0
m1_d1,1464.0,0.0,0.0,-1.0
m1_d1,1465.0,0.0,0.0,-1.0
m1_d1,1466.0,0.0,0.0,-1.0
m1_d1,1467.0,0.0,0.0,-1.0
m1_d1,1468.0,0.0,0.0,-1.0
m1_d1,1469.0,0.0,0.0,-1.0
m1_d1,1470.0,0.0,0.0,-1.0
m1_d1,1471.0,0.0,0.0,-1.0
m1_d1,1472.0,0.0,0.0,-1.0
m1_d1,1473.0,0.0,0.0,-1.0
m1_d1,1474.0,0.0,0.0,-1.0
m1_d1,1475.0,0.0,0.0,-1.0
m1_d1,1476.0,0.0,0.0,-1.0
m1_d1,1477.0,0.0,0.0,-1.0
m1_d1,1478.0,0.0,0.0,-1.0
m1_d1,1479.0,0.0,0.0,-1.0
m1_d1,1480.0,1.0,16.35,30.59
m1_d1,1481.0,0.0,0.0,-1.0
m1_d1,1482.0,0.0,0.0,-1.0
m1_d1,1483.0,1.0,16.44,30.42
m1_d1,1484.0,1.0,16.22,30.82
m1_d1,1485.0,0.0,9.37,-1.0
m1_d1,1486.0,1.0,6.69,31.14
m1_d1,1487.0,0.0,0.0,-1.0
m1_d1,1488.0,0.0,6.05,-1.0
m1_d1,1489.0,1.0,7.4,37.17
m1_d1,1490.0,0.0,0.0,-1.0
m1_d1,1491.0,0.0,0.0,-1.0
m1_d1,1492.0,0.0,0.0,-1.0
m1_d1,1493.0,0.0,0.0,-1.0
m1_d1,1494.0,0.0,0.0,-1.0
m1_d1,1495.0,1.0,15.44,32.38
m1_d1,1496.0,0.0,0.0,-1.0
m1_d1,1497.0,0.0,10.45,-1.0
m1_d1,1498.0,1.0,5.22,31.91
m1_d1,1499.0,1.0,15.46,32.34
m1_d1,1500.0,0.0,0.0,-1.0
m1_d1,1501.0,0.0,0.0,-1.0
m1_d1,1502.0,0.0,0.0,-1.0
m1_d1,1503.0,0.0,0.0,-1.0
m1_d1,1504.0,1.0,14.88,33.6
m1_d1,1505.0,1.0,14.62,34.19
m1_d1,1506.0,0.0,0.0,-1.0
m1_d1,1507.0,1.0,14.28,35.02
m1_d1,1508.0,0.0,0.0,-1.0
m1_d1,1509.0,0.0,0.0,-1.0
m1_d1,1510.0,0.0,0.0,-1.0
m1_d1,1511.0,0.0,0.0,-1.0
m1_d1,1512.0,0.0,0.0,-1.0
m1_d1,1513.0,0.0,0.0,-1.0
m1_d1,1514.0,0.0,0.0,-1.0
m1_d1,1515.0,0.0,0.0,-1.0
m1_d1,1516.0,0.0,0.0,-1.0
m1_d1,1517.0,1.0,13.66,36.61
m1_d1,1518.0,0.0,0.0,-1.0
m1_d1,1519.0,0.0,0.0,-1.0
m1_d1,1520.0,0.0,0.0,-1.0
m1_d1,1521.0,0.0,0.0,-1.0
m1_d1,1522.0,0.0,0.0,-1.0
m1_d1,1523.0,1.0,16.41,30.47
m1_d1,1524.0,0.0,0.0,-1.0
m1_d1,1525.0,1.0,14.86,33.65
m1_d1,1526.0,0.0,0.0,-1.0
m1_d1,1527.0,0.0,0.0,-1.0
m1_d1,1528.0,0.0,0.0,-1.0
m1_d1,1529.0,0.0,0.0,-1.0
m1_d1,1530.0,1.0,14.98,33.37
m1_d1,1531.0,1.0,14.84,33.69
m1_d1,1532.0,0.0,0.0,-1.0
m1_d1,1533.0,1.0,14.28,35.02
m1_d1,1534.0,0.0,0.0,-1.0
m1_d1,1535.0,0.0,0.0,-1.0
m1_d1,1536.0,0.0,0.0,-1.0
m1_d1,1537.0,0.0,0.0,-1.0
m1_d1,1538.0,0.0,0.0,-1.0
m1_d1,1539.0,0.0,0.0,-1.0
m1_d1,1540.0,0.0,0.0,-1.0
m1_d1,1541.0,0.0,0.0,-1.0
m1_d1,1542.0,1.0,14.69,34.04
m1_d1,1543.0,0.0,0.0,-1.0
m1_d1,1544.0,0.0,0.0,-1.0
m1_d1,1545.0,0.0,0.0,-1.0
m1_d1,1546.0,0.0,0.0,-1.0
m1_d1,1547.0,0.0,0.0,-1.0
m1_d1,1548.0,1.0,14.47,34.56
m1_d1,1549.0,0.0,0.0,-1.0
m1_d1,1550.0,0.0,0.0,-1.0
m1_d1,1551.0,0.0,0.0,-1.0
m1_d1,1552.0,1.0,13.92,35.92
m1_d1,1553.0,0.0,0.0,-1.0
m1_d1,1554.0,1.0,16.04,31.17
m1_d1,1555.0,0.0,0.0,-1.0
m1_d1,1556.0,0.0,0.0,-1.0
m1_d1,1557.0,1.0,14.36,34.81
m1_d1,1558.0,0.0,0.0,-1.0
m1_d1,1559.0,0.0,0.0,-1.0
m1_d1,1560.0,1.0,12.81,39.03
m1_d1,1561.0,0.0,0.0,-1.0
m1_d1,1562.0,0.0,0.0,-1.0
m1_d1,1563.0,0.0,0.0,-1.0
m1_d1,1564.0,0.0,0.0,-1.0
m1_d1,1565.0,0.0,0.0,-1.0
m1_d1,1566.0,0.0,0.0,-1.0
m1_d1,1567.0,0.0,0.0,-1.0
m1_d1,1568.0,1.0,14.75,33.89
m1_d1,1569.0,0.0,0.0,-1.0
m1_d1,1570.0,0.0,0.0,-1.0
m1_d1,1571.0,0.0,0.0,-1.0
m1_d1,1572.0,0.0,0.0,-1.0
m1_d1,1573.0,0.0,0.0,-1.0
m1_d1,1574.0,0.0,0.0,-1.0
m1_d1,1575.0,0.0,0.0,-1.0
m1_d1,1576.0,0.0,0.0,-1.0
m1_d1,1577.0,0.0,0.0,-1.0
m1_d1,1578.0,0.0,0.0,-1.0
m1_d1,1579.0,1.0,16.73,29.88
m1_d1,1580.0,0.0,0.0,-1.0
m1_d1,1581.0,1.0,16.74,29.87
m1_d1,1582.0,0.0,0.0,-1.0
m1_d1,1583.0,1.0,14.5,34.47
m1_d1,1584.0,0.0,0.0,-1.0
m1_d1,1585.0,0.0,0.0,-1.0
m1_d1,1586.0,0.0,0.0,-1.0
m1_d1,1587.0,0.0,0.0,-1.0
m1_d1,1588.0,0.0,0.0,-1.0
m1_d1,1589.0,0.0,0.0,-1.0
m1_d1,1590.0,1.0,16.0,31.25
m1_d1,1591.0,0.0,0.0,-1.0
m1_d1,1592.0,1.0,15.82,31.6
m1_d1,1593.0,0.0,0.0,-1.0
m1_d1,1594.0,0.0,0.0,-1.0
m1_d1,1595.0,0.0,0.0,-1.0
m1_d1,1596.0,0.0,0.0,-1.0
m1_d1,1597.0,0.0,0.0,-1.0
m1_d1,1598.0,0.0,0.0,-1.0
m1_d1,1599.0,0.0,0.0,-1.0
m1_d1,1600.0,1.0,15.17,32.97
m1_d1,1601.0,1.0,16.32,30.64
m1_d1,1602.0,0.0,0.0,-1.0
m1_d1,1603.0,0.0,0.0,-1.0
m1_d1,1604.0,0.0,0.0,-1.0
m1_d1,1605.0,1.0,12.48,40.05
m1_d1,1606.0,0.0,0.0,-1.0
m1_d1,1607.0,0.0,0.0,-1.0
m1_d1,1608.0,0.0,0.0,-1.0
m1_d1,1609.0,0.0,0.0,-1.0
m1_d1,1610.0,0.0,0.0,-1.0
m1_d1,1611.0,1.0,13.18,37.94
m1_d1,1612.0,0.0,0.0,-1.0
m1_d1,1613.0,1.0,15.08,33.15
m1_d1,1614.0,0.0,0.0,-1.0
m1_d1,1615.0,0.0,0.0,-1.0
m1_d1,1616.0,0.0,0.0,-1.0
m1_d1,1617.0,0.0,0.0,-1.0
m1_d1,1618.0,0.0,0.0,-1.0
m1_d1,1619.0,1.0,15.22,32.85
m1_d1,1620.0,1.0,15.22,32.85
m1_d1,1621.0,0.0,0.0,-1.0
m1_d1,1622.0,1.0,15.03,33.27
m1_d1,1623.0,1.0,14.65,34.13
m1_d1,1624.0,0.0,0.0,-1.0
m1_d1,1625.0,0.0,0.0,-1.0
m1_d1,1626.0,1.0,13.54,36.94
m1_d1,1627.0,0.0,0.0,-1.0
m1_d1,1628.0,0.0,0.0,-1.0
m1_d1,1629.0,0.0,0.0,-1.0
m1_d1,1630.0,0.0,0.0,-1.0
m1_d1,1631.0,0.0,0.0,-1.0
m1_d1,1632.0,1.0,12.24,40.83
m1_d1,1633.0,0.0,0.0,-1.0
m1_d1,1634.0,0.0,0.0,-1.0
m1_d1,1635.0,0.0,0.0,-1.0
m1_d1,1636.0,0.0,0.0,-1.0
m1_d1,1637.0,0.0,0.0,-1.0
m1_d1,1638.0,1.0,14.35,34.85
m1_d1,1639.0,0.0,0.0,-1.0
m1_d1,1640.0,0.0,0.0,-1.0
m1_d1,1641.0,0.0,0.0,-1.0
m1_d1,1642.0,0.0,0.0,-1.0
m1_d1,1643.0,0.0,0.0,-1.0
m1_d1,1644.0,0.0,0.0,-1.0
m1_d1,1645.0,0.0,0.0,-1.0
m1_d1,1646.0,0.0,0.0,-1.0
m1_d1,1647.0,0.0,3.74,-1.0
m1_d1,1648.0,1.0,12.03,31.71
m1_d1,1649.0,1.0,15.78,31.69
m1_d1,1650.0,0.0,0.0,-1.0
m1_d1,1651.0,1.0,15.0,33.33
m1_d1,1652.0,0.0,0.0,-1.0
m1_d1,1653.0,0.0,0.0,-1.0
m1_d1,1654.0,0.0,0.0,-1.0
m1_d1,1655.0,0.0,0.0,-1.0
m1_d1,1656.0,0.0,0.0,-1.0
m1_d1,1657.0,0.0,0.0,-1.0
m1_d1,1658.0,0.0,0.0,-1.0
m1_d1,1659.0,1.0,13.76,36.34
m1_d1,1660.0,1.0,13.66,36.6
m1_d1,1661.0,0.0,0.0,-1.0
m1_d1,1662.0,0.0,0.0,-1.0
m1_d1,1663.0,0.0,0.0,-1.0
m1_d1,1664.0,0.0,0.0,-1.0
m1_d1,1665.0,0.0,0.0,-1.0
m1_d1,1666.0,0.0,0.0,-1.0
m1_d1,1667.0,0.0,0.0,-1.0
m1_d1,1668.0,1.0,13.15,38.01
m1_d1,1669.0,0.0,6.47,-1.0
m1_d1,1670.0,1.0,8.81,32.71
m1_d1,1671.0,0.0,0.0,-1.0
m1_d1,1672.0,0.0,0.0,-1.0
m1_d1,1673.0,0.0,0.0,-1.0
m1_d1,1674.0,0.0,0.0,-1.0
m1_d1,1675.0,0.0,0.0,-1.0
m1_d1,1676.0,0.0,0.0,-1.0
m1_d1,1677.0,0.0,0.0,-1.0
m1_d1,1678.0,0.0,0.0,-1.0
m1_d1,1679.0,0.0,0.0,-1.0
m1_d1,1680.0,0.0,0.0,-1.0
m1_d1,1681.0,0.0,0.0,-1.0
m1_d1,1682.0,0.0,0.0,-1.0
m1_d1,1683.0,0.0,0.0,-1.0
m1_d1,1684.0,0.0,0.0,-1.0
m1_d1,1685.0,0.0,0.0,-1.0
m1_d1,1686.0,1.0,15.02,33.29
m1_d1,1687.0,0.0,0.0,-1.0
m1_d1,1688.0,0.0,0.0,-1.0
m1_d1,1689.0,0.0,0.0,-1.0
m1_d1,1690.0,0.0,0.0,-1.0
m1_d1,1691.0,0.0,0.0,-1.0
m1_d1,1692.0,1.0,16.21,30.84
m1_d1,1693.0,0.0,0.0,-1.0
m1_d1,1694.0,0.0,0.0,-1.0
m1_d1,1695.0,0.0,0.0,-1.0
m1_d1,1696.0,0.0,0.0,-1.0
m1_d1,1697.0,0.0,0.0,-1.0
m1_d1,1698.0,0.0,0.0,-1.0
m1_d1,1699.0,0.0,0.0,-1.0
m1_d1,1700.0,1.0,14.77,33.86
m1_d1,1701.0,1.0,14.54,34.4
m1_d1,1702.0,0.0,0.0,-1.0
m1_d1,1703.0,0.0,0.0,-1.0
m1_d1,1704.0,0.0,0.0,-1.0
m1_d1,1705.0,0.0,0.0,-1.0
m1_d1,1706.0,0.0,0.0,-1.0
m1_d1,1707.0,0.0,0.0,-1.0
m1_d1,1708.0,0.0,0.0,-1.0
m1_d1,1709.0,0.0,0.0,-1.0
m1_d1,1710.0,1.0,14.36,34.82
m1_d1,1711.0,0.0,0.0,-1.0
m1_d1,1712.0,0.0,0.0,-1.0
m1_d1,1713.0,0.0,0.0,-1.0
m1_d1,1714.0,0.0,8.91,-1.0
m1_d1,1715.0,1.0,4.2,38.13
m1_d1,1716.0,0.0,0.0,-1.0
m1_d1,1717.0,0.0,0.0,-1.0
m1_d1,1718.0,0.0,0.0,-1.0
m1_d1,1719.0,0.0,0.0,-1.0
m1_d1,1720.0,0.0,0.0,-1.0
m1_d1,1721.0,0.0,0.0,-1.0
m1_d1,1722.0,0.0,0.0,-1.0
m1_d1,1723.0,0.0,0.0,-1.0
m1_d1,1724.0,1.0,14.28,35.0
m1_d1,1725.0,0.0,0.0,-1.0
m1_d1,1726.0,0.0,0.0,-1.0
m1_d1,1727.0,0.0,3.89,-1.0
m1_d1,1728.0,1.0,10.12,35.69
m1_d1,1729.0,0.0,0.0,-1.0
m1_d1,1730.0,0.0,0.0,-1.0
m1_d1,1731.0,0.0,0.0,-1.0
m1_d1,1732.0,0.0,0.0,-1.0
m1_d1,1733.0,0.0,0.0,-1.0
m1_d1,1734.0,0.0,0.0,-1.0
m1_d1,1735.0,0.0,0.0,-1.0
m1_d1,1736.0,0.0,0.0,-1.0
m1_d1,1737.0,0.0,0.0,-1.0
m1_d1,1738.0,0.0,0.0,-1.0
m1_d1,1739.0,0.0,0.0,-1.0
m1_d1,1740.0,1.0,12.27,40.76
m1_d1,1741.0,0.0,0.0,-1.0
m1_d1,1742.0,0.0,0.0,-1.0
m1_d1,1743.0,0.0,0.0,-1.0
m1_d1,1744.0,0.0,0.0,-1.0
m1_d1,1745.0,0.0,0.0,-1.0
m1_d1,1746.0,1.0,14.1,35.45
m1_d1,1747.0,1.0,13.9,35.97
m1_d1,1748.0,0.0,0.0,-1.0
m1_d1,1749.0,0.0,0.0,-1.0
m1_d1,1750.0,0.0,0.0,-1.0
m1_d1,1751.0,0.0,0.0,-1.0
m1_d1,1752.0,0.0,0.0,-1.0
m1_d1,1753.0,0.0,0.0,-1.0
m1_d1,1754.0,0.0,0.0,-1.0
m1_d1,1755.0,0.0,0.0,-1.0
m1_d1,1756.0,0.0,0.0,-1.0
m1_d1,1757.0,0.0,0.0,-1.0
m1_d1,1758.0,0.0,0.0,-1.0
m1_d1,1759.0,1.0,15.54,32.17
m1_d1,1760.0,0.0,7.72,-1.0
m1_d1,1761.0,1.0,7.68,32.48
m1_d1,1762.0,1.0,14.67,34.09
m1_d1,1763.0,0.0,0.0,-1.0
m1_d1,1764.0,0.0,0.0,-1.0
m1_d1,1765.0,0.0,0.0,-1.0
m1_d1,1766.0,0.0,0.0,-1.0
m1_d1,1767.0,0.0,0.0,-1.0
m1_d1,1768.0,0.0,0.0,-1.0
m1_d1,1769.0,0.0,0.0,-1.0
m1_d1,1770.0,0.0,0.0,-1.0
m1_d1,1771.0,0.0,0.0,-1.0
m1_d1,1772.0,0.0,0.0,-1.0
m1_d1,1773.0,1.0,15.49,32.28
m1_d1,1774.0,0.0,0.0,-1.0
m1_d1,1775.0,0.0,0.0,-1.0
m1_d1,1776.0,0.0,0.0,-1.0
m1_d1,1777.0,0.0,0.0,-1.0
m1_d1,1778.0,0.0,0.0,-1.0
m1_d1,1779.0,1.0,14.5,34.47
m1_d1,1780.0,0.0,7.71,-1.0
m1_d1,1781.0,1.0,6.63,34.87
m1_d1,1782.0,0.0,0.0,-1.0
m1_d1,1783.0,0.0,0.0,-1.0
m1_d1,1784.0,0.0,0.0,-1.0
m1_d1,1785.0,0.0,0.0,-1.0
m1_d1,1786.0,0.0,0.0,-1.0
m1_d1,1787.0,0.0,0.0,-1.0
m1_d1,1788.0,0.0,0.0,-1.0
m1_d1,1789.0,0.0,0.0,-1.0
m1_d1,1790.0,0.0,0.0,-1.0
m1_d1,1791.0,1.0,15.51,32.24
m1_d1,1792.0,0.0,12.46,-1.0
m1_d1,1793.0,1.0,2.44,33.56
m1_d1,1794.0,1.0,14.7,34.02
m1_d1,1795.0,0.0,0.0,-1.0
m1_d1,1796.0,0.0,0.0,-1.0
m1_d1,1797.0,0.0,0.0,-1.0
m1_d1,1798.0,0.0,0.0,-1.0
m1_d1,1799.0,0.0,0.0,-1.0
m1_d1,1800.0,0.0,0.0,-1.0
m1_d1,1801.0,0.0,0.0,-1.0
m1_d1,1802.0,0.0,0.0,-1.0
m1_d1,1803.0,0.0,0.0,-1.0
m1_d1,1804.0,0.0,0.0,-1.0
m1_d1,1805.0,0.0,0.0,-1.0
m1_d1,1806.0,0.0,0.0,-1.0
m1_d1,1807.0,0.0,0.0,-1.0
m1_d1,1808.0,0.0,0.0,-1.0
m1_d1,1809.0,0.0,0.0,-1.0
m1_d1,1810.0,0.0,0.0,-1.0
m1_d1,1811.0,0.0,0.0,-1.0
m1_d1,1812.0,0.0,0.0,-1.0
m1_d1,1813.0,1.0,17.76,28.15
m1_d1,1814.0,0.0,0.0,-1.0
m1_d1,1815.0,0.0,0.0,-1.0
m1_d1,1816.0,1.0,16.76,29.83
m1_d1,1817.0,0.0,0.0,-1.0
m1_d1,1818.0,0.0,5.44,-1.0
m1_d1,1819.0,1.0,11.01,30.39
m1_d1,1820.0,1.0,16.23,30.81
m1_d1,1821.0,0.0,0.0,-1.0
m1_d1,1822.0,0.0,0.0,-1.0
m1_d1,1823.0,0.0,0.0,-1.0
m1_d1,1824.0,0.0,0.0,-1.0
m1_d1,1825.0,0.0,0.0,-1.0
m1_d1,1826.0,0.0,0.0,-1.0
m1_d1,1827.0,0.0,0.0,-1.0
m1_d1,1828.0,0.0,0.0,-1.0
m1_d1,1829.0,0.0,0.0,-1.0
m1_d1,1830.0,1.0,12.33,40.54
m1_d1,1831.0,0.0,0.0,-1.0
m1_d1,1832.0,1.0,13.76,36.34
m1_d1,1833.0,1.0,13.54,36.93
m1_d1,1834.0,0.0,0.0,-1.0
m1_d1,1835.0,0.0,0.0,-1.0
m1_d1,1836.0,0.0,0.0,-1.0
m1_d1,1837.0,0.0,0.0,-1.0
m1_d1,1838.0,0.0,0.0,-1.0
m1_d1,1839.0,0.0,0.0,-1.0
m1_d1,1840.0,0.0,0.0,-1.0
m1_d1,1841.0,0.0,0.0,-1.0
m1_d1,1842.0,0.0,0.0,-1.0
m1_d1,1843.0,0.0,0.0,-1.0
m1_d1,1844.0,1.0,14.89,33.57
m1_d1,1845.0,0.0,0.0,-1.0
m1_d1,1846.0,0.0,0.0,-1.0
m1_d1,1847.0,0.0,0.0,-1.0
m1_d1,1848.0,0.0,0.0,-1.0
m1_d1,1849.0,0.0,0.0,-1.0
m1_d1,1850.0,0.0,0.0,-1.0
m1_d1,1851.0,1.0,14.81,33.76
m1_d1,1852.0,0.0,0.0,-1.0
m1_d1,1853.0,1.0,14.32,34.91
m1_d1,1854.0,0.0,0.0,-1.0
m1_d1,1855.0,0.0,0.0,-1.0
m1_d1,1856.0,0.0,0.0,-1.0
m1_d1,1857.0,0.0,0.0,-1.0
m1_d1,1858.0,0.0,0.0,-1.0
m1_d1,1859.0,0.0,0.0,-1.0
m1_d1,1860.0,0.0,0.0,-1.0
m1_d1,1861.0,0.0,0.0,-1.0
m1_d1,1862.0,0.0,0.0,-1.0
m1_d1,1863.0,0.0,0.0,-1.0
m1_d1,1864.0,0.0,0.0,-1.0
m1_d1,1865.0,1.0,16.4,30.49
m1_d1,1866.0,0.0,0.0,-1.0
m1_d1,1867.0,0.0,0.0,-1.0
m1_d1,1868.0,0.0,0.0,-1.0
m1_d1,1869.0,1.0,14.57,34.31
m1_d1,1870.0,0.0,0.0,-1.0
m1_d1,1871.0,0.0,0.0,-1.0
m1_d1,1872.0,0.0,0.0,-1.0
m1_d1,1873.0,0.0,0.0,-1.0
m1_d1,1874.0,0.0,0.0,-1.0
m1_d1,1875.0,0.0,0.0,-1.0
m1_d1,1876.0,0.0,0.0,-1.0
m1_d1,1877.0,0.0,0.0,-1.0
m1_d1,1878.0,0.0,0.0,-1.0
m1_d1,1879.0,1.0,12.31,40.63
m1_d1,1880.0,0.0,0.0,-1.0
m1_d1,1881.0,0.0,0.0,-1.0
m1_d1,1882.0,0.0,0.0,-1.0
m1_d1,1883.0,0.0,0.0,-1.0
m1_d1,1884.0,0.0,0.0,-1.0
m1_d1,1885.0,0.0,0.0,-1.0
m1_d1,1886.0,0.0,0.0,-1.0
m1_d1,1887.0,0.0,0.0,-1.0
m1_d1,1888.0,0.0,0.0,-1.0
m1_d1,1889.0,0.0,0.0,-1.0
m1_d1,1890.0,1.0,14.26,35.07
m1_d1,1891.0,1.0,14.09,35.48
m1_d1,1892.0,0.0,0.0,-1.0
m1_d1,1893.0,0.0,0.0,-1.0
m1_d1,1894.0,0.0,0.0,-1.0
m1_d1,1895.0,0.0,0.0,-1.0
m1_d1,1896.0,0.0,0.0,-1.0
m1_d1,1897.0,0.0,0.0,-1.0
m1_d1,1898.0,0.0,9.28,-1.0
m1_d1,1899.0,1.0,3.87,38.03
m1_d1,1900.0,0.0,0.0,-1.0
m1_d1,1901.0,0.0,0.0,-1.0
m1_d1,1902.0,0.0,0.0,-1.0
m1_d1,1903.0,0.0,0.0,-1.0
m1_d1,1904.0,0.0,0.0,-1.0
m1_d1,1905.0,0.0,0.0,-1.0
m1_d1,1906.0,0.0,0.0,-1.0
m1_d1,1907.0,0.0,0.0,-1.0
m1_d1,1908.0,0.0,0.0,-1.0
m1_d1,1909.0,0.0,0.0,-1.0
m1_d1,1910.0,0.0,0.0,-1.0
m1_d1,1911.0,0.0,0.0,-1.0
m1_d1,1912.0,0.0,0.0,-1.0
m1_d1,1913.0,0.0,0.0,-1.0
m1_d1,1914.0,0.0,0.0,-1.0
m1_d1,1915.0,0.0,0.0,-1.0
m1_d1,1916.0,0.0,0.0,-1.0
m1_d1,1917.0,0.0,0.0,-1.0
m1_d1,1918.0,0.0,0.0,-1.0
m1_d1,1919.0,0.0,0.0,-1.0
m1_d1,1920.0,0.0,0.0,-1.0
m1_d1,1921.0,1.0,14.9,33.56
m1_d1,1922.0,0.0,0.0,-1.0
m1_d1,1923.0,0.0,0.0,-1.0
m1_d1,1924.0,1.0,15.5,32.26
m1_d1,1925.0,0.0,0.0,-1.0
m1_d1,1926.0,0.0,0.0,-1.0
m1_d1,1927.0,0.0,0.0,-1.0
m1_d1,1928.0,0.0,0.0,-1.0
m1_d1,1929.0,0.0,0.0,-1.0
m1_d1,1930.0,1.0,14.71,33.99
m1_d1,1931.0,0.0,0.0,-1.0
m1_d1,1932.0,0.0,0.0,-1.0
m1_d1,1933.0,0.0,0.0,-1.0
m1_d1,1934.0,0.0,0.0,-1.0
m1_d1,1935.0,0.0,0.0,-1.0
m1_d1,1936.0,0.0,0.0,-1.0
m1_d1,1937.0,1.0,14.46,34.58
m1_d1,1938.0,0.0,0.0,-1.0
m1_d1,1939.0,0.0,0.0,-1.0
m1_d1,1940.0,0.0,8.14,-1.0
m1_d1,1941.0,1.0,6.24,34.78
m1_d1,1942.0,0.0,0.0,-1.0
m1_d1,1943.0,0.0,0.0,-1.0
m1_d1,1944.0,0.0,0.0,-1.0
m1_d1,1945.0,1.0,12.3,40.64
m1_d1,1946.0,0.0,0.0,-1.0
m1_d1,1947.0,0.0,0.0,-1.0
m1_d1,1948.0,0.0,0.0,-1.0
m1_d1,1949.0,0.0,0.0,-1.0
m1_d1,1950.0,0.0,0.0,-1.0
m1_d1,1951.0,0.0,0.0,-1.0
m1_d1,1952.0,0.0,0.0,-1.0
m1_d1,1953.0,0.0,0.0,-1.0
m1_d1,1954.0,0.0,0.0,-1.0
m1_d1,1955.0,0.0,0.0,-1.0
m1_d1,1956.0,1.0,14.99,33.36
m1_d1,1957.0,0.0,0.0,-1.0
m1_d1,1958.0,0.0,0.0,-1.0
m1_d1,1959.0,0.0,0.0,-1.0
m1_d1,1960.0,1.0,13.3,37.59
m1_d1,1961.0,0.0,0.0,-1.0
m1_d1,1962.0,0.0,0.0,-1.0
m1_d1,1963.0,0.0,0.0,-1.0
m1_d1,1964.0,0.0,0.0,-1.0
m1_d1,1965.0,0.0,0.0,-1.0
m1_d1,1966.0,0.0,0.0,-1.0
m1_d1,1967.0,0.0,0.0,-1.0
m1_d1,1968.0,0.0,0.0,-1.0
m1_d1,1969.0,0.0,0.0,-1.0
m1_d1,1970.0,0.0,0.0,-1.0
m1_d1,1971.0,0.0,0.0,-1.0
m1_d1,1972.0,0.0,0.0,-1.0
m1_d1,1973.0,1.0,14.53,34.4
m1_d1,1974.0,0.0,0.0,-1.0
m1_d1,1975.0,0.0,0.0,-1.0
m1_d1,1976.0,0.0,0.0,-1.0
m1_d1,1977.0,0.0,0.0,-1.0
m1_d1,1978.0,0.0,0.0,-1.0
m1_d1,1979.0,0.0,0.0,-1.0
m1_d1,1980.0,0.0,0.0,-1.0
m1_d1,1981.0,0.0,0.0,-1.0
m1_d1,1982.0,0.0,0.0,-1.0
m1_d1,1983.0,0.0,0.0,-1.0
m1_d1,1984.0,1.0,16.63,30.06
m1_d1,1985.0,0.0,0.0,-1.0
m1_d1,1986.0,1.0,16.92,29.56
m1_d1,1987.0,0.0,0.0,-1.0
m1_d1,1988.0,0.0,0.0,-1.0
m1_d1,1989.0,0.0,0.0,-1.0
m1_d1,1990.0,0.0,0.0,-1.0
m1_d1,1991.0,0.0,0.0,-1.0
m1_d1,1992.0,0.0,0.0,-1.0
m1_d1,1993.0,0.0,0.0,-1.0
m1_d1,1994.0,0.0,0.0,-1.0
m1_d1,1995.0,0.0,0.0,-1.0
m1_d1,1996.0,0.0,0.0,-1.0
m1_d1,1997.0,0.0,0.0,-1.0
m1_d1,1998.0,0.0,0.0,-1.0
m1_d1,1999.0,0.0,7.32,-1.0
m2_d0,0.0,0.0,0.0,-1.0
m2_d0,1.0,0.0,0.0,-1.0
m2_d0,2.0,0.0,0.0,-1.0
m2_d0,3.0,0.0,0.0,-1.0
m2_d0,4.0,0.0,0.0,-1.0
m2_d0,5.0,0.0,0.0,-1.0
m2_d0,6.0,0.0,0.0,-1.0
m2_d0,7.0,0.0,0.0,-1.0
m2_d0,8.0,0.0,0.0,-1.0
m2_d0,9.0,0.0,0.0,-1.0
m2_d0,10.0,0.0,0.0,-1.0
m2_d0,11.0,0.0,0.0,-1.0
m2_d0,12.0,0.0,0.0,-1.0
m2_d0,13.0,0.0,0.0,-1.0
m2_d0,14.0,0.0,0.0,-1.0
m2_d0,15.0,0.0,0.0,-1.0
m2_d0,16.0,0.0,0.0,-1.0
m2_d0,17.0,0.0,0.0,-1.0
m2_d0,18.0,0.0,0.0,-1.0
m2_d0,19.0,0.0,0.0,-1.0
m2_d0,20.0,0.0,0.0,-1.0
m2_d0,21.0,0.0,0.0,-1.0
m2_d0,22.0,0.0,0.0,-1.0
m2_d0,23.0,0.0,0.0,-1.0
m2_d0,24.0,0.0,0.0,-1.0
m2_d0,25.0,0.0,0.0,-1.0
m2_d0,26.0,0.0,0.0,-1.0
m2_d0,27.0,0.0,0.0,-1.0
m2_d0,28.0,1.0,13.46,37.14
m2_d0,29.0,0.0,0.0,-1.0
m2_d0,30.0,0.0,0.0,-1.0
m2_d0,31.0,0.0,0.0,-1.0
m2_d0,32.0,0.0,0.0,-1.0
m2_d0,33.0,0.0,0.0,-1.0
m2_d0,34.0,0.0,0.0,-1.0
m2_d0,35.0,1.0,14.76,33.88
m2_d0,36.0,0.0,0.0,-1.0
m2_d0,37.0,0.0,0.0,-1.0
m2_d0,38.0,0.0,0.0,-1.0
m2_d0,39.0,0.0,0.0,-1.0
m2_d0,40.0,1.0,13.89,35.99
m2_d0,41.0,0.0,0.0,-1.0
m2_d0,42.0,0.0,0.0,-1.0
m2_d0,43.0,0.0,0.0,-1.0
m2_d0,44.0,0.0,0.0,-1.0
m2_d0,45.0,0.0,0.0,-1.0
m2_d0,46.0,0.0,0.0,-1.0
m2_d0,47.0,0.0,0.0,-1.0
m2_d0,48.0,0.0,0.0,-1.0
m2_d0,49.0,0.0,0.0,-1.0
m2_d0,50.0,0.0,0.0,-1.0
m2_d0,51.0,0.0,0.0,-1.0
m2_d0,52.0,0.0,0.0,-1.0
m2_d0,53.0,0.0,0.0,-1.0
m2_d0,54.0,0.0,0.0,-1.0
m2_d0,55.0,0.0,14.03,-1.0
m2_d0,56.0,1.0,5.56,25.53
m2_d0,57.0,0.0,0.0,-1.0
m2_d0,58.0,0.0,0.0,-1.0
m2_d0,59.0,0.0,0.0,-1.0
m2_d0,60.0,0.0,0.0,-1.0
m2_d0,61.0,0.0,0.0,-1.0
m2_d0,62.0,1.0,21.02,23.79
m2_d0,63.0,0.0,0.0,-1.0
m2_d0,64.0,1.0,22.41,22.31
m2_d0,65.0,0.0,0.0,-1.0
m2_d0,66.0,0.0,0.0,-1.0
m2_d0,67.0,0.0,0.0,-1.0
m2_d0,68.0,0.0,0.0,-1.0
m2_d0,69.0,0.0,11.31,-1.0
m2_d0,70.0,1.0,6.41,28.22
m2_d0,71.0,0.0,0.0,-1.0
m2_d0,72.0,0.0,0.0,-1.0
m2_d0,73.0,0.0,0.0,-1.0
m2_d0,74.0,0.0,0.0,-1.0
m2_d0,75.0,0.0,0.0,-1.0
m2_d0,76.0,0.0,0.0,-1.0
m2_d0,77.0,0.0,0.0,-1.0
m2_d0,78.0,1.0,19.86,25.18
m2_d0,79.0,0.0,0.0,-1.0
m2_d0,80.0,0.0,0.0,-1.0
m2_d0,81.0,0.0,0.0,-1.0
m2_d0,82.0,0.0,0.0,-1.0
m2_d0,83.0,0.0,0.0,-1.0
m2_d0,84.0,0.0,0.0,-1.0
m2_d0,85.0,0.0,0.0,-1.0
m2_d0,86.0,0.0,0.0,-1.0
m2_d0,87.0,0.0,0.0,-1.0
m2_d0,88.0,0.0,0.0,-1.0
m2_d0,89.0,0.0,0.0,-1.0
m2_d0,90.0,0.0,0.0,-1.0
m2_d0,91.0,1.0,19.41,25.76
m2_d0,92.0,0.0,9.83,-1.0
m2_d0,93.0,1.0,9.55,25.8
m2_d0,94.0,0.0,0.0,-1.0
m2_d0,95.0,0.0,0.0,-1.0
m2_d0,96.0,0.0,0.0,-1.0
m2_d0,97.0,0.0,0.0,-1.0
m2_d0,98.0,1.0,17.44,28.66
m2_d0,99.0,0.0,0.0,-1.0
m2_d0,100.0,1.0,22.52,22.2
m2_d0,101.0,0.0,0.0,-1.0
m2_d0,102.0,0.0,0.0,-1.0
m2_d0,103.0,0.0,0.0,-1.0
m2_d0,104.0,0.0,0.0,-1.0
m2_d0,105.0,0.0,0.0,-1.0
m2_d0,106.0,0.0,0.0,-1.0
m2_d0,107.0,0.0,0.0,-1.0
m2_d0,108.0,0.0,0.0,-1.0
m2_d0,109.0,0.0,0.0,-1.0
m2_d0,110.0,0.0,0.0,-1.0
m2_d0,111.0,0.0,0.0,-1.0
m2_d0,112.0,0.0,0.0,-1.0
m2_d0,113.0,0.0,0.0,-1.0
m2_d0,114.0,0.0,0.0,-1.0
m2_d0,115.0,0.0,12.38,-1.0
m2_d0,116.0,1.0,6.61,26.34
m2_d0,117.0,0.0,0.0,-1.0
m2_d0,118.0,0.0,10.82,-1.0
m2_d0,119.0,1.0,10.0,24.01
m2_d0,120.0,0.0,0.0,-1.0
m2_d0,121.0,0.0,0.0,-1.0
m2_d0,122.0,0.0,0.0,-1.0
m2_d0,123.0,0.0,0.0,-1.0
m2_d0,124.0,0.0,0.0,-1.0
m2_d0,125.0,0.0,0.0,-1.0
m2_d0,126.0,1.0,15.29,32.7
m2_d0,127.0,0.0,0.0,-1.0
m2_d0,128.0,0.0,0.0,-1.0
m2_d0,129.0,0.0,0.0,-1.0
m2_d0,130.0,0.0,0.0,-1.0
m2_d0,131.0,0.0,0.0,-1.0
m2_d0,132.0,0.0,0.0,-1.0
m2_d0,133.0,0.0,0.0,-1.0
m2_d0,134.0,0.0,0.0,-1.0
m2_d0,135.0,0.0,0.0,-1.0
m2_d0,136.0,0.0,0.0,-1.0
m2_d0,137.0,0.0,0.0,-1.0
m2_d0,138.0,0.0,0.0,-1.0
m2_d0,139.0,0.0,16.77,-1.0
m2_d0,140.0,1.0,3.32,24.89
m2_d0,141.0,0.0,0.0,-1.0
m2_d0,142.0,0.0,0.0,-1.0
m2_d0,143.0,0.0,0.0,-1.0
m2_d0,144.0,0.0,0.0,-1.0
m2_d0,145.0,0.0,0.0,-1.0
m2_d0,146.0,1.0,21.66,23.08
m2_d0,147.0,0.0,0.0,-1.0
m2_d0,148.0,0.0,0.0,-1.0
m2_d0,149.0,0.0,0.0,-1.0
m2_d0,150.0,1.0,23.84,20.97
m2_d0,151.0,0.0,0.0,-1.0
m2_d0,152.0,0.0,0.0,-1.0
m2_d0,153.0,1.0,20.17,24.79
m2_d0,154.0,0.0,0.0,-1.0
m2_d0,155.0,1.0,19.19,26.05
m2_d0,156.0,0.0,0.0,-1.0
m2_d0,157.0,0.0,0.0,-1.0
m2_d0,158.0,0.0,0.0,-1.0
m2_d0,159.0,0.0,0.0,-1.0
m2_d0,160.0,0.0,4.45,-1.0
m2_d0,161.0,1.0,10.2,34.14
m2_d0,162.0,0.0,0.0,-1.0
m2_d0,163.0,0.0,0.0,-1.0
m2_d0,164.0,0.0,0.0,-1.0
m2_d0,165.0,1.0,21.91,22.82
m2_d0,166.0,0.0,0.0,-1.0
m2_d0,167.0,0.0,0.0,-1.0
m2_d0,168.0,0.0,0.0,-1.0
m2_d0,169.0,0.0,1.92,-1.0
m2_d0,170.0,1.0,15.55,28.62
m2_d0,171.0,0.0,0.0,-1.0
m2_d0,172.0,0.0,0.0,-1.0
m2_d0,173.0,0.0,0.0,-1.0
m2_d0,174.0,0.0,0.0,-1.0
m2_d0,175.0,0.0,0.0,-1.0
m2_d0,176.0,0.0,0.0,-1.0
m2_d0,177.0,0.0,0.0,-1.0
m2_d0,178.0,1.0,19.7,25.38
m2_d0,179.0,0.0,0.0,-1.0
m2_d0,180.0,1.0,24.03,20.81
m2_d0,181.0,0.0,0.0,-1.0
m2_d0,182.0,0.0,0.0,-1.0
m2_d0,183.0,0.0,0.0,-1.0
m2_d0,184.0,0.0,0.0,-1.0
m2_d0,185.0,1.0,15.89,31.47
m2_d0,186.0,0.0,0.0,-1.0
m2_d0,187.0,0.0,0.0,-1.0
m2_d0,188.0,0.0,0.0,-1.0
m2_d0,189.0,0.0,0.0,-1.0
m2_d0,190.0,0.0,0.0,-1.0
m2_d0,191.0,0.0,0.0,-1.0
m2_d0,192.0,0.0,0.0,-1.0
m2_d0,193.0,1.0,16.66,30.01
m2_d0,194.0,0.0,0.0,-1.0
m2_d0,195.0,0.0,0.0,-1.0
m2_d0,196.0,0.0,0.0,-1.0
m2_d0,197.0,0.0,0.0,-1.0
m2_d0,198.0,0.0,0.0,-1.0
m2_d0,199.0,1.0,15.67,31.9
m2_d0,200.0,0.0,0.0,-1.0
m2_d0,201.0,0.0,0.0,-1.0
m2_d0,202.0,0.0,10.4,-1.0
m2_d0,203.0,1.0,3.75,35.32
m2_d0,204.0,0.0,0.0,-1.0
m2_d0,205.0,0.0,0.0,-1.0
m2_d0,206.0,0.0,0.0,-1.0
m2_d0,207.0,1.0,14.67,34.09
m2_d0,208.0,0.0,0.0,-1.0
m2_d0,209.0,1.0,20.04,24.95
m2_d0,210.0,0.0,0.0,-1.0
m2_d0,211.0,0.0,0.0,-1.0
m2_d0,212.0,0.0,0.0,-1.0
m2_d0,213.0,0.0,0.0,-1.0
m2_d0,214.0,1.0,16.24,30.78
m2_d0,215.0,0.0,0.0,-1.0
m2_d0,216.0,0.0,0.0,-1.0
m2_d0,217.0,1.0,15.89,31.47
m2_d0,218.0,0.0,0.0,-1.0
m2_d0,219.0,1.0,15.05,33.23
m2_d0,220.0,0.0,0.0,-1.0
m2_d0,221.0,0.0,0.0,-1.0
m2_d0,222.0,1.0,15.0,33.33
m2_d0,223.0,0.0,0.0,-1.0
m2_d0,224.0,0.0,0.0,-1.0
m2_d0,225.0,1.0,14.6,34.26
m2_d0,226.0,0.0,0.0,-1.0
m2_d0,227.0,0.0,0.0,-1.0
m2_d0,228.0,0.0,0.0,-1.0
m2_d0,229.0,0.0,0.0,-1.0
m2_d0,230.0,0.0,0.0,-1.0
m2_d0,231.0,1.0,19.53,25.6
m2_d0,232.0,0.0,0.0,-1.0
m2_d0,233.0,0.0,0.0,-1.0
m2_d0,234.0,0.0,0.0,-1.0
m2_d0,235.0,0.0,0.0,-1.0
m2_d0,236.0,0.0,0.0,-1.0
m2_d0,237.0,0.0,0.0,-1.0
m2_d0,238.0,1.0,19.29,25.92
m2_d0,239.0,0.0,0.0,-1.0
m2_d0,240.0,1.0,19.13,26.14
m2_d0,241.0,0.0,0.0,-1.0
m2_d0,242.0,0.0,0.0,-1.0
m2_d0,243.0,0.0,0.0,-1.0
m2_d0,244.0,0.0,0.0,-1.0
m2_d0,245.0,0.0,0.0,-1.0
m2_d0,246.0,0.0,0.0,-1.0
m2_d0,247.0,0.0,0.0,-1.0
m2_d0,248.0,0.0,0.0,-1.0
m2_d0,249.0,0.0,0.0,-1.0
m2_d0,250.0,0.0,0.0,-1.0
m2_d0,251.0,0.0,0.0,-1.0
m2_d0,252.0,0.0,0.0,-1.0
m2_d0,253.0,0.0,0.0,-1.0
m2_d0,254.0,0.0,3.29,-1.0
m2_d0,255.0,1.0,13.24,30.25
m2_d0,256.0,0.0,0.0,-1.0
m2_d0,257.0,1.0,16.25,30.77
m2_d0,258.0,0.0,0.0,-1.0
m2_d0,259.0,0.0,0.0,-1.0
m2_d0,260.0,0.0,0.0,-1.0
m2_d0,261.0,0.0,0.0,-1.0
m2_d0,262.0,0.0,0.0,-1.0
m2_d0,263.0,0.0,0.0,-1.0
m2_d0,264.0,0.0,0.0,-1.0
m2_d0,265.0,0.0,0.0,-1.0
m2_d0,266.0,0.0,0.0,-1.0
m2_d0,267.0,1.0,19.07,26.21
m2_d0,268.0,0.0,0.0,-1.0
m2_d0,269.0,0.0,0.0,-1.0
m2_d0,270.0,0.0,0.0,-1.0
m2_d0,271.0,0.0,0.0,-1.0
m2_d0,272.0,0.0,0.0,-1.0
m2_d0,273.0,0.0,0.0,-1.0
m2_d0,274.0,0.0,0.0,-1.0
m2_d0,275.0,1.0,22.67,22.06
m2_d0,276.0,0.0,0.0,-1.0
m2_d0,277.0,0.0,0.0,-1.0
m2_d0,278.0,0.0,14.3,-1.0
m2_d0,279.0,1.0,3.46,28.14
m2_d0,280.0,0.0,0.0,-1.0
m2_d0,281.0,0.0,0.0,-1.0
m2_d0,282.0,0.0,0.0,-1.0
m2_d0,283.0,0.0,0.0,-1.0
m2_d0,284.0,0.0,0.0,-1.0
m2_d0,285.0,0.0,0.0,-1.0
m2_d0,286.0,0.0,0.0,-1.0
m2_d0,287.0,0.0,0.0,-1.0
m2_d0,288.0,1.0,20.77,24.08
m2_d0,289.0,0.0,0.0,-1.0
m2_d0,290.0,0.0,0.0,-1.0
m2_d0,291.0,0.0,0.0,-1.0
m2_d0,292.0,1.0,15.94,31.36
m2_d0,293.0,0.0,0.0,-1.0
m2_d0,294.0,1.0,21.7,23.04
m2_d0,295.0,0.0,0.0,-1.0
m2_d0,296.0,0.0,0.0,-1.0
m2_d0,297.0,0.0,0.0,-1.0
m2_d0,298.0,0.0,0.0,-1.0
m2_d0,299.0,1.0,17.36,28.8
m2_d0,300.0,0.0,1.27,-1.0
m2_d0,301.0,1.0,14.71,31.29
m2_d0,302.0,0.0,0.0,-1.0
m2_d0,303.0,0.0,0.0,-1.0
m2_d0,304.0,0.0,0.0,-1.0
m2_d0,305.0,0.0,0.0,-1.0
m2_d0,306.0,1.0,21.4,23.37
m2_d0,307.0,0.0,0.0,-1.0
m2_d0,308.0,0.0,0.0,-1.0
m2_d0,309.0,0.0,0.0,-1.0
m2_d0,310.0,0.0,0.0,-1.0
m2_d0,311.0,0.0,0.0,-1.0
m2_d0,312.0,1.0,14.8,33.8
m2_d0,313.0,0.0,0.0,-1.0
m2_d0,314.0,0.0,0.0,-1.0
m2_d0,315.0,0.0,0.0,-1.0
m2_d0,316.0,0.0,0.0,-1.0
m2_d0,317.0,0.0,0.0,-1.0
m2_d0,318.0,0.0,0.0,-1.0
m2_d0,319.0,0.0,0.0,-1.0
m2_d0,320.0,0.0,0.0,-1.0
m2_d0,321.0,0.0,0.0,-1.0
m2_d0,322.0,1.0,16.45,30.39
m2_d0,323.0,0.0,0.0,-1.0
m2_d0,324.0,0.0,0.0,-1.0
m2_d0,325.0,0.0,0.0,-1.0
m2_d0,326.0,0.0,0.0,-1.0
m2_d0,327.0,0.0,0.0,-1.0
m2_d0,328.0,0.0,0.0,-1.0
m2_d0,329.0,0.0,0.0,-1.0
m2_d0,330.0,1.0,15.08,33.16
m2_d0,331.0,1.0,19.45,25.71
m2_d0,332.0,0.0,0.0,-1.0
m2_d0,333.0,0.0,0.0,-1.0
m2_d0,334.0,0.0,0.0,-1.0
m2_d0,335.0,0.0,0.0,-1.0
m2_d0,336.0,0.0,0.0,-1.0
m2_d0,337.0,1.0,16.75,29.86
m2_d0,338.0,0.0,0.0,-1.0
m2_d0,339.0,0.0,0.0,-1.0
m2_d0,340.0,0.0,0.0,-1.0
m2_d0,341.0,0.0,0.0,-1.0
m2_d0,342.0,1.0,17.34,28.83
m2_d0,343.0,0.0,0.0,-1.0
m2_d0,344.0,0.0,0.0,-1.0
m2_d0,345.0,0.0,0.0,-1.0
m2_d0,346.0,0.0,0.0,-1.0
m2_d0,347.0,0.0,0.0,-1.0
m2_d0,348.0,0.0,0.0,-1.0
m2_d0,349.0,0.0,0.0,-1.0
m2_d0,350.0,0.0,0.0,-1.0
m2_d0,351.0,0.0,0.0,-1.0
m2_d0,352.0,0.0,0.0,-1.0
m2_d0,353.0,0.0,0.0,-1.0
m2_d0,354.0,1.0,19.53,25.6
m2_d0,355.0,0.0,0.0,-1.0
m2_d0,356.0,0.0,0.0,-1.0
m2_d0,357.0,0.0,0.0,-1.0
m2_d0,358.0,0.0,0.0,-1.0
m2_d0,359.0,1.0,16.31,30.66
m2_d0,360.0,0.0,0.0,-1.0
m2_d0,361.0,0.0,0.0,-1.0
m2_d0,362.0,0.0,0.0,-1.0
m2_d0,363.0,0.0,0.0,-1.0
m2_d0,364.0,0.0,0.0,-1.0
m2_d0,365.0,0.0,0.0,-1.0
m2_d0,366.0,0.0,0.0,-1.0
m2_d0,367.0,0.0,0.0,-1.0
m2_d0,368.0,0.0,11.47,-1.0
m2_d0,369.0,1.0,6.42,27.95
m2_d0,370.0,0.0,0.0,-1.0
m2_d0,371.0,0.0,0.0,-1.0
m2_d0,372.0,0.0,0.0,-1.0
m2_d0,373.0,0.0,0.0,-1.0
m2_d0,374.0,0.0,0.0,-1.0
m2_d0,375.0,0.0,0.0,-1.0
m2_d0,376.0,0.0,0.0,-1.0
m2_d0,377.0,0.0,0.0,-1.0
m2_d0,378.0,0.0,0.0,-1.0
m2_d0,379.0,0.0,0.0,-1.0
m2_d0,380.0,0.0,0.0,-1.0
m2_d0,381.0,0.0,7.16,-1.0
m2_d0,382.0,1.0,8.15,32.67
m2_d0,383.0,0.0,0.0,-1.0
m2_d0,384.0,0.0,0.0,-1.0
m2_d0,385.0,0.0,0.0,-1.0
m2_d0,386.0,0.0,0.0,-1.0
m2_d0,387.0,0.0,0.0,-1.0
m2_d0,388.0,1.0,20.3,24.63
m2_d0,389.0,0.0,0.0,-1.0
m2_d0,390.0,0.0,0.0,-1.0
m2_d0,391.0,0.0,0.0,-1.0
m2_d0,392.0,1.0,21.27,23.5
m2_d0,393.0,0.0,0.0,-1.0
m2_d0,394.0,0.0,0.0,-1.0
m2_d0,395.0,1.0,18.22,27.45
m2_d0,396.0,0.0,0.0,-1.0
m2_d0,397.0,1.0,16.59,30.15
m2_d0,398.0,0.0,0.0,-1.0
m2_d0,399.0,0.0,0.0,-1.0
m2_d0,400.0,0.0,0.0,-1.0
m2_d0,401.0,1.0,18.92,26.43
m2_d0,402.0,0.0,0.0,-1.0
m2_d0,403.0,1.0,17.34,28.83
m2_d0,404.0,0.0,0.0,-1.0
m2_d0,405.0,0.0,0.0,-1.0
m2_d0,406.0,0.0,0.0,-1.0
m2_d0,407.0,0.0,0.0,-1.0
m2_d0,408.0,0.0,0.0,-1.0
m2_d0,409.0,0.0,0.0,-1.0
m2_d0,410.0,0.0,0.0,-1.0
m2_d0,411.0,1.0,19.23,26.0
m2_d0,412.0,0.0,0.0,-1.0
m2_d0,413.0,0.0,0.0,-1.0
m2_d0,414.0,0.0,0.0,-1.0
m2_d0,415.0,1.0,19.36,25.83
m2_d0,416.0,0.0,0.0,-1.0
m2_d0,417.0,0.0,0.0,-1.0
m2_d0,418.0,0.0,0.0,-1.0
m2_d0,419.0,0.0,0.0,-1.0
m2_d0,420.0,1.0,17.97,27.82
m2_d0,421.0,0.0,0.0,-1.0
m2_d0,422.0,0.0,0.0,-1.0
m2_d0,423.0,0.0,0.0,-1.0
m2_d0,424.0,0.0,0.0,-1.0
m2_d0,425.0,0.0,0.0,-1.0
m2_d0,426.0,1.0,14.33,34.89
m2_d0,427.0,0.0,0.0,-1.0
m2_d0,428.0,0.0,0.0,-1.0
m2_d0,429.0,0.0,0.0,-1.0
m2_d0,430.0,0.0,0.0,-1.0
m2_d0,431.0,0.0,0.0,-1.0
m2_d0,432.0,0.0,0.0,-1.0
m2_d0,433.0,0.0,0.0,-1.0
m2_d0,434.0,0.0,0.0,-1.0
m2_d0,435.0,0.0,0.0,-1.0
m2_d0,436.0,1.0,17.03,29.36
m2_d0,437.0,0.0,0.0,-1.0
m2_d0,438.0,0.0,0.0,-1.0
m2_d0,439.0,0.0,0.0,-1.0
m2_d0,440.0,0.0,10.84,-1.0
m2_d0,441.0,1.0,7.33,27.52
m2_d0,442.0,0.0,0.0,-1.0
m2_d0,443.0,0.0,0.0,-1.0
m2_d0,444.0,0.0,0.0,-1.0
m2_d0,445.0,0.0,19.38,-1.0
m2_d0,446.0,1.0,0.05,25.73
m2_d0,447.0,0.0,0.0,-1.0
m2_d0,448.0,0.0,0.0,-1.0
m2_d0,449.0,1.0,17.79,28.11
m2_d0,450.0,0.0,0.0,-1.0
m2_d0,451.0,0.0,0.0,-1.0
m2_d0,452.0,0.0,0.0,-1.0
m2_d0,453.0,0.0,0.0,-1.0
m2_d0,454.0,1.0,22.46,22.26
m2_d0,455.0,0.0,0.0,-1.0
m2_d0,456.0,0.0,0.0,-1.0
m2_d0,457.0,0.0,0.0,-1.0
m2_d0,458.0,0.0,0.0,-1.0
m2_d0,459.0,0.0,0.0,-1.0
m2_d0,460.0,0.0,0.0,-1.0
m2_d0,461.0,0.0,0.0,-1.0
m2_d0,462.0,0.0,0.0,-1.0
m2_d0,463.0,0.0,0.0,-1.0
m2_d0,464.0,0.0,13.42,-1.0
m2_d0,465.0,1.0,6.91,24.6
m2_d0,466.0,0.0,0.0,-1.0
m2_d0,467.0,0.0,0.0,-1.0
m2_d0,468.0,0.0,0.0,-1.0
m2_d0,469.0,1.0,20.35,24.56
m2_d0,470.0,0.0,0.0,-1.0
m2_d0,471.0,0.0,0.0,-1.0
m2_d0,472.0,1.0,16.14,30.98
m2_d0,473.0,0.0,0.0,-1.0
m2_d0,474.0,0.0,0.0,-1.0
m2_d0,475.0,1.0,15.43,32.41
m2_d0,476.0,1.0,15.58,32.09
m2_d0,477.0,0.0,0.0,-1.0
m2_d0,478.0,0.0,0.0,-1.0
m2_d0,479.0,0.0,0.0,-1.0
m2_d0,480.0,0.0,0.0,-1.0
m2_d0,481.0,0.0,0.0,-1.0
m2_d0,482.0,0.0,0.0,-1.0
m2_d0,483.0,0.0,0.0,-1.0
m2_d0,484.0,0.0,0.0,-1.0
m2_d0,485.0,0.0,0.0,-1.0
m2_d0,486.0,0.0,0.0,-1.0
m2_d0,487.0,1.0,16.23,30.8
m2_d0,488.0,0.0,0.0,-1.0
m2_d0,489.0,0.0,0.0,-1.0
m2_d0,490.0,0.0,0.0,-1.0
m2_d0,491.0,0.0,0.0,-1.0
m2_d0,492.0,0.0,0.0,-1.0
m2_d0,493.0,0.0,0.0,-1.0
m2_d0,494.0,0.0,0.0,-1.0
m2_d0,495.0,0.0,0.0,-1.0
m2_d0,496.0,0.0,5.54,-1.0
m2_d0,497.0,1.0,12.99,26.98
m2_d0,498.0,0.0,0.0,-1.0
m2_d0,499.0,0.0,0.0,-1.0
m2_d0,500.0,0.0,0.0,-1.0
m2_d0,501.0,1.0,16.18,30.9
m2_d0,502.0,0.0,0.0,-1.0
m2_d0,503.0,0.0,0.0,-1.0
m2_d0,504.0,1.0,15.17,32.97
m2_d0,505.0,0.0,0.0,-1.0
m2_d0,506.0,0.0,0.0,-1.0
m2_d0,507.0,0.0,0.0,-1.0
m2_d0,508.0,0.0,0.0,-1.0
m2_d0,509.0,0.0,0.0,-1.0
m2_d0,510.0,0.0,1.43,-1.0
m2_d0,511.0,1.0,14.7,30.99
m2_d0,512.0,0.0,0.0,-1.0
m2_d0,513.0,0.0,0.0,-1.0
m2_d0,514.0,1.0,21.94,22.79
m2_d0,515.0,0.0,0.0,-1.0
m2_d0,516.0,0.0,0.0,-1.0
m2_d0,517.0,0.0,0.0,-1.0
m2_d0,518.0,1.0,18.59,26.89
m2_d0,519.0,0.0,0.0,-1.0
m2_d0,520.0,0.0,0.0,-1.0
m2_d0,521.0,0.0,0.0,-1.0
m2_d0,522.0,0.0,0.0,-1.0
m2_d0,523.0,0.0,0.0,-1.0
m2_d0,524.0,0.0,0.0,-1.0
m2_d0,525.0,1.0,19.87,25.16
m2_d0,526.0,0.0,0.0,-1.0
m2_d0,527.0,0.0,0.0,-1.0
m2_d0,528.0,1.0,16.91,29.57
m2_d0,529.0,1.0,17.07,29.28
m2_d0,530.0,0.0,0.0,-1.0
m2_d0,531.0,0.0,0.0,-1.0
m2_d0,532.0,1.0,19.81,25.24
m2_d0,533.0,0.0,0.0,-1.0
m2_d0,534.0,1.0,16.2,30.85
m2_d0,535.0,0.0,0.0,-1.0
m2_d0,536.0,0.0,0.0,-1.0
m2_d0,537.0,0.0,0.0,-1.0
m2_d0,538.0,0.0,0.0,-1.0
m2_d0,539.0,0.0,0.0,-1.0
m2_d0,540.0,0.0,0.0,-1.0
m2_d0,541.0,0.0,0.0,-1.0
m2_d0,542.0,0.0,0.0,-1.0
m2_d0,543.0,0.0,0.0,-1.0
m2_d0,544.0,0.0,9.01,-1.0
m2_d0,545.0,1.0,8.41,28.71
m2_d0,546.0,0.0,18.67,-1.0
m2_d0,547.0,1.0,3.42,22.64
m2_d0,548.0,0.0,0.0,-1.0
m2_d0,549.0,0.0,0.0,-1.0
m2_d0,550.0,0.0,0.0,-1.0
m2_d0,551.0,0.0,0.0,-1.0
m2_d0,552.0,1.0,20.16,24.8
m2_d0,553.0,0.0,0.0,-1.0
m2_d0,554.0,1.0,19.84,25.2
m2_d0,555.0,0.0,0.0,-1.0
m2_d0,556.0,0.0,0.0,-1.0
m2_d0,557.0,1.0,19.92,25.1
m2_d0,558.0,0.0,0.0,-1.0
m2_d0,559.0,0.0,0.0,-1.0
m2_d0,560.0,1.0,17.26,28.97
m2_d0,561.0,0.0,0.0,-1.0
m2_d0,562.0,0.0,0.0,-1.0
m2_d0,563.0,1.0,15.89,31.47
m2_d0,564.0,0.0,0.0,-1.0
m2_d0,565.0,0.0,0.0,-1.0
m2_d0,566.0,0.0,0.0,-1.0
m2_d0,567.0,0.0,0.0,-1.0
m2_d0,568.0,0.0,0.0,-1.0
m2_d0,569.0,0.0,0.0,-1.0
m2_d0,570.0,1.0,18.08,27.65
m2_d0,571.0,0.0,0.0,-1.0
m2_d0,572.0,0.0,0.0,-1.0
m2_d0,573.0,0.0,0.0,-1.0
m2_d0,574.0,0.0,0.0,-1.0
m2_d0,575.0,0.0,6.82,-1.0
m2_d0,576.0,1.0,15.32,22.58
m2_d0,577.0,0.0,0.0,-1.0
m2_d0,578.0,0.0,0.0,-1.0
m2_d0,579.0,0.0,0.0,-1.0
m2_d0,580.0,1.0,20.5,24.38
m2_d0,581.0,0.0,0.0,-1.0
m2_d0,582.0,0.0,14.7,-1.0
m2_d0,583.0,1.0,7.9,22.12
m2_d0,584.0,0.0,0.0,-1.0
m2_d0,585.0,0.0,0.0,-1.0
m2_d0,586.0,0.0,0.0,-1.0
m2_d0,587.0,1.0,21.69,23.05
m2_d0,588.0,0.0,0.0,-1.0
m2_d0,589.0,1.0,20.68,24.18
m2_d0,590.0,0.0,0.0,-1.0
m2_d0,591.0,0.0,0.0,-1.0
m2_d0,592.0,0.0,0.0,-1.0
m2_d0,593.0,0.0,0.0,-1.0
m2_d0,594.0,1.0,15.88,31.48
m2_d0,595.0,0.0,0.0,-1.0
m2_d0,596.0,0.0,0.0,-1.0
m2_d0,597.0,0.0,0.0,-1.0
m2_d0,598.0,0.0,0.0,-1.0
m2_d0,599.0,0.0,0.0,-1.0
m2_d0,600.0,1.0,16.16,30.93
m2_d0,601.0,0.0,0.0,-1.0
m2_d0,602.0,1.0,16.35,30.58
m2_d0,603.0,0.0,0.0,-1.0
m2_d0,604.0,0.0,0.0,-1.0
m2_d0,605.0,0.0,0.0,-1.0
m2_d0,606.0,0.0,0.0,-1.0
m2_d0,607.0,0.0,0.0,-1.0
m2_d0,608.0,0.0,0.0,-1.0
m2_d0,609.0,0.0,0.0,-1.0
m2_d0,610.0,1.0,16.36,30.57
m2_d0,611.0,0.0,0.0,-1.0
m2_d0,612.0,0.0,0.0,-1.0
m2_d0,613.0,1.0,15.85,31.55
m2_d0,614.0,0.0,0.0,-1.0
m2_d0,615.0,0.0,0.0,-1.0
m2_d0,616.0,0.0,0.0,-1.0
m2_d0,617.0,0.0,0.0,-1.0
m2_d0,618.0,1.0,15.68,31.88
m2_d0,619.0,0.0,0.0,-1.0
m2_d0,620.0,0.0,0.0,-1.0
m2_d0,621.0,0.0,0.0,-1.0
m2_d0,622.0,0.0,0.0,-1.0
m2_d0,623.0,1.0,15.67,31.91
m2_d0,624.0,0.0,0.0,-1.0
m2_d0,625.0,0.0,0.0,-1.0
m2_d0,626.0,0.0,0.0,-1.0
m2_d0,627.0,1.0,15.45,32.36
m2_d0,628.0,0.0,0.0,-1.0
m2_d0,629.0,1.0,15.47,32.32
m2_d0,630.0,1.0,20.23,24.71
m2_d0,631.0,0.0,0.0,-1.0
m2_d0,632.0,0.0,0.0,-1.0
m2_d0,633.0,0.0,0.0,-1.0
m2_d0,634.0,0.0,0.0,-1.0
m2_d0,635.0,0.0,0.0,-1.0
m2_d0,636.0,0.0,0.0,-1.0
m2_d0,637.0,0.0,0.0,-1.0
m2_d0,638.0,0.0,0.0,-1.0
m2_d0,639.0,1.0,18.91,26.44
m2_d0,640.0,0.0,0.0,-1.0
m2_d0,641.0,0.0,0.0,-1.0
m2_d0,642.0,1.0,16.01,31.24
m2_d0,643.0,0.0,0.0,-1.0
m2_d0,644.0,0.0,0.0,-1.0
m2_d0,645.0,0.0,0.0,-1.0
m2_d0,646.0,0.0,0.0,-1.0
m2_d0,647.0,0.0,0.0,-1.0
m2_d0,648.0,0.0,0.0,-1.0
m2_d0,649.0,0.0,0.0,-1.0
m2_d0,650.0,0.0,0.0,-1.0
m2_d0,651.0,0.0,0.0,-1.0
m2_d0,652.0,1.0,17.53,28.53
m2_d0,653.0,0.0,0.0,-1.0
m2_d0,654.0,0.0,0.0,-1.0
m2_d0,655.0,0.0,0.0,-1.0
m2_d0,656.0,0.0,0.0,-1.0
m2_d0,657.0,1.0,21.0,23.8
m2_d0,658.0,0.0,0.0,-1.0
m2_d0,659.0,0.0,0.0,-1.0
m2_d0,660.0,1.0,24.77,20.19
m2_d0,661.0,0.0,0.0,-1.0
m2_d0,662.0,0.0,0.0,-1.0
m2_d0,663.0,0.0,0.0,-1.0
m2_d0,664.0,0.0,0.0,-1.0
m2_d0,665.0,0.0,0.0,-1.0
m2_d0,666.0,1.0,18.97,26.36
m2_d0,667.0,0.0,0.0,-1.0
m2_d0,668.0,0.0,0.0,-1.0
m2_d0,669.0,1.0,17.62,28.38
m2_d0,670.0,0.0,0.0,-1.0
m2_d0,671.0,0.0,0.0,-1.0
m2_d0,672.0,0.0,0.0,-1.0
m2_d0,673.0,0.0,0.0,-1.0
m2_d0,674.0,0.0,0.0,-1.0
m2_d0,675.0,0.0,0.0,-1.0
m2_d0,676.0,0.0,0.0,-1.0
m2_d0,677.0,0.0,0.0,-1.0
m2_d0,678.0,0.0,0.0,-1.0
m2_d0,679.0,0.0,0.0,-1.0
m2_d0,680.0,1.0,16.9,29.59
m2_d0,681.0,0.0,0.0,-1.0
m2_d0,682.0,0.0,0.0,-1.0
m2_d0,683.0,0.0,0.0,-1.0
m2_d0,684.0,0.0,0.0,-1.0
m2_d0,685.0,0.0,0.0,-1.0
m2_d0,686.0,0.0,0.0,-1.0
m2_d0,687.0,0.0,0.0,-1.0
m2_d0,688.0,0.0,0.0,-1.0
m2_d0,689.0,1.0,24.03,20.8
m2_d0,690.0,0.0,6.41,-1.0
m2_d0,691.0,1.0,16.14,22.17
m2_d0,692.0,0.0,0.0,-1.0
m2_d0,693.0,0.0,0.0,-1.0
m2_d0,694.0,1.0,18.87,26.5
m2_d0,695.0,0.0,0.0,-1.0
m2_d0,696.0,1.0,17.83,28.04
m2_d0,697.0,0.0,0.0,-1.0
m2_d0,698.0,1.0,16.52,30.26
m2_d0,699.0,0.0,0.0,-1.0
m2_d0,700.0,0.0,0.0,-1.0
m2_d0,701.0,0.0,9.96,-1.0
m2_d0,702.0,1.0,6.92,29.62
m2_d0,703.0,0.0,0.0,-1.0
m2_d0,704.0,0.0,0.0,-1.0
m2_d0,705.0,0.0,0.0,-1.0
m2_d0,706.0,0.0,0.0,-1.0
m2_d0,707.0,1.0,16.94,29.51
m2_d0,708.0,0.0,0.0,-1.0
m2_d0,709.0,0.0,0.0,-1.0
m2_d0,710.0,0.0,0.0,-1.0
m2_d0,711.0,0.0,0.0,-1.0
m2_d0,712.0,0.0,0.0,-1.0
m2_d0,713.0,1.0,18.56,26.93
m2_d0,714.0,0.0,0.0,-1.0
m2_d0,715.0,0.0,0.0,-1.0
m2_d0,716.0,0.0,0.0,-1.0
m2_d0,717.0,0.0,0.0,-1.0
m2_d0,718.0,0.0,7.59,-1.0
m2_d0,719.0,1.0,16.0,21.2
m2_d0,720.0,0.0,0.0,-1.0
m2_d0,721.0,0.0,0.0,-1.0
m2_d0,722.0,0.0,0.0,-1.0
m2_d0,723.0,0.0,0.0,-1.0
m2_d0,724.0,1.0,17.35,28.81
m2_d0,725.0,0.0,0.0,-1.0
m2_d0,726.0,0.0,0.0,-1.0
m2_d0,727.0,0.0,0.0,-1.0
m2_d0,728.0,0.0,0.0,-1.0
m2_d0,729.0,0.0,0.0,-1.0
m2_d0,730.0,1.0,17.75,28.18
m2_d0,731.0,0.0,0.0,-1.0
m2_d0,732.0,0.0,0.0,-1.0
m2_d0,733.0,0.0,0.0,-1.0
m2_d0,734.0,0.0,0.0,-1.0
m2_d0,735.0,0.0,0.0,-1.0
m2_d0,736.0,0.0,0.0,-1.0
m2_d0,737.0,0.0,0.0,-1.0
m2_d0,738.0,0.0,0.06,-1.0
m2_d0,739.0,1.0,16.52,30.15
m2_d0,740.0,1.0,22.31,22.41
m2_d0,741.0,0.0,0.0,-1.0
m2_d0,742.0,0.0,0.0,-1.0
m2_d0,743.0,0.0,0.0,-1.0
m2_d0,744.0,0.0,0.0,-1.0
m2_d0,745.0,1.0,21.48,23.28
m2_d0,746.0,0.0,0.0,-1.0
m2_d0,747.0,0.0,0.0,-1.0
m2_d0,748.0,0.0,0.0,-1.0
m2_d0,749.0,0.0,0.0,-1.0
m2_d0,750.0,0.0,0.0,-1.0
m2_d0,751.0,0.0,0.0,-1.0
m2_d0,752.0,1.0,19.25,25.97
m2_d0,753.0,0.0,0.0,-1.0
m2_d0,754.0,0.0,0.0,-1.0
m2_d0,755.0,0.0,0.0,-1.0
m2_d0,756.0,0.0,0.0,-1.0
m2_d0,757.0,1.0,15.83,31.6
m2_d0,758.0,1.0,57.83,8.65
m2_d0,759.0,0.0,0.0,-1.0
m2_d0,760.0,0.0,0.0,-1.0
m2_d0,761.0,0.0,0.0,-1.0
m2_d0,762.0,1.0,15.8,31.64
m2_d0,763.0,0.0,0.0,-1.0
m2_d0,764.0,0.0,12.14,-1.0
m2_d0,765.0,1.0,2.56,34.01
m2_d0,766.0,0.0,0.0,-1.0
m2_d0,767.0,0.0,0.0,-1.0
m2_d0,768.0,0.0,0.0,-1.0
m2_d0,769.0,0.0,0.0,-1.0
m2_d0,770.0,0.0,0.0,-1.0
m2_d0,771.0,0.0,0.0,-1.0
m2_d0,772.0,0.0,0.0,-1.0
m2_d0,773.0,1.0,16.76,29.83
m2_d0,774.0,0.0,0.0,-1.0
m2_d0,775.0,1.0,16.56,30.2
m2_d0,776.0,0.0,0.0,-1.0
m2_d0,777.0,0.0,0.0,-1.0
m2_d0,778.0,0.0,0.0,-1.0
m2_d0,779.0,0.0,0.0,-1.0
m2_d0,780.0,0.0,0.0,-1.0
m2_d0,781.0,0.0,0.0,-1.0
m2_d0,782.0,0.0,0.0,-1.0
m2_d0,783.0,0.0,0.0,-1.0
m2_d0,784.0,1.0,16.18,30.9
m2_d0,785.0,0.0,0.0,-1.0
m2_d0,786.0,0.0,0.0,-1.0
m2_d0,787.0,0.0,0.0,-1.0
m2_d0,788.0,0.0,0.0,-1.0
m2_d0,789.0,0.0,0.0,-1.0
m2_d0,790.0,0.0,6.87,-1.0
m2_d0,791.0,1.0,17.11,20.85
m2_d0,792.0,1.0,23.21,21.55
m2_d0,793.0,0.0,0.0,-1.0
m2_d0,794.0,0.0,0.0,-1.0
m2_d0,795.0,0.0,0.0,-1.0
m2_d0,796.0,0.0,0.0,-1.0
m2_d0,797.0,1.0,18.07,27.67
m2_d0,798.0,0.0,0.0,-1.0
m2_d0,799.0,0.0,0.0,-1.0
m2_d0,800.0,0.0,0.0,-1.0
m2_d0,801.0,1.0,16.32,30.64
m2_d0,802.0,0.0,0.0,-1.0
m2_d0,803.0,0.0,0.0,-1.0
m2_d0,804.0,0.0,0.0,-1.0
m2_d0,805.0,0.0,0.0,-1.0
m2_d0,806.0,0.0,0.0,-1.0
m2_d0,807.0,0.0,0.0,-1.0
m2_d0,808.0,0.0,0.0,-1.0
m2_d0,809.0,0.0,0.0,-1.0
m2_d0,810.0,0.0,0.0,-1.0
m2_d0,811.0,0.0,0.0,-1.0
m2_d0,812.0,0.0,0.0,-1.0
m2_d0,813.0,0.0,0.0,-1.0
m2_d0,814.0,1.0,22.91,24.85
m2_d0,815.0,1.0,20.25,21.71
m2_d0,816.0,0.0,0.0,-1.0
m2_d0,817.0,0.0,0.0,-1.0
m2_d0,818.0,0.0,0.0,-1.0
m2_d0,819.0,0.0,0.0,-1.0
m2_d0,820.0,0.0,0.0,-1.0
m2_d0,821.0,0.0,0.0,-1.0
m2_d0,822.0,0.0,0.0,-1.0
m2_d0,823.0,0.0,0.0,-1.0
m2_d0,824.0,0.0,0.0,-1.0
m2_d0,825.0,0.0,0.0,-1.0
m2_d0,826.0,1.0,17.77,28.14
m2_d0,827.0,0.0,0.0,-1.0
m2_d0,828.0,0.0,0.0,-1.0
m2_d0,829.0,0.0,0.0,-1.0
m2_d0,830.0,0.0,0.0,-1.0
m2_d0,831.0,0.0,1.22,-1.0
m2_d0,832.0,1.0,17.82,26.25
m2_d0,833.0,0.0,13.28,-1.0
m2_d0,834.0,1.0,8.49,22.97
m2_d0,835.0,0.0,0.0,-1.0
m2_d0,836.0,0.0,0.0,-1.0
m2_d0,837.0,0.0,0.0,-1.0
m2_d0,838.0,0.0,0.0,-1.0
m2_d0,839.0,0.0,0.0,-1.0
m2_d0,840.0,0.0,0.0,-1.0
m2_d0,841.0,0.0,0.0,-1.0
m2_d0,842.0,0.0,0.0,-1.0
m2_d0,843.0,1.0,20.4,24.51
m2_d0,844.0,0.0,0.0,-1.0
m2_d0,845.0,1.0,19.59,25.53
m2_d0,846.0,0.0,0.0,-1.0
m2_d0,847.0,0.0,0.0,-1.0
m2_d0,848.0,0.0,0.0,-1.0
m2_d0,849.0,0.0,0.0,-1.0
m2_d0,850.0,0.0,0.0,-1.0
m2_d0,851.0,0.0,0.0,-1.0
m2_d0,852.0,0.0,0.0,-1.0
m2_d0,853.0,0.0,0.0,-1.0
m2_d0,854.0,0.0,0.0,-1.0
m2_d0,855.0,0.0,0.0,-1.0
m2_d0,856.0,0.0,0.0,-1.0
m2_d0,857.0,1.0,20.93,23.88
m2_d0,858.0,0.0,0.0,-1.0
m2_d0,859.0,0.0,0.0,-1.0
m2_d0,860.0,1.0,16.23,30.82
m2_d0,861.0,0.0,0.0,-1.0
m2_d0,862.0,0.0,0.0,-1.0
m2_d0,863.0,1.0,56.43,8.86
m2_d0,864.0,0.0,0.0,-1.0
m2_d0,865.0,0.0,0.0,-1.0
m2_d0,866.0,0.0,0.0,-1.0
m2_d0,867.0,0.0,0.0,-1.0
m2_d0,868.0,0.0,0.0,-1.0
m2_d0,869.0,0.0,0.0,-1.0
m2_d0,870.0,0.0,0.0,-1.0
m2_d0,871.0,0.0,0.0,-1.0
m2_d0,872.0,0.0,0.0,-1.0
m2_d0,873.0,0.0,0.0,-1.0
m2_d0,874.0,0.0,16.15,-1.0
m2_d0,875.0,1.0,4.1,24.69
m2_d0,876.0,0.0,0.0,-1.0
m2_d0,877.0,0.0,0.0,-1.0
m2_d0,878.0,0.0,0.86,-1.0
m2_d0,879.0,1.0,14.45,32.67
m2_d0,880.0,0.0,0.0,-1.0
m2_d0,881.0,0.0,0.0,-1.0
m2_d0,882.0,0.0,0.0,-1.0
m2_d0,883.0,0.0,0.0,-1.0
m2_d0,884.0,0.0,0.0,-1.0
m2_d0,885.0,0.0,0.0,-1.0
m2_d0,886.0,0.0,0.0,-1.0
m2_d0,887.0,0.0,0.0,-1.0
m2_d0,888.0,0.0,0.0,-1.0
m2_d0,889.0,0.0,0.0,-1.0
m2_d0,890.0,0.0,2.47,-1.0
m2_d0,891.0,1.0,17.56,24.97
m2_d0,892.0,1.0,22.75,21.98
m2_d0,893.0,0.0,0.0,-1.0
m2_d0,894.0,1.0,19.36,25.82
m2_d0,895.0,0.0,0.0,-1.0
m2_d0,896.0,0.0,0.0,-1.0
m2_d0,897.0,0.0,0.0,-1.0
m2_d0,898.0,0.0,0.0,-1.0
m2_d0,899.0,0.0,0.0,-1.0
m2_d0,900.0,0.0,0.0,-1.0
m2_d0,901.0,0.0,4.95,-1.0
m2_d0,902.0,1.0,12.27,29.04
m2_d0,903.0,0.0,0.0,-1.0
m2_d0,904.0,0.0,0.0,-1.0
m2_d0,905.0,0.0,0.0,-1.0
m2_d0,906.0,0.0,0.0,-1.0
m2_d0,907.0,0.0,0.0,-1.0
m2_d0,908.0,0.0,0.0,-1.0
m2_d0,909.0,1.0,20.53,24.35
m2_d0,910.0,0.0,0.0,-1.0
m2_d0,911.0,0.0,0.0,-1.0
m2_d0,912.0,0.0,0.0,-1.0
m2_d0,913.0,0.0,0.0,-1.0
m2_d0,914.0,0.0,0.0,-1.0
m2_d0,915.0,1.0,17.75,28.17
m2_d0,916.0,0.0,0.0,-1.0
m2_d0,917.0,0.0,0.0,-1.0
m2_d0,918.0,1.0,21.35,23.42
m2_d0,919.0,1.0,20.99,23.82
m2_d0,920.0,0.0,0.0,-1.0
m2_d0,921.0,1.0,19.29,25.92
m2_d0,922.0,0.0,0.0,-1.0
m2_d0,923.0,1.0,18.78,26.62
m2_d0,924.0,0.0,0.0,-1.0
m2_d0,925.0,0.0,0.0,-1.0
m2_d0,926.0,1.0,15.68,31.89
m2_d0,927.0,0.0,0.0,-1.0
m2_d0,928.0,1.0,15.06,33.19
m2_d0,929.0,0.0,0.0,-1.0
m2_d0,930.0,1.0,20.03,24.97
m2_d0,931.0,0.0,0.0,-1.0
m2_d0,932.0,0.0,0.0,-1.0
m2_d0,933.0,0.0,0.0,-1.0
m2_d0,934.0,0.0,0.0,-1.0
m2_d0,935.0,0.0,0.0,-1.0
m2_d0,936.0,0.0,0.0,-1.0
m2_d0,937.0,0.0,0.0,-1.0
m2_d0,938.0,0.0,0.0,-1.0
m2_d0,939.0,0.0,0.0,-1.0
m2_d0,940.0,0.0,0.0,-1.0
m2_d0,941.0,0.0,0.0,-1.0
m2_d0,942.0,1.0,18.35,27.25
m2_d0,943.0,0.0,0.0,-1.0
m2_d0,944.0,0.0,0.0,-1.0
m2_d0,945.0,1.0,18.23,27.43
m2_d0,946.0,0.0,0.0,-1.0
m2_d0,947.0,0.0,0.0,-1.0
m2_d0,948.0,0.0,0.0,-1.0
m2_d0,949.0,0.0,0.0,-1.0
m2_d0,950.0,1.0,21.7,23.04
m2_d0,951.0,0.0,0.0,-1.0
m2_d0,952.0,0.0,0.0,-1.0
m2_d0,953.0,0.0,0.0,-1.0
m2_d0,954.0,0.0,0.0,-1.0
m2_d0,955.0,1.0,21.37,23.4
m2_d0,956.0,0.0,0.0,-1.0
m2_d0,957.0,0.0,0.0,-1.0
m2_d0,958.0,0.0,0.0,-1.0
m2_d0,959.0,1.0,21.06,23.74
m2_d0,960.0,0.0,0.0,-1.0
m2_d0,961.0,0.0,0.0,-1.0
m2_d0,962.0,0.0,0.0,-1.0
m2_d0,963.0,0.0,0.0,-1.0
m2_d0,964.0,1.0,22.54,22.18
m2_d0,965.0,0.0,0.0,-1.0
m2_d0,966.0,0.0,0.0,-1.0
m2_d0,967.0,1.0,16.35,30.58
m2_d0,968.0,1.0,20.54,24.34
m2_d0,969.0,0.0,0.0,-1.0
m2_d0,970.0,0.0,0.0,-1.0
m2_d0,971.0,0.0,0.0,-1.0
m2_d0,972.0,1.0,64.8,7.72
m2_d0,973.0,0.0,0.0,-1.0
m2_d0,974.0,0.0,0.0,-1.0
m2_d0,975.0,0.0,0.0,-1.0
m2_d0,976.0,1.0,17.04,29.35
m2_d0,977.0,0.0,0.0,-1.0
m2_d0,978.0,0.0,0.0,-1.0
m2_d0,979.0,1.0,17.59,28.43
m2_d0,980.0,0.0,0.0,-1.0
m2_d0,981.0,0.0,0.0,-1.0
m2_d0,982.0,1.0,21.12,23.67
m2_d0,983.0,0.0,0.0,-1.0
m2_d0,984.0,1.0,21.69,23.06
m2_d0,985.0,0.0,0.0,-1.0
m2_d0,986.0,0.0,0.0,-1.0
m2_d0,987.0,0.0,0.0,-1.0
m2_d0,988.0,0.0,0.0,-1.0
m2_d0,989.0,1.0,18.77,26.64
m2_d0,990.0,0.0,0.0,-1.0
m2_d0,991.0,0.0,0.0,-1.0
m2_d0,992.0,0.0,0.0,-1.0
m2_d0,993.0,1.0,16.26,30.74
m2_d0,994.0,0.0,0.0,-1.0
m2_d0,995.0,0.0,0.0,-1.0
m2_d0,996.0,0.0,0.0,-1.0
m2_d0,997.0,0.0,0.0,-1.0
m2_d0,998.0,0.0,0.0,-1.0
m2_d0,999.0,0.0,0.0,-1.0
m2_d0,1000.0,0.0,0.0,-1.0
m2_d0,1001.0,0.0,0.0,-1.0
m2_d0,1002.0,0.0,0.0,-1.0
m2_d0,1003.0,1.0,19.7,25.37
m2_d0,1004.0,0.0,0.0,-1.0
m2_d0,1005.0,0.0,0.0,-1.0
m2_d0,1006.0,1.0,16.36,30.56
m2_d0,1007.0,0.0,0.0,-1.0
m2_d0,1008.0,0.0,0.0,-1.0
m2_d0,1009.0,0.0,0.0,-1.0
m2_d0,1010.0,0.0,0.0,-1.0
m2_d0,1011.0,1.0,17.75,28.17
m2_d0,1012.0,0.0,0.0,-1.0
m2_d0,1013.0,0.0,0.0,-1.0
m2_d0,1014.0,1.0,17.02,29.37
m2_d0,1015.0,0.0,0.0,-1.0
m2_d0,1016.0,1.0,15.81,31.62
m2_d0,1017.0,0.0,7.16,-1.0
m2_d0,1018.0,0.0,0.0,-1.0
m2_d0,1019.0,0.0,0.0,-1.0
m2_d0,1020.0,0.0,0.0,-1.0
m2_d0,1021.0,0.0,0.0,-1.0
m2_d0,1022.0,0.0,0.0,-1.0
m2_d0,1023.0,1.0,17.53,28.52
m2_d0,1024.0,1.0,19.69,25.4
m2_d0,1025.0,0.0,0.0,-1.0
m2_d0,1026.0,0.0,0.0,-1.0
m2_d0,1027.0,0.0,0.0,-1.0
m2_d0,1028.0,0.0,0.0,-1.0
m2_d0,1029.0,0.0,0.0,-1.0
m2_d0,1030.0,0.0,0.0,-1.0
m2_d0,1031.0,0.0,0.0,-1.0
m2_d0,1032.0,0.0,1.13,-1.0
m2_d0,1033.0,1.0,20.2,23.44
m2_d0,1034.0,0.0,0.0,-1.0
m2_d0,1035.0,1.0,20.79,24.05
m2_d0,1036.0,0.0,0.0,-1.0
m2_d0,1037.0,0.0,0.0,-1.0
m2_d0,1038.0,1.0,19.68,25.41
m2_d0,1039.0,0.0,1.65,-1.0
m2_d0,1040.0,1.0,18.5,24.81
m2_d0,1041.0,0.0,0.0,-1.0
m2_d0,1042.0,0.0,0.0,-1.0
m2_d0,1043.0,0.0,0.0,-1.0
m2_d0,1044.0,1.0,17.79,28.11
m2_d0,1045.0,0.0,0.0,-1.0
m2_d0,1046.0,0.0,0.0,-1.0
m2_d0,1047.0,0.0,21.31,-1.0
m2_d0,1048.0,1.0,0.42,23.0
m2_d0,1049.0,0.0,0.0,-1.0
m2_d0,1050.0,1.0,18.22,27.44
m2_d0,1051.0,0.0,0.0,-1.0
m2_d0,1052.0,0.0,0.0,-1.0
m2_d0,1053.0,1.0,14.7,34.0
m2_d0,1054.0,0.0,0.0,-1.0
m2_d0,1055.0,0.0,0.0,-1.0
m2_d0,1056.0,0.0,0.0,-1.0
m2_d0,1057.0,0.0,0.0,-1.0
m2_d0,1058.0,0.0,0.0,-1.0
m2_d0,1059.0,0.0,0.0,-1.0
m2_d0,1060.0,0.0,0.0,-1.0
m2_d0,1061.0,1.0,17.55,28.48
m2_d0,1062.0,1.0,20.42,24.48
m2_d0,1063.0,0.0,0.0,-1.0
m2_d0,1064.0,0.0,0.0,-1.0
m2_d0,1065.0,0.0,0.0,-1.0
m2_d0,1066.0,0.0,0.0,-1.0
m2_d0,1067.0,0.0,0.0,-1.0
m2_d0,1068.0,0.0,0.0,-1.0
m2_d0,1069.0,0.0,6.77,-1.0
m2_d0,1070.0,1.0,9.34,31.04
m2_d0,1071.0,0.0,0.0,-1.0
m2_d0,1072.0,0.0,0.0,-1.0
m2_d0,1073.0,0.0,0.0,-1.0
m2_d0,1074.0,0.0,0.0,-1.0
m2_d0,1075.0,1.0,15.15,33.0
m2_d0,1076.0,0.0,0.0,-1.0
m2_d0,1077.0,0.0,0.0,-1.0
m2_d0,1078.0,0.0,0.0,-1.0
m2_d0,1079.0,0.0,0.0,-1.0
m2_d0,1080.0,0.0,0.0,-1.0
m2_d0,1081.0,0.0,0.0,-1.0
m2_d0,1082.0,0.0,0.0,-1.0
m2_d0,1083.0,0.0,0.0,-1.0
m2_d0,1084.0,1.0,20.45,24.45
m2_d0,1085.0,0.0,0.0,-1.0
m2_d0,1086.0,0.0,0.0,-1.0
m2_d0,1087.0,0.0,0.0,-1.0
m2_d0,1088.0,0.0,0.0,-1.0
m2_d0,1089.0,0.0,0.0,-1.0
m2_d0,1090.0,1.0,18.97,26.36
m2_d0,1091.0,0.0,0.0,-1.0
m2_d0,1092.0,0.0,0.0,-1.0
m2_d0,1093.0,1.0,17.05,29.33
m2_d0,1094.0,0.0,0.0,-1.0
m2_d0,1095.0,1.0,17.88,27.96
m2_d0,1096.0,0.0,0.0,-1.0
m2_d0,1097.0,0.0,0.0,-1.0
m2_d0,1098.0,0.0,0.0,-1.0
m2_d0,1099.0,0.0,0.0,-1.0
m2_d0,1100.0,0.0,0.0,-1.0
m2_d0,1101.0,0.0,0.0,-1.0
m2_d0,1102.0,1.0,15.15,33.01
m2_d0,1103.0,0.0,0.0,-1.0
m2_d0,1104.0,0.0,0.0,-1.0
m2_d0,1105.0,0.0,0.0,-1.0
m2_d0,1106.0,1.0,15.33,32.62
m2_d0,1107.0,0.0,0.0,-1.0
m2_d0,1108.0,0.0,0.0,-1.0
m2_d0,1109.0,0.0,0.0,-1.0
m2_d0,1110.0,0.0,0.0,-1.0
m2_d0,1111.0,0.0,0.0,-1.0
m2_d0,1112.0,0.0,0.0,-1.0
m2_d0,1113.0,0.0,0.0,-1.0
m2_d0,1114.0,0.0,0.0,-1.0
m2_d0,1115.0,0.0,0.0,-1.0
m2_d0,1116.0,0.0,13.96,-1.0
m2_d0,1117.0,1.0,4.94,26.45
m2_d0,1118.0,0.0,0.0,-1.0
m2_d0,1119.0,1.0,21.18,23.6
m2_d0,1120.0,0.0,0.0,-1.0
m2_d0,1121.0,0.0,0.0,-1.0
m2_d0,1122.0,0.0,0.0,-1.0
m2_d0,1123.0,0.0,0.0,-1.0
m2_d0,1124.0,0.0,0.0,-1.0
m2_d0,1125.0,0.0,0.0,-1.0
m2_d0,1126.0,0.0,0.0,-1.0
m2_d0,1127.0,0.0,0.0,-1.0
m2_d0,1128.0,0.0,0.0,-1.0
m2_d0,1129.0,1.0,33.45,26.56
m2_d0,1130.0,1.0,5.77,24.52
m2_d0,1131.0,0.0,0.0,-1.0
m2_d0,1132.0,0.0,0.0,-1.0
m2_d0,1133.0,0.0,0.0,-1.0
m2_d0,1134.0,1.0,19.09,26.19
m2_d0,1135.0,0.0,0.0,-1.0
m2_d0,1136.0,0.0,0.0,-1.0
m2_d0,1137.0,0.0,0.0,-1.0
m2_d0,1138.0,1.0,15.7,31.84
m2_d0,1139.0,0.0,0.0,-1.0
m2_d0,1140.0,0.0,0.0,-1.0
m2_d0,1141.0,0.0,0.0,-1.0
m2_d0,1142.0,0.0,0.0,-1.0
m2_d0,1143.0,0.0,0.0,-1.0
m2_d0,1144.0,0.0,0.0,-1.0
m2_d0,1145.0,0.0,0.0,-1.0
m2_d0,1146.0,0.0,0.0,-1.0
m2_d0,1147.0,1.0,17.87,27.98
m2_d0,1148.0,0.0,0.0,-1.0
m2_d0,1149.0,0.0,0.0,-1.0
m2_d0,1150.0,0.0,0.0,-1.0
m2_d0,1151.0,0.0,0.0,-1.0
m2_d0,1152.0,0.0,0.0,-1.0
m2_d0,1153.0,0.0,0.0,-1.0
m2_d0,1154.0,0.0,0.0,-1.0
m2_d0,1155.0,0.0,0.0,-1.0
m2_d0,1156.0,0.0,0.0,-1.0
m2_d0,1157.0,1.0,18.51,27.02
m2_d0,1158.0,0.0,0.0,-1.0
m2_d0,1159.0,0.0,0.0,-1.0
m2_d0,1160.0,0.0,0.0,-1.0
m2_d0,1161.0,0.0,0.0,-1.0
m2_d0,1162.0,0.0,0.0,-1.0
m2_d0,1163.0,1.0,16.19,30.88
m2_d0,1164.0,0.0,0.0,-1.0
m2_d0,1165.0,0.0,0.0,-1.0
m2_d0,1166.0,0.0,0.0,-1.0
m2_d0,1167.0,0.0,0.0,-1.0
m2_d0,1168.0,0.0,0.0,-1.0
m2_d0,1169.0,0.0,0.0,-1.0
m2_d0,1170.0,0.0,0.0,-1.0
m2_d0,1171.0,0.0,0.0,-1.0
m2_d0,1172.0,0.0,0.0,-1.0
m2_d0,1173.0,0.0,0.0,-1.0
m2_d0,1174.0,0.0,0.0,-1.0
m2_d0,1175.0,1.0,15.58,32.1
m2_d0,1176.0,0.0,0.0,-1.0
m2_d0,1177.0,1.0,23.17,21.58
m2_d0,1178.0,0.0,0.0,-1.0
m2_d0,1179.0,0.0,0.0,-1.0
m2_d0,1180.0,0.0,0.0,-1.0
m2_d0,1181.0,0.0,11.05,-1.0
m2_d0,1182.0,1.0,9.34,24.53
m2_d0,1183.0,0.0,0.0,-1.0
m2_d0,1184.0,0.0,0.0,-1.0
m2_d0,1185.0,0.0,0.0,-1.0
m2_d0,1186.0,0.0,0.0,-1.0
m2_d0,1187.0,0.0,0.0,-1.0
m2_d0,1188.0,0.0,0.0,-1.0
m2_d0,1189.0,0.0,0.0,-1.0
m2_d0,1190.0,1.0,17.39,28.75
m2_d0,1191.0,1.0,22.51,22.21
m2_d0,1192.0,0.0,0.0,-1.0
m2_d0,1193.0,0.0,0.0,-1.0
m2_d0,1194.0,0.0,0.0,-1.0
m2_d0,1195.0,0.0,0.0,-1.0
m2_d0,1196.0,0.0,0.0,-1.0
m2_d0,1197.0,0.0,0.0,-1.0
m2_d0,1198.0,0.0,0.0,-1.0
m2_d0,1199.0,0.0,0.0,-1.0
m2_d0,1200.0,0.0,0.0,-1.0
m2_d0,1201.0,0.0,0.0,-1.0
m2_d0,1202.0,1.0,19.9,25.12
m2_d0,1203.0,0.0,0.0,-1.0
m2_d0,1204.0,0.0,0.0,-1.0
m2_d0,1205.0,0.0,0.0,-1.0
m2_d0,1206.0,0.0,0.0,-1.0
m2_d0,1207.0,1.0,19.72,25.35
m2_d0,1208.0,0.0,0.0,-1.0
m2_d0,1209.0,0.0,0.0,-1.0
m2_d0,1210.0,0.0,0.0,-1.0
m2_d0,1211.0,0.0,0.0,-1.0
m2_d0,1212.0,1.0,16.26,30.75
m2_d0,1213.0,0.0,0.0,-1.0
m2_d0,1214.0,1.0,16.4,30.49
m2_d0,1215.0,0.0,0.0,-1.0
m2_d0,1216.0,0.0,0.0,-1.0
m2_d0,1217.0,0.0,0.0,-1.0
m2_d0,1218.0,0.0,0.0,-1.0
m2_d0,1219.0,0.0,0.0,-1.0
m2_d0,1220.0,0.0,0.0,-1.0
m2_d0,1221.0,0.0,0.0,-1.0
m2_d0,1222.0,0.0,0.0,-1.0
m2_d0,1223.0,0.0,0.0,-1.0
m2_d0,1224.0,0.0,0.0,-1.0
m2_d0,1225.0,0.0,17.59,-1.0
m2_d0,1226.0,1.0,1.9,25.66
m2_d0,1227.0,0.0,0.0,-1.0
m2_d0,1228.0,0.0,0.0,-1.0
m2_d0,1229.0,0.0,0.0,-1.0
m2_d0,1230.0,0.0,0.0,-1.0
m2_d0,1231.0,1.0,17.45,28.65
m2_d0,1232.0,0.0,0.0,-1.0
m2_d0,1233.0,0.0,0.0,-1.0
m2_d0,1234.0,0.0,0.0,-1.0
m2_d0,1235.0,1.0,15.85,31.55
m2_d0,1236.0,0.0,0.0,-1.0
m2_d0,1237.0,0.0,0.0,-1.0
m2_d0,1238.0,0.0,0.0,-1.0
m2_d0,1239.0,0.0,0.0,-1.0
m2_d0,1240.0,0.0,0.0,-1.0
m2_d0,1241.0,0.0,0.0,-1.0
m2_d0,1242.0,0.0,0.0,-1.0
m2_d0,1243.0,0.0,10.6,-1.0
m2_d0,1244.0,1.0,7.08,28.28
m2_d0,1245.0,0.0,12.71,-1.0
m2_d0,1246.0,1.0,10.45,21.59
m2_d0,1247.0,0.0,0.0,-1.0
m2_d0,1248.0,0.0,0.0,-1.0
m2_d0,1249.0,1.0,17.35,28.83
m2_d0,1250.0,0.0,0.0,-1.0
m2_d0,1251.0,1.0,16.64,30.04
m2_d0,1252.0,0.0,0.0,-1.0
m2_d0,1253.0,0.0,0.0,-1.0
m2_d0,1254.0,0.0,0.0,-1.0
m2_d0,1255.0,0.0,0.0,-1.0
m2_d0,1256.0,0.0,0.0,-1.0
m2_d0,1257.0,0.0,0.0,-1.0
m2_d0,1258.0,0.0,0.0,-1.0
m2_d0,1259.0,0.0,0.0,-1.0
m2_d0,1260.0,0.0,12.58,-1.0
m2_d0,1261.0,1.0,3.0,32.09
m2_d0,1262.0,0.0,0.0,-1.0
m2_d0,1263.0,0.0,0.0,-1.0
m2_d0,1264.0,0.0,0.0,-1.0
m2_d0,1265.0,0.0,0.0,-1.0
m2_d0,1266.0,0.0,0.0,-1.0
m2_d0,1267.0,0.0,0.0,-1.0
m2_d0,1268.0,0.0,0.0,-1.0
m2_d0,1269.0,0.0,0.0,-1.0
m2_d0,1270.0,0.0,0.0,-1.0
m2_d0,1271.0,0.0,0.0,-1.0
m2_d0,1272.0,0.0,0.0,-1.0
m2_d0,1273.0,0.0,0.0,-1.0
m2_d0,1274.0,1.0,18.46,27.08
m2_d0,1275.0,0.0,0.0,-1.0
m2_d0,1276.0,0.0,0.0,-1.0
m2_d0,1277.0,0.0,0.0,-1.0
m2_d0,1278.0,0.0,0.0,-1.0
m2_d0,1279.0,0.0,0.0,-1.0
m2_d0,1280.0,0.0,0.0,-1.0
m2_d0,1281.0,0.0,0.0,-1.0
m2_d0,1282.0,0.0,0.0,-1.0
m2_d0,1283.0,1.0,20.52,24.36
m2_d0,1284.0,0.0,0.0,-1.0
m2_d0,1285.0,0.0,0.0,-1.0
m2_d0,1286.0,0.0,0.0,-1.0
m2_d0,1287.0,0.0,0.0,-1.0
m2_d0,1288.0,0.0,0.0,-1.0
m2_d0,1289.0,0.0,0.0,-1.0
m2_d0,1290.0,0.0,0.0,-1.0
m2_d0,1291.0,0.0,0.0,-1.0
m2_d0,1292.0,1.0,16.93,29.53
m2_d0,1293.0,0.0,0.0,-1.0
m2_d0,1294.0,0.0,4.74,-1.0
m2_d0,1295.0,1.0,18.74,21.3
m2_d0,1296.0,0.0,0.0,-1.0
m2_d0,1297.0,0.0,0.0,-1.0
m2_d0,1298.0,1.0,17.41,28.71
m2_d0,1299.0,0.0,0.0,-1.0
m2_d0,1300.0,0.0,0.0,-1.0
m2_d0,1301.0,0.0,0.0,-1.0
m2_d0,1302.0,0.0,0.0,-1.0
m2_d0,1303.0,1.0,15.34,32.6
m2_d0,1304.0,0.0,0.0,-1.0
m2_d0,1305.0,0.0,0.0,-1.0
m2_d0,1306.0,0.0,0.0,-1.0
m2_d0,1307.0,0.0,0.0,-1.0
m2_d0,1308.0,0.0,0.0,-1.0
m2_d0,1309.0,0.0,0.0,-1.0
m2_d0,1310.0,0.0,0.0,-1.0
m2_d0,1311.0,0.0,0.0,-1.0
m2_d0,1312.0,0.0,0.0,-1.0
m2_d0,1313.0,0.0,0.0,-1.0
m2_d0,1314.0,1.0,18.05,27.7
m2_d0,1315.0,0.0,0.0,-1.0
m2_d0,1316.0,1.0,16.54,30.23
m2_d0,1317.0,0.0,0.0,-1.0
m2_d0,1318.0,0.0,0.0,-1.0
m2_d0,1319.0,0.0,0.0,-1.0
m2_d0,1320.0,0.0,0.0,-1.0
m2_d0,1321.0,1.0,16.72,29.91
m2_d0,1322.0,0.0,0.0,-1.0
m2_d0,1323.0,0.0,0.0,-1.0
m2_d0,1324.0,0.0,0.0,-1.0
m2_d0,1325.0,0.0,0.0,-1.0
m2_d0,1326.0,0.0,0.0,-1.0
m2_d0,1327.0,0.0,0.0,-1.0
m2_d0,1328.0,0.0,0.0,-1.0
m2_d0,1329.0,0.0,0.0,-1.0
m2_d0,1330.0,0.0,0.0,-1.0
m2_d0,1331.0,0.0,0.0,-1.0
m2_d0,1332.0,1.0,19.67,25.42
m2_d0,1333.0,0.0,0.0,-1.0
m2_d0,1334.0,0.0,0.0,-1.0
m2_d0,1335.0,1.0,17.76,28.15
m2_d0,1336.0,0.0,0.0,-1.0
m2_d0,1337.0,0.0,0.0,-1.0
m2_d0,1338.0,0.0,0.0,-1.0
m2_d0,1339.0,0.0,0.0,-1.0
m2_d0,1340.0,0.0,0.0,-1.0
m2_d0,1341.0,0.0,0.0,-1.0
m2_d0,1342.0,1.0,15.33,32.61
m2_d0,1343.0,1.0,20.56,24.32
m2_d0,1344.0,0.0,0.0,-1.0
m2_d0,1345.0,1.0,18.49,27.04
m2_d0,1346.0,0.0,0.0,-1.0
m2_d0,1347.0,0.0,0.0,-1.0
m2_d0,1348.0,0.0,0.0,-1.0
m2_d0,1349.0,0.0,0.0,-1.0
m2_d0,1350.0,1.0,17.16,29.13
m2_d0,1351.0,0.0,0.0,-1.0
m2_d0,1352.0,0.0,0.0,-1.0
m2_d0,1353.0,0.0,0.0,-1.0
m2_d0,1354.0,0.0,0.0,-1.0
m2_d0,1355.0,0.0,0.0,-1.0
m2_d0,1356.0,1.0,16.33,30.62
m2_d0,1357.0,0.0,0.0,-1.0
m2_d0,1358.0,0.0,0.0,-1.0
m2_d0,1359.0,0.0,0.0,-1.0
m2_d0,1360.0,1.0,17.25,28.99
m2_d0,1361.0,0.0,0.0,-1.0
m2_d0,1362.0,0.0,0.0,-1.0
m2_d0,1363.0,1.0,20.48,24.42
m2_d0,1364.0,0.0,0.0,-1.0
m2_d0,1365.0,0.0,0.0,-1.0
m2_d0,1366.0,0.0,0.0,-1.0
m2_d0,1367.0,1.0,19.46,25.69
m2_d0,1368.0,0.0,0.0,-1.0
m2_d0,1369.0,0.0,7.39,-1.0
m2_d0,1370.0,1.0,12.81,24.76
m2_d0,1371.0,0.0,0.0,-1.0
m2_d0,1372.0,0.0,0.0,-1.0
m2_d0,1373.0,0.0,0.0,-1.0
m2_d0,1374.0,0.0,0.0,-1.0
m2_d0,1375.0,0.0,0.0,-1.0
m2_d0,1376.0,1.0,21.72,23.02
m2_d0,1377.0,0.0,0.0,-1.0
m2_d0,1378.0,0.0,0.0,-1.0
m2_d0,1379.0,1.0,21.29,23.49
m2_d0,1380.0,0.0,0.0,-1.0
m2_d0,1381.0,0.0,0.0,-1.0
m2_d0,1382.0,0.0,0.0,-1.0
m2_d0,1383.0,0.0,0.0,-1.0
m2_d0,1384.0,0.0,0.0,-1.0
m2_d0,1385.0,1.0,19.61,25.5
m2_d0,1386.0,0.0,0.0,-1.0
m2_d0,1387.0,0.0,0.0,-1.0
m2_d0,1388.0,0.0,0.0,-1.0
m2_d0,1389.0,0.0,0.0,-1.0
m2_d0,1390.0,1.0,15.39,32.48
m2_d0,1391.0,0.0,0.0,-1.0
m2_d0,1392.0,0.0,0.0,-1.0
m2_d0,1393.0,1.0,15.92,31.41
m2_d0,1394.0,0.0,0.0,-1.0
m2_d0,1395.0,0.0,0.0,-1.0
m2_d0,1396.0,0.0,0.0,-1.0
m2_d0,1397.0,1.0,16.94,29.52
m2_d0,1398.0,0.0,0.0,-1.0
m2_d0,1399.0,0.0,0.0,-1.0
m2_d0,1400.0,0.0,0.0,-1.0
m2_d0,1401.0,0.0,0.0,-1.0
m2_d0,1402.0,0.0,0.0,-1.0
m2_d0,1403.0,0.0,0.0,-1.0
m2_d0,1404.0,0.0,0.0,-1.0
m2_d0,1405.0,0.0,0.0,-1.0
m2_d0,1406.0,1.0,19.63,25.47
m2_d0,1407.0,0.0,0.0,-1.0
m2_d0,1408.0,0.0,0.0,-1.0
m2_d0,1409.0,0.0,0.0,-1.0
m2_d0,1410.0,0.0,0.0,-1.0
m2_d0,1411.0,0.0,0.0,-1.0
m2_d0,1412.0,0.0,0.0,-1.0
m2_d0,1413.0,1.0,22.5,22.22
m2_d0,1414.0,0.0,0.0,-1.0
m2_d0,1415.0,0.0,0.0,-1.0
m2_d0,1416.0,0.0,50.0,-1.0
m2_d0,1417.0,1.0,1.45,9.72
m2_d0,1418.0,0.0,0.0,-1.0
m2_d0,1419.0,0.0,0.0,-1.0
m2_d0,1420.0,1.0,20.59,24.28
m2_d0,1421.0,0.0,0.0,-1.0
m2_d0,1422.0,0.0,0.0,-1.0
m2_d0,1423.0,0.0,0.0,-1.0
m2_d0,1424.0,0.0,0.0,-1.0
m2_d0,1425.0,0.0,0.0,-1.0
m2_d0,1426.0,0.0,0.0,-1.0
m2_d0,1427.0,0.0,0.0,-1.0
m2_d0,1428.0,2.0,40.4,24.89
m2_d0,1429.0,0.0,0.0,-1.0
m2_d0,1430.0,0.0,0.0,-1.0
m2_d0,1431.0,0.0,0.0,-1.0
m2_d0,1432.0,0.0,0.0,-1.0
m2_d0,1433.0,0.0,0.0,-1.0
m2_d0,1434.0,0.0,0.0,-1.0
m2_d0,1435.0,1.0,20.7,24.15
m2_d0,1436.0,0.0,0.0,-1.0
m2_d0,1437.0,0.0,0.0,-1.0
m2_d0,1438.0,0.0,0.0,-1.0
m2_d0,1439.0,0.0,0.0,-1.0
m2_d0,1440.0,1.0,16.93,29.53
m2_d0,1441.0,0.0,0.0,-1.0
m2_d0,1442.0,0.0,0.0,-1.0
m2_d0,1443.0,1.0,16.89,29.6
m2_d0,1444.0,0.0,0.0,-1.0
m2_d0,1445.0,0.0,0.0,-1.0
m2_d0,1446.0,1.0,22.39,22.33
m2_d0,1447.0,0.0,0.0,-1.0
m2_d0,1448.0,0.0,0.0,-1.0
m2_d0,1449.0,0.0,0.0,-1.0
m2_d0,1450.0,0.0,9.64,-1.0
m2_d0,1451.0,1.0,6.09,31.78
m2_d0,1452.0,0.0,0.0,-1.0
m2_d0,1453.0,0.0,0.0,-1.0
m2_d0,1454.0,0.0,0.0,-1.0
m2_d0,1455.0,0.0,0.0,-1.0
m2_d0,1456.0,0.0,0.0,-1.0
m2_d0,1457.0,0.0,0.0,-1.0
m2_d0,1458.0,1.0,20.13,24.83
m2_d0,1459.0,1.0,21.8,22.93
m2_d0,1460.0,0.0,0.0,-1.0
m2_d0,1461.0,0.0,0.0,-1.0
m2_d0,1462.0,0.0,0.0,-1.0
m2_d0,1463.0,0.0,0.0,-1.0
m2_d0,1464.0,0.0,0.0,-1.0
m2_d0,1465.0,0.0,12.83,-1.0
m2_d0,1466.0,1.0,1.93,33.85
m2_d0,1467.0,0.0,0.0,-1.0
m2_d0,1468.0,0.0,0.0,-1.0
m2_d0,1469.0,0.0,10.74,-1.0
m2_d0,1470.0,1.0,9.26,25.0
m2_d0,1471.0,0.0,0.0,-1.0
m2_d0,1472.0,0.0,0.0,-1.0
m2_d0,1473.0,1.0,16.05,31.15
m2_d0,1474.0,0.0,0.0,-1.0
m2_d0,1475.0,0.0,0.0,-1.0
m2_d0,1476.0,0.0,0.0,-1.0
m2_d0,1477.0,0.0,0.0,-1.0
m2_d0,1478.0,0.0,15.96,-1.0
m2_d0,1479.0,1.0,0.21,30.92
m2_d0,1480.0,0.0,0.0,-1.0
m2_d0,1481.0,0.0,0.0,-1.0
m2_d0,1482.0,1.0,19.25,25.97
m2_d0,1483.0,0.0,0.0,-1.0
m2_d0,1484.0,0.0,0.0,-1.0
m2_d0,1485.0,0.0,0.0,-1.0
m2_d0,1486.0,0.0,0.0,-1.0
m2_d0,1487.0,0.0,0.0,-1.0
m2_d0,1488.0,0.0,0.0,-1.0
m2_d0,1489.0,0.0,0.0,-1.0
m2_d0,1490.0,1.0,21.03,23.78
m2_d0,1491.0,0.0,0.0,-1.0
m2_d0,1492.0,0.0,0.0,-1.0
m2_d0,1493.0,1.0,18.55,26.96
m2_d0,1494.0,0.0,0.0,-1.0
m2_d0,1495.0,0.0,0.0,-1.0
m2_d0,1496.0,0.0,0.0,-1.0
m2_d0,1497.0,0.0,0.0,-1.0
m2_d0,1498.0,0.0,0.0,-1.0
m2_d0,1499.0,1.0,18.15,27.55
m2_d0,1500.0,0.0,0.0,-1.0
m2_d0,1501.0,0.0,0.0,-1.0
m2_d0,1502.0,0.0,0.0,-1.0
m2_d0,1503.0,0.0,0.0,-1.0
m2_d0,1504.0,0.0,0.0,-1.0
m2_d0,1505.0,0.0,0.0,-1.0
m2_d0,1506.0,0.0,0.0,-1.0
m2_d0,1507.0,0.0,0.0,-1.0
m2_d0,1508.0,0.0,0.0,-1.0
m2_d0,1509.0,1.0,17.12,29.2
m2_d0,1510.0,0.0,0.0,-1.0
m2_d0,1511.0,0.0,0.0,-1.0
m2_d0,1512.0,0.0,0.0,-1.0
m2_d0,1513.0,0.0,0.0,-1.0
m2_d0,1514.0,0.0,0.0,-1.0
m2_d0,1515.0,0.0,0.0,-1.0
m2_d0,1516.0,0.0,0.0,-1.0
m2_d0,1517.0,0.0,0.0,-1.0
m2_d0,1518.0,0.0,0.0,-1.0
m2_d0,1519.0,1.0,15.32,32.64
m2_d0,1520.0,0.0,0.0,-1.0
m2_d0,1521.0,0.0,0.0,-1.0
m2_d0,1522.0,0.0,0.0,-1.0
m2_d0,1523.0,0.0,0.0,-1.0
m2_d0,1524.0,1.0,18.64,26.82
m2_d0,1525.0,1.0,23.71,21.08
m2_d0,1526.0,0.0,0.0,-1.0
m2_d0,1527.0,0.0,0.0,-1.0
m2_d0,1528.0,0.0,0.0,-1.0
m2_d0,1529.0,1.0,16.84,29.69
m2_d0,1530.0,0.0,0.0,-1.0
m2_d0,1531.0,0.0,0.0,-1.0
m2_d0,1532.0,0.0,0.0,-1.0
m2_d0,1533.0,0.0,0.0,-1.0
m2_d0,1534.0,0.0,0.0,-1.0
m2_d0,1535.0,0.0,0.0,-1.0
m2_d0,1536.0,0.0,0.0,-1.0
m2_d0,1537.0,1.0,17.9,27.93
m2_d0,1538.0,0.0,0.0,-1.0
m2_d0,1539.0,1.0,15.31,32.67
m2_d0,1540.0,0.0,0.0,-1.0
m2_d0,1541.0,0.0,9.51,-1.0
m2_d0,1542.0,1.0,10.48,25.01
m2_d0,1543.0,0.0,0.0,-1.0
m2_d0,1544.0,0.0,0.0,-1.0
m2_d0,1545.0,1.0,15.91,31.42
m2_d0,1546.0,0.0,0.0,-1.0
m2_d0,1547.0,0.0,0.0,-1.0
m2_d0,1548.0,0.0,0.0,-1.0
m2_d0,1549.0,0.0,0.0,-1.0
m2_d0,1550.0,0.0,0.0,-1.0
m2_d0,1551.0,0.0,0.0,-1.0
m2_d0,1552.0,1.0,17.18,29.1
m2_d0,1553.0,0.0,0.0,-1.0
m2_d0,1554.0,0.0,0.0,-1.0
m2_d0,1555.0,0.0,0.0,-1.0
m2_d0,1556.0,0.0,0.0,-1.0
m2_d0,1557.0,0.0,0.0,-1.0
m2_d0,1558.0,0.0,0.0,-1.0
m2_d0,1559.0,0.0,0.0,-1.0
m2_d0,1560.0,0.0,5.05,-1.0
m2_d0,1561.0,1.0,15.09,24.83
m2_d0,1562.0,0.0,0.0,-1.0
m2_d0,1563.0,0.0,6.85,-1.0
m2_d0,1564.0,1.0,10.22,29.29
m2_d0,1565.0,0.0,0.0,-1.0
m2_d0,1566.0,0.0,0.0,-1.0
m2_d0,1567.0,0.0,0.0,-1.0
m2_d0,1568.0,0.0,0.0,-1.0
m2_d0,1569.0,0.0,0.0,-1.0
m2_d0,1570.0,0.0,0.0,-1.0
m2_d0,1571.0,0.0,3.22,-1.0
m2_d0,1572.0,1.0,15.33,26.96
m2_d0,1573.0,0.0,0.0,-1.0
m2_d0,1574.0,0.0,0.0,-1.0
m2_d0,1575.0,1.0,17.68,28.28
m2_d0,1576.0,0.0,0.0,-1.0
m2_d0,1577.0,0.0,0.0,-1.0
m2_d0,1578.0,0.0,0.0,-1.0
m2_d0,1579.0,0.0,0.0,-1.0
m2_d0,1580.0,1.0,17.92,27.9
m2_d0,1581.0,0.0,0.0,-1.0
m2_d0,1582.0,0.0,0.0,-1.0
m2_d0,1583.0,1.0,18.35,27.24
m2_d0,1584.0,0.0,0.0,-1.0
m2_d0,1585.0,1.0,16.85,29.68
m2_d0,1586.0,0.0,0.0,-1.0
m2_d0,1587.0,0.0,0.0,-1.0
m2_d0,1588.0,0.0,0.0,-1.0
m2_d0,1589.0,0.0,0.0,-1.0
m2_d0,1590.0,0.0,0.0,-1.0
m2_d0,1591.0,0.0,0.0,-1.0
m2_d0,1592.0,0.0,0.0,-1.0
m2_d0,1593.0,1.0,18.82,26.56
m2_d0,1594.0,0.0,0.0,-1.0
m2_d0,1595.0,0.0,0.0,-1.0
m2_d0,1596.0,0.0,0.0,-1.0
m2_d0,1597.0,0.0,0.0,-1.0
m2_d0,1598.0,0.0,0.0,-1.0
m2_d0,1599.0,0.0,0.0,-1.0
m2_d0,1600.0,0.0,0.0,-1.0
m2_d0,1601.0,0.0,0.0,-1.0
m2_d0,1602.0,1.0,17.09,29.26
m2_d0,1603.0,0.0,0.0,-1.0
m2_d0,1604.0,1.0,19.05,26.24
m2_d0,1605.0,0.0,0.0,-1.0
m2_d0,1606.0,0.0,0.0,-1.0
m2_d0,1607.0,0.0,0.0,-1.0
m2_d0,1608.0,0.0,0.0,-1.0
m2_d0,1609.0,0.0,0.0,-1.0
m2_d0,1610.0,0.0,0.0,-1.0
m2_d0,1611.0,0.0,0.0,-1.0
m2_d0,1612.0,1.0,17.96,27.84
m2_d0,1613.0,0.0,0.0,-1.0
m2_d0,1614.0,0.0,0.0,-1.0
m2_d0,1615.0,1.0,18.66,26.8
m2_d0,1616.0,0.0,0.0,-1.0
m2_d0,1617.0,0.0,0.0,-1.0
m2_d0,1618.0,1.0,30.88,26.23
m2_d0,1619.0,1.0,10.41,22.5
m2_d0,1620.0,0.0,0.0,-1.0
m2_d0,1621.0,0.0,0.0,-1.0
m2_d0,1622.0,0.0,0.0,-1.0
m2_d0,1623.0,0.0,0.0,-1.0
m2_d0,1624.0,0.0,0.0,-1.0
m2_d0,1625.0,0.0,0.0,-1.0
m2_d0,1626.0,0.0,0.0,-1.0
m2_d0,1627.0,0.0,0.0,-1.0
m2_d0,1628.0,0.0,0.0,-1.0
m2_d0,1629.0,1.0,19.78,25.28
m2_d0,1630.0,0.0,0.0,-1.0
m2_d0,1631.0,0.0,0.0,-1.0
m2_d0,1632.0,0.0,0.0,-1.0
m2_d0,1633.0,1.0,22.66,22.07
m2_d0,1634.0,0.0,0.0,-1.0
m2_d0,1635.0,1.0,20.4,24.51
m2_d0,1636.0,0.0,0.0,-1.0
m2_d0,1637.0,0.0,0.0,-1.0
m2_d0,1638.0,0.0,0.0,-1.0
m2_d0,1639.0,0.0,0.0,-1.0
m2_d0,1640.0,0.0,0.0,-1.0
m2_d0,1641.0,0.0,0.0,-1.0
m2_d0,1642.0,0.0,0.0,-1.0
m2_d0,1643.0,1.0,18.72,26.71
m2_d0,1644.0,0.0,0.0,-1.0
m2_d0,1645.0,0.0,0.0,-1.0
m2_d0,1646.0,0.0,0.0,-1.0
m2_d0,1647.0,0.0,0.0,-1.0
m2_d0,1648.0,0.0,0.0,-1.0
m2_d0,1649.0,1.0,22.48,22.24
m2_d0,1650.0,0.0,0.0,-1.0
m2_d0,1651.0,0.0,0.0,-1.0
m2_d0,1652.0,0.0,0.0,-1.0
m2_d0,1653.0,1.0,18.47,27.06
m2_d0,1654.0,0.0,0.0,-1.0
m2_d0,1655.0,0.0,0.0,-1.0
m2_d0,1656.0,0.0,0.0,-1.0
m2_d0,1657.0,0.0,0.34,-1.0
m2_d0,1658.0,1.0,19.95,24.65
m2_d0,1659.0,0.0,0.0,-1.0
m2_d0,1660.0,0.0,0.0,-1.0
m2_d0,1661.0,0.0,0.0,-1.0
m2_d0,1662.0,0.0,0.0,-1.0
m2_d0,1663.0,0.0,0.0,-1.0
m2_d0,1664.0,0.0,0.0,-1.0
m2_d0,1665.0,0.0,0.0,-1.0
m2_d0,1666.0,0.0,0.0,-1.0
m2_d0,1667.0,0.0,0.0,-1.0
m2_d0,1668.0,0.0,0.0,-1.0
m2_d0,1669.0,0.0,0.0,-1.0
m2_d0,1670.0,0.0,0.0,-1.0
m2_d0,1671.0,0.0,0.0,-1.0
m2_d0,1672.0,0.0,0.0,-1.0
m2_d0,1673.0,0.0,0.0,-1.0
m2_d0,1674.0,1.0,21.51,23.25
m2_d0,1675.0,0.0,0.0,-1.0
m2_d0,1676.0,0.0,0.0,-1.0
m2_d0,1677.0,0.0,0.0,-1.0
m2_d0,1678.0,0.0,0.0,-1.0
m2_d0,1679.0,0.0,0.0,-1.0
m2_d0,1680.0,1.0,15.84,31.56
m2_d0,1681.0,0.0,0.0,-1.0
m2_d0,1682.0,0.0,0.0,-1.0
m2_d0,1683.0,0.0,0.0,-1.0
m2_d0,1684.0,0.0,0.0,-1.0
m2_d0,1685.0,1.0,16.67,29.99
m2_d0,1686.0,1.0,20.39,24.52
m2_d0,1687.0,0.0,0.0,-1.0
m2_d0,1688.0,0.0,0.0,-1.0
m2_d0,1689.0,0.0,0.0,-1.0
m2_d0,1690.0,0.0,0.0,-1.0
m2_d0,1691.0,0.0,0.0,-1.0
m2_d0,1692.0,0.0,0.0,-1.0
m2_d0,1693.0,0.0,0.0,-1.0
m2_d0,1694.0,0.0,0.0,-1.0
m2_d0,1695.0,0.0,0.0,-1.0
m2_d0,1696.0,0.0,0.0,-1.0
m2_d0,1697.0,0.0,0.0,-1.0
m2_d0,1698.0,0.0,0.0,-1.0
m2_d0,1699.0,1.0,21.48,23.28
m2_d0,1700.0,0.0,0.0,-1.0
m2_d0,1701.0,0.0,0.0,-1.0
m2_d0,1702.0,1.0,17.62,28.38
m2_d0,1703.0,0.0,0.0,-1.0
m2_d0,1704.0,0.0,0.0,-1.0
m2_d0,1705.0,1.0,21.43,23.33
m2_d0,1706.0,0.0,0.0,-1.0
m2_d0,1707.0,0.0,0.0,-1.0
m2_d0,1708.0,1.0,19.09,26.19
m2_d0,1709.0,0.0,0.0,-1.0
m2_d0,1710.0,0.0,0.0,-1.0
m2_d0,1711.0,1.0,15.42,32.42
m2_d0,1712.0,0.0,0.0,-1.0
m2_d0,1713.0,0.0,0.0,-1.0
m2_d0,1714.0,0.0,0.0,-1.0
m2_d0,1715.0,0.0,0.0,-1.0
m2_d0,1716.0,0.0,0.0,-1.0
m2_d0,1717.0,0.0,0.0,-1.0
m2_d0,1718.0,0.0,0.0,-1.0
m2_d0,1719.0,0.0,0.0,-1.0
m2_d0,1720.0,0.0,0.0,-1.0
m2_d0,1721.0,0.0,0.0,-1.0
m2_d0,1722.0,0.0,0.0,-1.0
m2_d0,1723.0,0.0,0.0,-1.0
m2_d0,1724.0,0.0,0.0,-1.0
m2_d0,1725.0,0.0,0.0,-1.0
m2_d0,1726.0,0.0,0.0,-1.0
m2_d0,1727.0,1.0,19.34,25.85
m2_d0,1728.0,1.0,22.35,22.37
m2_d0,1729.0,0.0,0.0,-1.0
m2_d0,1730.0,0.0,0.0,-1.0
m2_d0,1731.0,1.0,17.57,28.46
m2_d0,1732.0,0.0,0.0,-1.0
m2_d0,1733.0,0.0,0.0,-1.0
m2_d0,1734.0,0.0,0.0,-1.0
m2_d0,1735.0,0.0,0.0,-1.0
m2_d0,1736.0,1.0,15.33,32.61
m2_d0,1737.0,0.0,0.0,-1.0
m2_d0,1738.0,0.0,0.0,-1.0
m2_d0,1739.0,0.0,0.0,-1.0
m2_d0,1740.0,0.0,0.0,-1.0
m2_d0,1741.0,0.0,0.0,-1.0
m2_d0,1742.0,0.0,0.0,-1.0
m2_d0,1743.0,0.0,0.0,-1.0
m2_d0,1744.0,0.0,0.0,-1.0
m2_d0,1745.0,0.0,0.0,-1.0
m2_d0,1746.0,0.0,0.0,-1.0
m2_d0,1747.0,1.0,18.77,26.64
m2_d0,1748.0,0.0,0.0,-1.0
m2_d0,1749.0,0.0,0.0,-1.0
m2_d0,1750.0,0.0,0.0,-1.0
m2_d0,1751.0,0.0,5.5,-1.0
m2_d0,1752.0,1.0,13.52,26.29
m2_d0,1753.0,1.0,21.63,23.12
m2_d0,1754.0,0.0,0.0,-1.0
m2_d0,1755.0,0.0,0.0,-1.0
m2_d0,1756.0,0.0,0.0,-1.0
m2_d0,1757.0,1.0,19.94,25.08
m2_d0,1758.0,0.0,0.0,-1.0
m2_d0,1759.0,0.0,0.0,-1.0
m2_d0,1760.0,0.0,0.0,-1.0
m2_d0,1761.0,0.0,0.0,-1.0
m2_d0,1762.0,0.0,0.0,-1.0
m2_d0,1763.0,0.0,14.53,-1.0
m2_d0,1764.0,1.0,4.51,26.26
m2_d0,1765.0,0.0,0.0,-1.0
m2_d0,1766.0,0.0,0.0,-1.0
m2_d0,1767.0,0.0,0.0,-1.0
m2_d0,1768.0,0.0,0.0,-1.0
m2_d0,1769.0,1.0,20.24,24.7
m2_d0,1770.0,0.0,8.27,-1.0
m2_d0,1771.0,0.0,0.0,-1.0
m2_d0,1772.0,0.0,0.0,-1.0
m2_d0,1773.0,0.0,0.0,-1.0
m2_d0,1774.0,0.0,0.0,-1.0
m2_d0,1775.0,0.0,0.0,-1.0
m2_d0,1776.0,1.0,17.34,28.84
m2_d0,1777.0,0.0,0.0,-1.0
m2_d0,1778.0,0.0,0.0,-1.0
m2_d0,1779.0,0.0,0.0,-1.0
m2_d0,1780.0,0.0,0.0,-1.0
m2_d0,1781.0,0.0,0.0,-1.0
m2_d0,1782.0,1.0,20.57,24.3
m2_d0,1783.0,0.0,0.0,-1.0
m2_d0,1784.0,0.0,0.0,-1.0
m2_d0,1785.0,1.0,17.85,28.02
m2_d0,1786.0,0.0,0.0,-1.0
m2_d0,1787.0,0.0,0.0,-1.0
m2_d0,1788.0,0.0,0.0,-1.0
m2_d0,1789.0,0.0,0.0,-1.0
m2_d0,1790.0,0.0,0.0,-1.0
m2_d0,1791.0,0.0,0.0,-1.0
m2_d0,1792.0,1.0,15.93,31.4
m2_d0,1793.0,0.0,0.0,-1.0
m2_d0,1794.0,0.0,0.0,-1.0
m2_d0,1795.0,0.0,0.0,-1.0
m2_d0,1796.0,0.0,0.0,-1.0
m2_d0,1797.0,0.0,0.0,-1.0
m2_d0,1798.0,0.0,0.0,-1.0
m2_d0,1799.0,0.0,0.0,-1.0
m2_d0,1800.0,0.0,0.0,-1.0
m2_d0,1801.0,1.0,22.23,22.5
m2_d0,1802.0,0.0,0.0,-1.0
m2_d0,1803.0,0.0,0.0,-1.0
m2_d0,1804.0,0.0,0.0,-1.0
m2_d0,1805.0,0.0,0.0,-1.0
m2_d0,1806.0,0.0,0.0,-1.0
m2_d0,1807.0,0.0,0.0,-1.0
m2_d0,1808.0,0.0,0.0,-1.0
m2_d0,1809.0,0.0,0.0,-1.0
m2_d0,1810.0,1.0,20.75,24.1
m2_d0,1811.0,0.0,0.0,-1.0
m2_d0,1812.0,0.0,0.0,-1.0
m2_d0,1813.0,0.0,0.0,-1.0
m2_d0,1814.0,0.0,0.0,-1.0
m2_d0,1815.0,0.0,0.0,-1.0
m2_d0,1816.0,1.0,20.7,24.16
m2_d0,1817.0,0.0,0.0,-1.0
m2_d0,1818.0,0.0,0.0,-1.0
m2_d0,1819.0,1.0,20.5,24.4
m2_d0,1820.0,0.0,0.0,-1.0
m2_d0,1821.0,0.0,0.0,-1.0
m2_d0,1822.0,0.0,0.0,-1.0
m2_d0,1823.0,1.0,22.09,22.64
m2_d0,1824.0,0.0,0.0,-1.0
m2_d0,1825.0,0.0,0.0,-1.0
m2_d0,1826.0,0.0,0.0,-1.0
m2_d0,1827.0,0.0,0.0,-1.0
m2_d0,1828.0,0.0,0.0,-1.0
m2_d0,1829.0,0.0,0.0,-1.0
m2_d0,1830.0,0.0,0.0,-1.0
m2_d0,1831.0,0.0,0.0,-1.0
m2_d0,1832.0,0.0,0.0,-1.0
m2_d0,1833.0,1.0,16.98,29.44
m2_d0,1834.0,0.0,0.0,-1.0
m2_d0,1835.0,0.0,0.0,-1.0
m2_d0,1836.0,0.0,0.0,-1.0
m2_d0,1837.0,0.0,0.0,-1.0
m2_d0,1838.0,0.0,0.0,-1.0
m2_d0,1839.0,1.0,21.36,23.41
m2_d0,1840.0,0.0,0.0,-1.0
m2_d0,1841.0,0.0,50.0,-1.0
m2_d0,1842.0,1.0,8.71,8.52
m2_d0,1843.0,1.0,23.2,21.55
m2_d0,1844.0,0.0,0.0,-1.0
m2_d0,1845.0,0.0,0.0,-1.0
m2_d0,1846.0,0.0,0.0,-1.0
m2_d0,1847.0,0.0,0.0,-1.0
m2_d0,1848.0,0.0,0.0,-1.0
m2_d0,1849.0,1.0,17.41,28.73
m2_d0,1850.0,0.0,0.0,-1.0
m2_d0,1851.0,0.0,0.0,-1.0
m2_d0,1852.0,0.0,0.0,-1.0
m2_d0,1853.0,0.0,0.0,-1.0
m2_d0,1854.0,0.0,0.0,-1.0
m2_d0,1855.0,0.0,0.0,-1.0
m2_d0,1856.0,1.0,17.53,28.52
m2_d0,1857.0,0.0,0.0,-1.0
m2_d0,1858.0,0.0,0.0,-1.0
m2_d0,1859.0,0.0,0.0,-1.0
m2_d0,1860.0,0.0,0.0,-1.0
m2_d0,1861.0,1.0,20.41,24.49
m2_d0,1862.0,0.0,0.0,-1.0
m2_d0,1863.0,0.0,0.0,-1.0
m2_d0,1864.0,0.0,0.0,-1.0
m2_d0,1865.0,0.0,0.0,-1.0
m2_d0,1866.0,0.0,0.0,-1.0
m2_d0,1867.0,0.0,0.0,-1.0
m2_d0,1868.0,1.0,18.05,27.71
m2_d0,1869.0,0.0,0.0,-1.0
m2_d0,1870.0,0.0,0.0,-1.0
m2_d0,1871.0,0.0,0.0,-1.0
m2_d0,1872.0,0.0,0.0,-1.0
m2_d0,1873.0,0.0,0.0,-1.0
m2_d0,1874.0,1.0,17.29,28.91
m2_d0,1875.0,0.0,0.0,-1.0
m2_d0,1876.0,0.0,2.07,-1.0
m2_d0,1877.0,1.0,13.44,32.24
m2_d0,1878.0,0.0,0.0,-1.0
m2_d0,1879.0,0.0,0.0,-1.0
m2_d0,1880.0,1.0,15.12,33.08
m2_d0,1881.0,0.0,0.0,-1.0
m2_d0,1882.0,0.0,0.0,-1.0
m2_d0,1883.0,0.0,0.0,-1.0
m2_d0,1884.0,0.0,0.0,-1.0
m2_d0,1885.0,0.0,0.0,-1.0
m2_d0,1886.0,0.0,0.0,-1.0
m2_d0,1887.0,0.0,0.0,-1.0
m2_d0,1888.0,1.0,17.15,29.16
m2_d0,1889.0,0.0,0.0,-1.0
m2_d0,1890.0,0.0,0.0,-1.0
m2_d0,1891.0,0.0,0.0,-1.0
m2_d0,1892.0,0.0,0.0,-1.0
m2_d0,1893.0,0.0,0.0,-1.0
m2_d0,1894.0,0.0,0.0,-1.0
m2_d0,1895.0,0.0,0.0,-1.0
m2_d0,1896.0,1.0,21.97,28.88
m2_d0,1897.0,0.0,0.0,-1.0
m2_d0,1898.0,0.0,0.0,-1.0
m2_d0,1899.0,0.0,0.0,-1.0
m2_d0,1900.0,1.0,14.49,34.51
m2_d0,1901.0,0.0,0.0,-1.0
m2_d0,1902.0,0.0,0.0,-1.0
m2_d0,1903.0,0.0,0.0,-1.0
m2_d0,1904.0,0.0,0.0,-1.0
m2_d0,1905.0,0.0,0.0,-1.0
m2_d0,1906.0,0.0,0.01,-1.0
m2_d0,1907.0,2.0,36.34,29.1
m2_d0,1908.0,0.0,0.0,-1.0
m2_d0,1909.0,0.0,0.0,-1.0
m2_d0,1910.0,0.0,0.0,-1.0
m2_d0,1911.0,0.0,0.0,-1.0
m2_d0,1912.0,0.0,0.0,-1.0
m2_d0,1913.0,0.0,0.0,-1.0
m2_d0,1914.0,1.0,15.77,31.7
m2_d0,1915.0,0.0,0.0,-1.0
m2_d0,1916.0,0.0,0.0,-1.0
m2_d0,1917.0,0.0,0.0,-1.0
m2_d0,1918.0,0.0,0.0,-1.0
m2_d0,1919.0,0.0,0.0,-1.0
m2_d0,1920.0,0.0,0.0,-1.0
m2_d0,1921.0,0.0,0.0,-1.0
m2_d0,1922.0,0.0,0.0,-1.0
m2_d0,1923.0,1.0,22.58,22.14
m2_d0,1924.0,0.0,0.0,-1.0
m2_d0,1925.0,0.0,0.0,-1.0
m2_d0,1926.0,0.0,0.0,-1.0
m2_d0,1927.0,1.0,20.44,24.46
m2_d0,1928.0,0.0,0.0,-1.0
m2_d0,1929.0,0.0,0.0,-1.0
m2_d0,1930.0,0.0,0.0,-1.0
m2_d0,1931.0,1.0,20.64,24.23
m2_d0,1932.0,0.0,0.0,-1.0
m2_d0,1933.0,0.0,0.0,-1.0
m2_d0,1934.0,0.0,0.0,-1.0
m2_d0,1935.0,0.0,0.0,-1.0
m2_d0,1936.0,0.0,0.0,-1.0
m2_d0,1937.0,1.0,18.16,27.54
m2_d0,1938.0,1.0,22.0,22.73
m2_d0,1939.0,0.0,0.0,-1.0
m2_d0,1940.0,0.0,0.0,-1.0
m2_d0,1941.0,0.0,0.0,-1.0
m2_d0,1942.0,0.0,0.0,-1.0
m2_d0,1943.0,1.0,17.7,28.24
m2_d0,1944.0,0.0,0.0,-1.0
m2_d0,1945.0,0.0,0.0,-1.0
m2_d0,1946.0,0.0,0.0,-1.0
m2_d0,1947.0,0.0,0.0,-1.0
m2_d0,1948.0,0.0,0.0,-1.0
m2_d0,1949.0,0.0,0.0,-1.0
m2_d0,1950.0,0.0,0.0,-1.0
m2_d0,1951.0,0.0,0.0,-1.0
m2_d0,1952.0,0.0,0.0,-1.0
m2_d0,1953.0,0.0,0.0,-1.0
m2_d0,1954.0,1.0,17.72,28.22
m2_d0,1955.0,0.0,0.0,-1.0
m2_d0,1956.0,0.0,0.0,-1.0
m2_d0,1957.0,0.0,0.0,-1.0
m2_d0,1958.0,1.0,16.24,30.79
m2_d0,1959.0,0.0,0.0,-1.0
m2_d0,1960.0,0.0,0.0,-1.0
m2_d0,1961.0,0.0,0.0,-1.0
m2_d0,1962.0,0.0,0.0,-1.0
m2_d0,1963.0,0.0,0.0,-1.0
m2_d0,1964.0,0.0,0.0,-1.0
m2_d0,1965.0,1.0,15.94,31.36
m2_d0,1966.0,0.0,0.0,-1.0
m2_d0,1967.0,0.0,0.0,-1.0
m2_d0,1968.0,0.0,0.0,-1.0
m2_d0,1969.0,0.0,0.0,-1.0
m2_d0,1970.0,0.0,0.0,-1.0
m2_d0,1971.0,0.0,0.0,-1.0
m2_d0,1972.0,0.0,0.0,-1.0
m2_d0,1973.0,1.0,16.68,29.98
m2_d0,1974.0,0.0,0.0,-1.0
m2_d0,1975.0,0.0,0.0,-1.0
m2_d0,1976.0,0.0,0.0,-1.0
m2_d0,1977.0,0.0,0.0,-1.0
m2_d0,1978.0,0.0,0.0,-1.0
m2_d0,1979.0,0.0,0.0,-1.0
m2_d0,1980.0,0.0,0.0,-1.0
m2_d0,1981.0,1.0,18.38,27.2
m2_d0,1982.0,0.0,0.0,-1.0
m2_d0,1983.0,0.0,0.0,-1.0
m2_d0,1984.0,0.0,0.0,-1.0
m2_d0,1985.0,1.0,21.23,23.55
m2_d0,1986.0,0.0,0.0,-1.0
m2_d0,1987.0,0.0,0.0,-1.0
m2_d0,1988.0,0.0,0.0,-1.0
m2_d0,1989.0,0.0,0.0,-1.0
m2_d0,1990.0,0.0,5.72,-1.0
m2_d0,1991.0,1.0,13.97,25.4
m2_d0,1992.0,0.0,0.0,-1.0
m2_d0,1993.0,0.0,0.0,-1.0
m2_d0,1994.0,0.0,0.0,-1.0
m2_d0,1995.0,0.0,0.0,-1.0
m2_d0,1996.0,0.0,0.0,-1.0
m2_d0,1997.0,1.0,17.77,28.14
m2_d0,1998.0,0.0,0.0,-1.0
m2_d0,1999.0,0.0,0.0,-1.0
m2_d1,0.0,0.0,0.0,-1.0
m2_d1,1.0,0.0,0.0,-1.0
m2_d1,2.0,0.0,0.0,-1.0
m2_d1,3.0,0.0,0.0,-1.0
m2_d1,4.0,0.0,0.0,-1.0
m2_d1,5.0,0.0,0.0,-1.0
m2_d1,6.0,0.0,0.0,-1.0
m2_d1,7.0,0.0,0.0,-1.0
m2_d1,8.0,0.0,0.0,-1.0
m2_d1,9.0,0.0,0.0,-1.0
m2_d1,10.0,0.0,0.0,-1.0
m2_d1,11.0,0.0,0.0,-1.0
m2_d1,12.0,0.0,0.0,-1.0
m2_d1,13.0,0.0,0.0,-1.0
m2_d1,14.0,0.0,0.0,-1.0
m2_d1,15.0,0.0,0.0,-1.0
m2_d1,16.0,0.0,0.0,-1.0
m2_d1,17.0,0.0,0.0,-1.0
m2_d1,18.0,0.0,0.0,-1.0
m2_d1,19.0,0.0,0.0,-1.0
m2_d1,20.0,0.0,0.0,-1.0
m2_d1,21.0,0.0,0.0,-1.0
m2_d1,22.0,0.0,0.0,-1.0
m2_d1,23.0,0.0,0.0,-1.0
m2_d1,24.0,0.0,0.0,-1.0
m2_d1,25.0,0.0,0.0,-1.0
m2_d1,26.0,0.0,0.0,-1.0
m2_d1,27.0,0.0,0.0,-1.0
m2_d1,28.0,0.0,0.0,-1.0
m2_d1,29.0,0.0,0.0,-1.0
m2_d1,30.0,0.0,0.0,-1.0
m2_d1,31.0,0.0,0.0,-1.0
m2_d1,32.0,0.0,0.0,-1.0
m2_d1,33.0,0.0,0.0,-1.0
m2_d1,34.0,0.0,0.0,-1.0
m2_d1,35.0,1.0,13.0,38.45
m2_d1,36.0,0.0,0.0,-1.0
m2_d1,37.0,0.0,0.0,-1.0
m2_d1,38.0,0.0,0.0,-1.0
m2_d1,39.0,0.0,0.0,-1.0
m2_d1,40.0,0.0,0.0,-1.0
m2_d1,41.0,0.0,0.0,-1.0
m2_d1,42.0,0.0,0.0,-1.0
m2_d1,43.0,0.0,0.0,-1.0
m2_d1,44.0,0.0,0.0,-1.0
m2_d1,45.0,0.0,0.0,-1.0
m2_d1,46.0,0.0,0.0,-1.0
m2_d1,47.0,0.0,0.0,-1.0
m2_d1,48.0,0.0,0.0,-1.0
m2_d1,49.0,1.0,12.82,39.01
m2_d1,50.0,0.0,0.0,-1.0
m2_d1,51.0,0.0,0.0,-1.0
m2_d1,52.0,0.0,0.0,-1.0
m2_d1,53.0,0.0,0.0,-1.0
m2_d1,54.0,0.0,0.0,-1.0
m2_d1,55.0,1.0,12.24,40.85
m2_d1,56.0,0.0,0.0,-1.0
m2_d1,57.0,1.0,13.81,36.19
m2_d1,58.0,0.0,0.0,-1.0
m2_d1,59.0,0.0,0.0,-1.0
m2_d1,60.0,0.0,0.0,-1.0
m2_d1,61.0,0.0,0.0,-1.0
m2_d1,62.0,0.0,0.0,-1.0
m2_d1,63.0,0.0,0.0,-1.0
m2_d1,64.0,0.0,0.0,-1.0
m2_d1,65.0,0.0,0.0,-1.0
m2_d1,66.0,0.0,0.0,-1.0
m2_d1,67.0,0.0,0.0,-1.0
m2_d1,68.0,0.0,0.0,-1.0
m2_d1,69.0,0.0,0.0,-1.0
m2_d1,70.0,0.0,0.0,-1.0
m2_d1,71.0,0.0,0.0,-1.0
m2_d1,72.0,0.0,0.0,-1.0
m2_d1,73.0,0.0,0.0,-1.0
m2_d1,74.0,0.0,0.0,-1.0
m2_d1,75.0,0.0,0.0,-1.0
m2_d1,76.0,1.0,17.53,28.52
m2_d1,77.0,0.0,0.0,-1.0
m2_d1,78.0,1.0,16.8,29.77
m2_d1,79.0,0.0,0.0,-1.0
m2_d1,80.0,1.0,16.31,30.66
m2_d1,81.0,0.0,0.0,-1.0
m2_d1,82.0,0.0,0.0,-1.0
m2_d1,83.0,0.0,0.0,-1.0
m2_d1,84.0,0.0,0.0,-1.0
m2_d1,85.0,0.0,0.0,-1.0
m2_d1,86.0,0.0,0.0,-1.0
m2_d1,87.0,0.0,0.0,-1.0
m2_d1,88.0,0.0,0.0,-1.0
m2_d1,89.0,0.0,0.0,-1.0
m2_d1,90.0,0.0,0.0,-1.0
m2_d1,91.0,0.0,0.0,-1.0
m2_d1,92.0,0.0,0.0,-1.0
m2_d1,93.0,1.0,16.73,29.88
m2_d1,94.0,0.0,0.0,-1.0
m2_d1,95.0,0.0,0.0,-1.0
m2_d1,96.0,1.0,14.89,33.58
m2_d1,97.0,0.0,0.0,-1.0
m2_d1,98.0,0.0,0.0,-1.0
m2_d1,99.0,1.0,14.53,34.4
m2_d1,100.0,0.0,0.0,-1.0
m2_d1,101.0,0.0,6.49,-1.0
m2_d1,102.0,1.0,13.2,25.39
m2_d1,103.0,0.0,0.0,-1.0
m2_d1,104.0,0.0,0.0,-1.0
m2_d1,105.0,1.0,16.02,31.2
m2_d1,106.0,0.0,0.0,-1.0
m2_d1,107.0,0.0,0.0,-1.0
m2_d1,108.0,0.0,0.0,-1.0
m2_d1,109.0,1.0,14.25,35.08
m2_d1,110.0,0.0,0.0,-1.0
m2_d1,111.0,1.0,14.11,35.44
m2_d1,112.0,0.0,0.0,-1.0
m2_d1,113.0,0.0,0.0,-1.0
m2_d1,114.0,0.0,0.0,-1.0
m2_d1,115.0,0.0,0.0,-1.0
m2_d1,116.0,0.0,0.0,-1.0
m2_d1,117.0,2.0,29.21,34.7
m2_d1,118.0,0.0,0.0,-1.0
m2_d1,119.0,0.0,0.0,-1.0
m2_d1,120.0,0.0,0.0,-1.0
m2_d1,121.0,0.0,0.0,-1.0
m2_d1,122.0,0.0,0.0,-1.0
m2_d1,123.0,0.0,0.0,-1.0
m2_d1,124.0,0.0,0.0,-1.0
m2_d1,125.0,0.0,0.0,-1.0
m2_d1,126.0,0.0,0.0,-1.0
m2_d1,127.0,0.0,0.0,-1.0
m2_d1,128.0,0.0,0.0,-1.0
m2_d1,129.0,0.0,0.0,-1.0
m2_d1,130.0,0.0,0.0,-1.0
m2_d1,131.0,0.0,0.0,-1.0
m2_d1,132.0,0.0,0.0,-1.0
m2_d1,133.0,0.0,0.0,-1.0
m2_d1,134.0,0.0,0.0,-1.0
m2_d1,135.0,1.0,14.75,33.89
m2_d1,136.0,1.0,14.58,34.29
m2_d1,137.0,0.0,0.0,-1.0
m2_d1,138.0,0.0,0.0,-1.0
m2_d1,139.0,0.0,0.0,-1.0
m2_d1,140.0,0.0,0.0,-1.0
m2_d1,141.0,0.0,0.0,-1.0
m2_d1,142.0,0.0,0.0,-1.0
m2_d1,143.0,0.0,0.0,-1.0
m2_d1,144.0,1.0,15.19,32.91
m2_d1,145.0,0.0,0.0,-1.0
m2_d1,146.0,0.0,0.0,-1.0
m2_d1,147.0,0.0,0.0,-1.0
m2_d1,148.0,0.0,0.0,-1.0
m2_d1,149.0,0.0,6.43,-1.0
m2_d1,150.0,1.0,8.07,34.48
m2_d1,151.0,0.0,0.0,-1.0
m2_d1,152.0,0.0,0.0,-1.0
m2_d1,153.0,0.0,0.0,-1.0
m2_d1,154.0,0.0,0.0,-1.0
m2_d1,155.0,0.0,0.0,-1.0
m2_d1,156.0,1.0,16.12,31.01
m2_d1,157.0,0.0,13.98,-1.0
m2_d1,158.0,1.0,1.94,31.41
m2_d1,159.0,0.0,0.0,-1.0
m2_d1,160.0,0.0,0.0,-1.0
m2_d1,161.0,0.0,0.0,-1.0
m2_d1,162.0,0.0,0.0,-1.0
m2_d1,163.0,0.0,0.0,-1.0
m2_d1,164.0,0.0,0.0,-1.0
m2_d1,165.0,0.0,0.0,-1.0
m2_d1,166.0,0.0,0.0,-1.0
m2_d1,167.0,0.0,0.0,-1.0
m2_d1,168.0,0.0,0.0,-1.0
m2_d1,169.0,0.0,0.0,-1.0
m2_d1,170.0,0.0,0.0,-1.0
m2_d1,171.0,0.0,0.0,-1.0
m2_d1,172.0,0.0,0.0,-1.0
m2_d1,173.0,0.0,0.0,-1.0
m2_d1,174.0,0.0,0.0,-1.0
m2_d1,175.0,0.0,0.0,-1.0
m2_d1,176.0,0.0,0.0,-1.0
m2_d1,177.0,0.0,0.0,-1.0
m2_d1,178.0,0.0,0.0,-1.0
m2_d1,179.0,1.0,18.11,27.61
m2_d1,180.0,1.0,18.22,27.44
m2_d1,181.0,1.0,18.03,27.72
m2_d1,182.0,0.0,0.0,-1.0
m2_d1,183.0,0.0,0.0,-1.0
m2_d1,184.0,1.0,15.88,31.49
m2_d1,185.0,0.0,0.0,-1.0
m2_d1,186.0,0.0,0.0,-1.0
m2_d1,187.0,0.0,0.0,-1.0
m2_d1,188.0,0.0,0.0,-1.0
m2_d1,189.0,0.0,0.0,-1.0
m2_d1,190.0,0.0,0.0,-1.0
m2_d1,191.0,0.0,0.0,-1.0
m2_d1,192.0,1.0,14.18,35.27
m2_d1,193.0,0.0,0.0,-1.0
m2_d1,194.0,0.0,0.0,-1.0
m2_d1,195.0,0.0,0.0,-1.0
m2_d1,196.0,1.0,12.86,38.87
m2_d1,197.0,0.0,0.0,-1.0
m2_d1,198.0,0.0,0.0,-1.0
m2_d1,199.0,0.0,0.0,-1.0
m2_d1,200.0,0.0,0.0,-1.0
m2_d1,201.0,0.0,0.0,-1.0
m2_d1,202.0,0.0,0.0,-1.0
m2_d1,203.0,0.0,0.0,-1.0
m2_d1,204.0,0.0,0.0,-1.0
m2_d1,205.0,0.0,0.0,-1.0
m2_d1,206.0,0.0,0.0,-1.0
m2_d1,207.0,0.0,0.0,-1.0
m2_d1,208.0,0.0,0.0,-1.0
m2_d1,209.0,0.0,0.0,-1.0
m2_d1,210.0,0.0,0.0,-1.0
m2_d1,211.0,0.0,0.0,-1.0
m2_d1,212.0,0.0,0.0,-1.0
m2_d1,213.0,0.0,0.0,-1.0
m2_d1,214.0,0.0,0.0,-1.0
m2_d1,215.0,0.0,0.0,-1.0
m2_d1,216.0,0.0,0.0,-1.0
m2_d1,217.0,0.0,0.0,-1.0
m2_d1,218.0,0.0,0.0,-1.0
m2_d1,219.0,0.0,0.0,-1.0
m2_d1,220.0,0.0,0.0,-1.0
m2_d1,221.0,0.0,0.0,-1.0
m2_d1,222.0,0.0,0.0,-1.0
m2_d1,223.0,0.0,0.0,-1.0
m2_d1,224.0,0.0,0.0,-1.0
m2_d1,225.0,0.0,0.0,-1.0
m2_d1,226.0,0.0,0.0,-1.0
m2_d1,227.0,0.0,0.0,-1.0
m2_d1,228.0,0.0,0.0,-1.0
m2_d1,229.0,0.0,0.0,-1.0
m2_d1,230.0,0.0,0.0,-1.0
m2_d1,231.0,0.0,0.0,-1.0
m2_d1,232.0,0.0,0.0,-1.0
m2_d1,233.0,0.0,0.0,-1.0
m2_d1,234.0,1.0,13.71,36.47
m2_d1,235.0,0.0,0.0,-1.0
m2_d1,236.0,0.0,0.0,-1.0
m2_d1,237.0,0.0,0.0,-1.0
m2_d1,238.0,1.0,12.2,40.99
m2_d1,239.0,0.0,0.0,-1.0
m2_d1,240.0,1.0,14.82,33.74
m2_d1,241.0,0.0,0.0,-1.0
m2_d1,242.0,1.0,13.07,38.26
m2_d1,243.0,0.0,0.0,-1.0
m2_d1,244.0,0.0,0.0,-1.0
m2_d1,245.0,0.0,0.0,-1.0
m2_d1,246.0,0.0,0.0,-1.0
m2_d1,247.0,0.0,0.0,-1.0
m2_d1,248.0,0.0,0.0,-1.0
m2_d1,249.0,0.0,0.0,-1.0
m2_d1,250.0,0.0,0.0,-1.0
m2_d1,251.0,0.0,0.0,-1.0
m2_d1,252.0,0.0,0.0,-1.0
m2_d1,253.0,0.0,0.0,-1.0
m2_d1,254.0,0.0,0.0,-1.0
m2_d1,255.0,0.0,0.0,-1.0
m2_d1,256.0,0.0,0.0,-1.0
m2_d1,257.0,0.0,0.0,-1.0
m2_d1,258.0,0.0,0.0,-1.0
m2_d1,259.0,1.0,13.14,38.04
m2_d1,260.0,0.0,0.0,-1.0
m2_d1,261.0,0.0,0.0,-1.0
m2_d1,262.0,0.0,0.0,-1.0
m2_d1,263.0,0.0,0.0,-1.0
m2_d1,264.0,1.0,14.05,35.59
m2_d1,265.0,0.0,0.0,-1.0
m2_d1,266.0,1.0,13.3,37.61
m2_d1,267.0,0.0,0.0,-1.0
m2_d1,268.0,0.0,0.0,-1.0
m2_d1,269.0,0.0,0.0,-1.0
m2_d1,270.0,0.0,0.0,-1.0
m2_d1,271.0,0.0,0.0,-1.0
m2_d1,272.0,0.0,0.0,-1.0
m2_d1,273.0,0.0,0.0,-1.0
m2_d1,274.0,0.0,0.0,-1.0
m2_d1,275.0,0.0,0.0,-1.0
m2_d1,276.0,0.0,0.0,-1.0
m2_d1,277.0,0.0,0.0,-1.0
m2_d1,278.0,0.0,0.0,-1.0
m2_d1,279.0,0.0,0.0,-1.0
m2_d1,280.0,1.0,14.95,33.45
m2_d1,281.0,1.0,14.74,33.91
m2_d1,282.0,0.0,0.0,-1.0
m2_d1,283.0,0.0,0.0,-1.0
m2_d1,284.0,0.0,0.0,-1.0
m2_d1,285.0,0.0,0.0,-1.0
m2_d1,286.0,0.0,0.0,-1.0
m2_d1,287.0,0.0,12.43,-1.0
m2_d1,288.0,1.0,2.7,33.06
m2_d1,289.0,0.0,0.0,-1.0
m2_d1,290.0,0.0,0.0,-1.0
m2_d1,291.0,0.0,0.0,-1.0
m2_d1,292.0,0.0,0.0,-1.0
m2_d1,293.0,1.0,12.57,39.79
m2_d1,294.0,0.0,0.0,-1.0
m2_d1,295.0,0.0,0.0,-1.0
m2_d1,296.0,0.0,0.0,-1.0
m2_d1,297.0,0.0,0.0,-1.0
m2_d1,298.0,0.0,0.0,-1.0
m2_d1,299.0,0.0,0.0,-1.0
m2_d1,300.0,0.0,0.0,-1.0
m2_d1,301.0,0.0,0.0,-1.0
m2_d1,302.0,1.0,13.38,37.37
m2_d1,303.0,0.0,0.0,-1.0
m2_d1,304.0,1.0,13.24,37.76
m2_d1,305.0,0.0,0.0,-1.0
m2_d1,306.0,0.0,0.0,-1.0
m2_d1,307.0,0.0,0.0,-1.0
m2_d1,308.0,0.0,0.0,-1.0
m2_d1,309.0,0.0,0.0,-1.0
m2_d1,310.0,0.0,0.0,-1.0
m2_d1,311.0,0.0,0.0,-1.0
m2_d1,312.0,1.0,13.29,37.62
m2_d1,313.0,0.0,0.0,-1.0
m2_d1,314.0,0.0,0.0,-1.0
m2_d1,315.0,0.0,0.0,-1.0
m2_d1,316.0,0.0,0.0,-1.0
m2_d1,317.0,0.0,0.0,-1.0
m2_d1,318.0,0.0,0.0,-1.0
m2_d1,319.0,0.0,0.0,-1.0
m2_d1,320.0,0.0,0.0,-1.0
m2_d1,321.0,0.0,0.0,-1.0
m2_d1,322.0,0.0,0.0,-1.0
m2_d1,323.0,1.0,14.87,33.62
m2_d1,324.0,1.0,14.79,33.81
m2_d1,325.0,0.0,0.0,-1.0
m2_d1,326.0,0.0,0.0,-1.0
m2_d1,327.0,0.0,0.0,-1.0
m2_d1,328.0,0.0,0.0,-1.0
m2_d1,329.0,0.0,0.0,-1.0
m2_d1,330.0,0.0,0.0,-1.0
m2_d1,331.0,0.0,0.0,-1.0
m2_d1,332.0,0.0,0.0,-1.0
m2_d1,333.0,0.0,0.0,-1.0
m2_d1,334.0,0.0,0.0,-1.0
m2_d1,335.0,0.0,0.0,-1.0
m2_d1,336.0,1.0,12.32,40.59
m2_d1,337.0,0.0,0.0,-1.0
m2_d1,338.0,0.0,0.0,-1.0
m2_d1,339.0,0.0,0.0,-1.0
m2_d1,340.0,0.0,0.0,-1.0
m2_d1,341.0,0.0,0.0,-1.0
m2_d1,342.0,0.0,0.0,-1.0
m2_d1,343.0,0.0,0.0,-1.0
m2_d1,344.0,0.0,0.0,-1.0
m2_d1,345.0,0.0,0.0,-1.0
m2_d1,346.0,0.0,0.0,-1.0
m2_d1,347.0,0.0,0.0,-1.0
m2_d1,348.0,1.0,15.16,32.98
m2_d1,349.0,0.0,0.0,-1.0
m2_d1,350.0,1.0,14.42,34.68
m2_d1,351.0,0.0,0.0,-1.0
m2_d1,352.0,0.0,0.0,-1.0
m2_d1,353.0,0.0,0.0,-1.0
m2_d1,354.0,0.0,0.0,-1.0
m2_d1,355.0,0.0,0.0,-1.0
m2_d1,356.0,0.0,0.0,-1.0
m2_d1,357.0,0.0,0.0,-1.0
m2_d1,358.0,1.0,16.21,30.85
m2_d1,359.0,0.0,0.0,-1.0
m2_d1,360.0,0.0,0.0,-1.0
m2_d1,361.0,1.0,13.61,36.75
m2_d1,362.0,0.0,0.0,-1.0
m2_d1,363.0,0.0,0.0,-1.0
m2_d1,364.0,0.0,0.0,-1.0
m2_d1,365.0,0.0,0.0,-1.0
m2_d1,366.0,1.0,13.1,38.17
m2_d1,367.0,0.0,0.0,-1.0
m2_d1,368.0,1.0,12.47,40.11
m2_d1,369.0,0.0,0.0,-1.0
m2_d1,370.0,0.0,0.0,-1.0
m2_d1,371.0,0.0,0.0,-1.0
m2_d1,372.0,0.0,0.0,-1.0
m2_d1,373.0,0.0,0.0,-1.0
m2_d1,374.0,0.0,0.0,-1.0
m2_d1,375.0,0.0,0.0,-1.0
m2_d1,376.0,0.0,0.0,-1.0
m2_d1,377.0,0.0,0.0,-1.0
m2_d1,378.0,0.0,0.0,-1.0
m2_d1,379.0,0.0,0.0,-1.0
m2_d1,380.0,0.0,0.0,-1.0
m2_d1,381.0,0.0,0.0,-1.0
m2_d1,382.0,1.0,12.29,40.7
m2_d1,383.0,0.0,0.0,-1.0
m2_d1,384.0,0.0,0.0,-1.0
m2_d1,385.0,0.0,0.0,-1.0
m2_d1,386.0,0.0,0.0,-1.0
m2_d1,387.0,0.0,0.0,-1.0
m2_d1,388.0,0.0,0.0,-1.0
m2_d1,389.0,0.0,0.0,-1.0
m2_d1,390.0,0.0,0.0,-1.0
m2_d1,391.0,1.0,14.93,33.48
m2_d1,392.0,0.0,0.0,-1.0
m2_d1,393.0,0.0,0.0,-1.0
m2_d1,394.0,0.0,0.0,-1.0
m2_d1,395.0,0.0,0.0,-1.0
m2_d1,396.0,0.0,0.0,-1.0
m2_d1,397.0,0.0,0.0,-1.0
m2_d1,398.0,0.0,0.0,-1.0
m2_d1,399.0,0.0,0.0,-1.0
m2_d1,400.0,0.0,0.0,-1.0
m2_d1,401.0,0.0,0.0,-1.0
m2_d1,402.0,0.0,0.0,-1.0
m2_d1,403.0,0.0,0.0,-1.0
m2_d1,404.0,0.0,0.0,-1.0
m2_d1,405.0,0.0,0.0,-1.0
m2_d1,406.0,0.0,0.0,-1.0
m2_d1,407.0,0.0,0.0,-1.0
m2_d1,408.0,0.0,0.0,-1.0
m2_d1,409.0,0.0,0.0,-1.0
m2_d1,410.0,0.0,0.0,-1.0
m2_d1,411.0,0.0,0.0,-1.0
m2_d1,412.0,0.0,0.0,-1.0
m2_d1,413.0,1.0,16.71,29.92
m2_d1,414.0,0.0,0.0,-1.0
m2_d1,415.0,1.0,14.37,34.79
m2_d1,416.0,0.0,0.0,-1.0
m2_d1,417.0,1.0,14.39,34.75
m2_d1,418.0,0.0,0.0,-1.0
m2_d1,419.0,1.0,13.32,37.54
m2_d1,420.0,0.0,0.0,-1.0
m2_d1,421.0,0.0,0.0,-1.0
m2_d1,422.0,0.0,0.0,-1.0
m2_d1,423.0,0.0,0.0,-1.0
m2_d1,424.0,0.0,0.0,-1.0
m2_d1,425.0,0.0,0.0,-1.0
m2_d1,426.0,0.0,0.0,-1.0
m2_d1,427.0,1.0,12.96,38.57
m2_d1,428.0,0.0,0.0,-1.0
m2_d1,429.0,0.0,0.0,-1.0
m2_d1,430.0,0.0,0.0,-1.0
m2_d1,431.0,0.0,0.0,-1.0
m2_d1,432.0,0.0,0.0,-1.0
m2_d1,433.0,0.0,0.0,-1.0
m2_d1,434.0,0.0,0.0,-1.0
m2_d1,435.0,0.0,0.0,-1.0
m2_d1,436.0,0.0,0.0,-1.0
m2_d1,437.0,0.0,0.0,-1.0
m2_d1,438.0,0.0,0.0,-1.0
m2_d1,439.0,0.0,0.0,-1.0
m2_d1,440.0,0.0,0.0,-1.0
m2_d1,441.0,1.0,16.07,31.12
m2_d1,442.0,0.0,0.0,-1.0
m2_d1,443.0,0.0,0.0,-1.0
m2_d1,444.0,1.0,15.95,31.35
m2_d1,445.0,1.0,15.34,32.59
m2_d1,446.0,0.0,0.0,-1.0
m2_d1,447.0,1.0,15.44,32.38
m2_d1,448.0,0.0,0.0,-1.0
m2_d1,449.0,1.0,14.24,35.11
m2_d1,450.0,0.0,0.0,-1.0
m2_d1,451.0,0.0,0.0,-1.0
m2_d1,452.0,1.0,13.45,37.16
m2_d1,453.0,0.0,0.0,-1.0
m2_d1,454.0,0.0,0.0,-1.0
m2_d1,455.0,0.0,0.0,-1.0
m2_d1,456.0,0.0,0.0,-1.0
m2_d1,457.0,0.0,0.0,-1.0
m2_d1,458.0,0.0,11.31,-1.0
m2_d1,459.0,1.0,2.9,35.19
m2_d1,460.0,1.0,14.06,35.56
m2_d1,461.0,0.0,0.0,-1.0
m2_d1,462.0,0.0,0.0,-1.0
m2_d1,463.0,0.0,0.0,-1.0
m2_d1,464.0,1.0,14.39,34.74
m2_d1,465.0,0.0,0.0,-1.0
m2_d1,466.0,0.0,0.0,-1.0
m2_d1,467.0,1.0,15.17,32.96
m2_d1,468.0,0.0,0.0,-1.0
m2_d1,469.0,0.0,0.0,-1.0
m2_d1,470.0,0.0,0.0,-1.0
m2_d1,471.0,0.0,0.0,-1.0
m2_d1,472.0,0.0,0.0,-1.0
m2_d1,473.0,0.0,2.82,-1.0
m2_d1,474.0,1.0,12.85,31.91
m2_d1,475.0,0.0,0.0,-1.0
m2_d1,476.0,1.0,13.89,35.99
m2_d1,477.0,0.0,8.75,-1.0
m2_d1,478.0,1.0,4.83,36.82
m2_d1,479.0,0.0,0.0,-1.0
m2_d1,480.0,0.0,0.0,-1.0
m2_d1,481.0,0.0,0.0,-1.0
m2_d1,482.0,0.0,0.0,-1.0
m2_d1,483.0,0.0,0.0,-1.0
m2_d1,484.0,0.0,1.04,-1.0
m2_d1,485.0,1.0,12.35,37.33
m2_d1,486.0,0.0,0.0,-1.0
m2_d1,487.0,0.0,0.0,-1.0
m2_d1,488.0,1.0,18.7,26.74
m2_d1,489.0,0.0,0.0,-1.0
m2_d1,490.0,0.0,0.0,-1.0
m2_d1,491.0,1.0,13.3,37.6
m2_d1,492.0,0.0,0.0,-1.0
m2_d1,493.0,0.0,0.0,-1.0
m2_d1,494.0,1.0,15.29,32.71
m2_d1,495.0,0.0,0.19,-1.0
m2_d1,496.0,1.0,14.54,33.93
m2_d1,497.0,0.0,0.0,-1.0
m2_d1,498.0,0.0,0.0,-1.0
m2_d1,499.0,0.0,0.0,-1.0
m2_d1,500.0,1.0,12.73,39.26
m2_d1,501.0,0.0,0.0,-1.0
m2_d1,502.0,0.0,0.0,-1.0
m2_d1,503.0,0.0,0.0,-1.0
m2_d1,504.0,1.0,14.1,35.47
m2_d1,505.0,0.0,0.0,-1.0
m2_d1,506.0,0.0,0.0,-1.0
m2_d1,507.0,0.0,0.0,-1.0
m2_d1,508.0,0.0,0.0,-1.0
m2_d1,509.0,0.0,0.0,-1.0
m2_d1,510.0,0.0,0.0,-1.0
m2_d1,511.0,0.0,0.0,-1.0
m2_d1,512.0,0.0,0.0,-1.0
m2_d1,513.0,0.0,0.0,-1.0
m2_d1,514.0,0.0,0.0,-1.0
m2_d1,515.0,0.0,0.0,-1.0
m2_d1,516.0,0.0,4.36,-1.0
m2_d1,517.0,1.0,12.33,29.95
m2_d1,518.0,1.0,15.97,31.32
m2_d1,519.0,1.0,16.18,30.91
m2_d1,520.0,0.0,0.0,-1.0
m2_d1,521.0,0.0,0.0,-1.0
m2_d1,522.0,0.0,13.58,-1.0
m2_d1,523.0,1.0,1.17,33.91
m2_d1,524.0,0.0,0.0,-1.0
m2_d1,525.0,0.0,0.0,-1.0
m2_d1,526.0,0.0,0.0,-1.0
m2_d1,527.0,0.0,0.0,-1.0
m2_d1,528.0,0.0,0.0,-1.0
m2_d1,529.0,1.0,14.72,33.98
m2_d1,530.0,0.0,0.0,-1.0
m2_d1,531.0,0.0,0.0,-1.0
m2_d1,532.0,0.0,0.0,-1.0
m2_d1,533.0,1.0,13.96,35.81
m2_d1,534.0,1.0,13.94,35.88
m2_d1,535.0,0.0,0.0,-1.0
m2_d1,536.0,0.0,0.0,-1.0
m2_d1,537.0,0.0,0.0,-1.0
m2_d1,538.0,0.0,0.0,-1.0
m2_d1,539.0,0.0,0.0,-1.0
m2_d1,540.0,0.0,0.0,-1.0
m2_d1,541.0,0.0,0.0,-1.0
m2_d1,542.0,0.0,0.0,-1.0
m2_d1,543.0,0.0,0.0,-1.0
m2_d1,544.0,0.0,0.0,-1.0
m2_d1,545.0,0.0,0.0,-1.0
m2_d1,546.0,1.0,15.71,31.83
m2_d1,547.0,0.0,0.0,-1.0
m2_d1,548.0,0.0,0.0,-1.0
m2_d1,549.0,0.0,0.0,-1.0
m2_d1,550.0,0.0,0.0,-1.0
m2_d1,551.0,0.0,0.0,-1.0
m2_d1,552.0,1.0,16.25,30.77
m2_d1,553.0,1.0,16.29,30.7
m2_d1,554.0,0.0,0.0,-1.0
m2_d1,555.0,1.0,16.24,30.8
m2_d1,556.0,0.0,0.0,-1.0
m2_d1,557.0,0.0,0.0,-1.0
m2_d1,558.0,0.0,0.0,-1.0
m2_d1,559.0,0.0,0.0,-1.0
m2_d1,560.0,0.0,0.0,-1.0
m2_d1,561.0,0.0,7.18,-1.0
m2_d1,562.0,1.0,9.11,30.69
m2_d1,563.0,0.0,0.0,-1.0
m2_d1,564.0,0.0,0.0,-1.0
m2_d1,565.0,0.0,0.0,-1.0
m2_d1,566.0,0.0,0.0,-1.0
m2_d1,567.0,0.0,0.0,-1.0
m2_d1,568.0,1.0,16.2,30.86
m2_d1,569.0,0.0,0.0,-1.0
m2_d1,570.0,1.0,13.73,36.43
m2_d1,571.0,0.0,0.0,-1.0
m2_d1,572.0,0.0,0.0,-1.0
m2_d1,573.0,0.0,0.0,-1.0
m2_d1,574.0,0.0,0.0,-1.0
m2_d1,575.0,0.0,0.0,-1.0
m2_d1,576.0,0.0,0.0,-1.0
m2_d1,577.0,1.0,15.99,31.27
m2_d1,578.0,0.0,0.0,-1.0
m2_d1,579.0,0.0,0.0,-1.0
m2_d1,580.0,0.0,0.0,-1.0
m2_d1,581.0,0.0,0.0,-1.0
m2_d1,582.0,0.0,0.0,-1.0
m2_d1,583.0,1.0,16.25,30.78
m2_d1,584.0,1.0,16.06,31.14
m2_d1,585.0,1.0,15.93,31.39
m2_d1,586.0,0.0,0.0,-1.0
m2_d1,587.0,1.0,15.75,31.75
m2_d1,588.0,1.0,15.47,32.33
m2_d1,589.0,0.0,0.0,-1.0
m2_d1,590.0,1.0,14.52,34.43
m2_d1,591.0,0.0,0.0,-1.0
m2_d1,592.0,0.0,0.0,-1.0
m2_d1,593.0,0.0,0.0,-1.0
m2_d1,594.0,0.0,0.0,-1.0
m2_d1,595.0,0.0,0.0,-1.0
m2_d1,596.0,0.0,0.0,-1.0
m2_d1,597.0,0.0,0.0,-1.0
m2_d1,598.0,0.0,0.0,-1.0
m2_d1,599.0,1.0,12.38,40.4
m2_d1,600.0,0.0,0.0,-1.0
m2_d1,601.0,0.0,0.0,-1.0
m2_d1,602.0,1.0,13.79,36.25
m2_d1,603.0,0.0,0.0,-1.0
m2_d1,604.0,0.0,0.0,-1.0
m2_d1,605.0,0.0,0.0,-1.0
m2_d1,606.0,0.0,0.0,-1.0
m2_d1,607.0,0.0,0.0,-1.0
m2_d1,608.0,0.0,0.0,-1.0
m2_d1,609.0,0.0,0.0,-1.0
m2_d1,610.0,0.0,0.0,-1.0
m2_d1,611.0,1.0,15.7,31.86
m2_d1,612.0,0.0,0.0,-1.0
m2_d1,613.0,0.0,0.0,-1.0
m2_d1,614.0,1.0,13.21,37.85
m2_d1,615.0,0.0,0.0,-1.0
m2_d1,616.0,0.0,0.0,-1.0
m2_d1,617.0,1.0,13.96,35.82
m2_d1,618.0,0.0,0.0,-1.0
m2_d1,619.0,0.0,0.0,-1.0
m2_d1,620.0,0.0,0.0,-1.0
m2_d1,621.0,0.0,0.0,-1.0
m2_d1,622.0,1.0,13.56,36.88
m2_d1,623.0,0.0,0.0,-1.0
m2_d1,624.0,0.0,0.0,-1.0
m2_d1,625.0,0.0,0.0,-1.0
m2_d1,626.0,0.0,0.0,-1.0
m2_d1,627.0,0.0,0.0,-1.0
m2_d1,628.0,0.0,0.0,-1.0
m2_d1,629.0,0.0,0.0,-1.0
m2_d1,630.0,0.0,0.0,-1.0
m2_d1,631.0,1.0,12.68,39.43
m2_d1,632.0,1.0,12.85,38.91
m2_d1,633.0,1.0,12.63,39.59
m2_d1,634.0,0.0,0.0,-1.0
m2_d1,635.0,0.0,0.0,-1.0
m2_d1,636.0,0.0,0.0,-1.0
m2_d1,637.0,1.0,12.39,40.36
m2_d1,638.0,0.0,0.0,-1.0
m2_d1,639.0,0.0,0.0,-1.0
m2_d1,640.0,0.0,0.0,-1.0
m2_d1,641.0,0.0,0.0,-1.0
m2_d1,642.0,0.0,0.0,-1.0
m2_d1,643.0,0.0,0.0,-1.0
m2_d1,644.0,0.0,0.0,-1.0
m2_d1,645.0,0.0,0.0,-1.0
m2_d1,646.0,0.0,0.0,-1.0
m2_d1,647.0,0.0,0.0,-1.0
m2_d1,648.0,0.0,0.0,-1.0
m2_d1,649.0,0.0,0.0,-1.0
m2_d1,650.0,0.0,0.0,-1.0
m2_d1,651.0,1.0,14.95,33.43
m2_d1,652.0,0.0,0.0,-1.0
m2_d1,653.0,0.0,0.0,-1.0
m2_d1,654.0,0.0,0.0,-1.0
m2_d1,655.0,1.0,14.96,33.42
m2_d1,656.0,1.0,16.67,29.99
m2_d1,657.0,0.0,0.0,-1.0
m2_d1,658.0,1.0,15.43,32.4
m2_d1,659.0,0.0,0.0,-1.0
m2_d1,660.0,0.0,0.0,-1.0
m2_d1,661.0,0.0,0.0,-1.0
m2_d1,662.0,1.0,14.96,33.42
m2_d1,663.0,0.0,0.0,-1.0
m2_d1,664.0,0.0,0.0,-1.0
m2_d1,665.0,0.0,0.0,-1.0
m2_d1,666.0,0.0,0.0,-1.0
m2_d1,667.0,0.0,2.03,-1.0
m2_d1,668.0,1.0,12.58,34.23
m2_d1,669.0,0.0,0.0,-1.0
m2_d1,670.0,0.0,0.0,-1.0
m2_d1,671.0,0.0,0.0,-1.0
m2_d1,672.0,1.0,16.33,30.62
m2_d1,673.0,1.0,16.26,30.76
m2_d1,674.0,0.0,0.0,-1.0
m2_d1,675.0,1.0,16.07,31.11
m2_d1,676.0,0.0,0.0,-1.0
m2_d1,677.0,1.0,14.45,34.6
m2_d1,678.0,1.0,13.87,36.04
m2_d1,679.0,0.0,0.0,-1.0
m2_d1,680.0,0.0,0.0,-1.0
m2_d1,681.0,1.0,15.7,31.85
m2_d1,682.0,0.0,0.0,-1.0
m2_d1,683.0,0.0,0.0,-1.0
m2_d1,684.0,0.0,0.0,-1.0
m2_d1,685.0,0.0,0.0,-1.0
m2_d1,686.0,0.0,0.0,-1.0
m2_d1,687.0,0.0,0.0,-1.0
m2_d1,688.0,0.0,0.0,-1.0
m2_d1,689.0,1.0,14.22,35.16
m2_d1,690.0,0.0,0.0,-1.0
m2_d1,691.0,0.0,0.0,-1.0
m2_d1,692.0,1.0,16.21,30.85
m2_d1,693.0,0.0,0.0,-1.0
m2_d1,694.0,0.0,0.0,-1.0
m2_d1,695.0,0.0,0.0,-1.0
m2_d1,696.0,1.0,12.88,38.83
m2_d1,697.0,0.0,0.0,-1.0
m2_d1,698.0,0.0,0.0,-1.0
m2_d1,699.0,0.0,0.0,-1.0
m2_d1,700.0,0.0,0.0,-1.0
m2_d1,701.0,0.0,0.0,-1.0
m2_d1,702.0,0.0,0.0,-1.0
m2_d1,703.0,0.0,0.0,-1.0
m2_d1,704.0,0.0,0.0,-1.0
m2_d1,705.0,0.0,0.0,-1.0
m2_d1,706.0,0.0,0.0,-1.0
m2_d1,707.0,0.0,0.0,-1.0
m2_d1,708.0,0.0,0.0,-1.0
m2_d1,709.0,1.0,15.25,32.79
m2_d1,710.0,1.0,15.29,32.69
m2_d1,711.0,0.0,0.0,-1.0
m2_d1,712.0,1.0,14.99,33.36
m2_d1,713.0,1.0,14.6,34.25
m2_d1,714.0,1.0,15.7,31.84
m2_d1,715.0,0.0,0.0,-1.0
m2_d1,716.0,0.0,0.0,-1.0
m2_d1,717.0,0.0,0.0,-1.0
m2_d1,718.0,0.0,0.0,-1.0
m2_d1,719.0,0.0,0.0,-1.0
m2_d1,720.0,0.0,0.0,-1.0
m2_d1,721.0,0.0,0.0,-1.0
m2_d1,722.0,1.0,14.86,33.64
m2_d1,723.0,1.0,14.62,34.2
m2_d1,724.0,0.0,0.0,-1.0
m2_d1,725.0,1.0,13.49,37.07
m2_d1,726.0,0.0,0.0,-1.0
m2_d1,727.0,0.0,0.0,-1.0
m2_d1,728.0,0.0,0.0,-1.0
m2_d1,729.0,0.0,0.0,-1.0
m2_d1,730.0,0.0,0.0,-1.0
m2_d1,731.0,1.0,12.32,40.59
m2_d1,732.0,0.0,0.0,-1.0
m2_d1,733.0,0.0,0.0,-1.0
m2_d1,734.0,0.0,0.0,-1.0
m2_d1,735.0,0.0,0.0,-1.0
m2_d1,736.0,0.0,0.0,-1.0
m2_d1,737.0,0.0,0.0,-1.0
m2_d1,738.0,0.0,1.57,-1.0
m2_d1,739.0,1.0,12.1,36.59
m2_d1,740.0,0.0,0.0,-1.0
m2_d1,741.0,0.0,0.0,-1.0
m2_d1,742.0,1.0,15.39,32.48
m2_d1,743.0,1.0,14.98,33.39
m2_d1,744.0,0.0,0.0,-1.0
m2_d1,745.0,1.0,14.75,33.9
m2_d1,746.0,0.0,0.0,-1.0
m2_d1,747.0,0.0,0.0,-1.0
m2_d1,748.0,1.0,12.68,39.42
m2_d1,749.0,0.0,0.0,-1.0
m2_d1,750.0,0.0,0.0,-1.0
m2_d1,751.0,0.0,0.0,-1.0
m2_d1,752.0,1.0,12.34,40.51
m2_d1,753.0,1.0,15.41,32.45
m2_d1,754.0,0.0,0.0,-1.0
m2_d1,755.0,0.0,0.0,-1.0
m2_d1,756.0,0.0,0.0,-1.0
m2_d1,757.0,0.0,0.0,-1.0
m2_d1,758.0,0.0,0.0,-1.0
m2_d1,759.0,0.0,0.0,-1.0
m2_d1,760.0,0.0,0.0,-1.0
m2_d1,761.0,1.0,14.19,35.24
m2_d1,762.0,0.0,0.0,-1.0
m2_d1,763.0,1.0,13.53,36.96
m2_d1,764.0,0.0,0.0,-1.0
m2_d1,765.0,0.0,0.0,-1.0
m2_d1,766.0,0.0,0.0,-1.0
m2_d1,767.0,0.0,0.0,-1.0
m2_d1,768.0,0.0,0.0,-1.0
m2_d1,769.0,0.0,0.0,-1.0
m2_d1,770.0,0.0,0.0,-1.0
m2_d1,771.0,0.0,0.0,-1.0
m2_d1,772.0,0.0,0.0,-1.0
m2_d1,773.0,0.0,0.0,-1.0
m2_d1,774.0,0.0,0.0,-1.0
m2_d1,775.0,0.0,0.0,-1.0
m2_d1,776.0,1.0,14.63,34.18
m2_d1,777.0,0.0,0.0,-1.0
m2_d1,778.0,1.0,15.33,32.61
m2_d1,779.0,1.0,15.29,32.7
m2_d1,780.0,0.0,0.0,-1.0
m2_d1,781.0,0.0,0.0,-1.0
m2_d1,782.0,0.0,0.0,-1.0
m2_d1,783.0,1.0,13.21,37.86
m2_d1,784.0,0.0,8.99,-1.0
m2_d1,785.0,2.0,19.16,35.69
m2_d1,786.0,0.0,0.0,-1.0
m2_d1,787.0,0.0,0.0,-1.0
m2_d1,788.0,0.0,0.0,-1.0
m2_d1,789.0,0.0,0.0,-1.0
m2_d1,790.0,0.0,0.0,-1.0
m2_d1,791.0,0.0,0.0,-1.0
m2_d1,792.0,0.0,0.0,-1.0
m2_d1,793.0,0.0,8.79,-1.0
m2_d1,794.0,1.0,4.87,36.61
m2_d1,795.0,1.0,14.25,35.1
m2_d1,796.0,0.0,0.0,-1.0
m2_d1,797.0,0.0,0.0,-1.0
m2_d1,798.0,0.0,0.0,-1.0
m2_d1,799.0,0.0,0.0,-1.0
m2_d1,800.0,0.0,0.0,-1.0
m2_d1,801.0,1.0,15.01,33.3
m2_d1,802.0,0.0,0.0,-1.0
m2_d1,803.0,1.0,13.85,36.11
m2_d1,804.0,0.0,0.0,-1.0
m2_d1,805.0,0.0,0.0,-1.0
m2_d1,806.0,1.0,13.9,35.97
m2_d1,807.0,0.0,0.0,-1.0
m2_d1,808.0,1.0,13.59,36.78
m2_d1,809.0,0.0,0.0,-1.0
m2_d1,810.0,0.0,0.0,-1.0
m2_d1,811.0,0.0,0.0,-1.0
m2_d1,812.0,1.0,13.42,37.27
m2_d1,813.0,1.0,13.87,36.06
m2_d1,814.0,0.0,0.0,-1.0
m2_d1,815.0,0.0,0.0,-1.0
m2_d1,816.0,1.0,14.06,35.57
m2_d1,817.0,0.0,0.0,-1.0
m2_d1,818.0,0.0,0.0,-1.0
m2_d1,819.0,0.0,0.0,-1.0
m2_d1,820.0,1.0,12.58,39.74
m2_d1,821.0,0.0,0.0,-1.0
m2_d1,822.0,0.0,0.0,-1.0
m2_d1,823.0,0.0,0.0,-1.0
m2_d1,824.0,0.0,0.0,-1.0
m2_d1,825.0,0.0,0.0,-1.0
m2_d1,826.0,0.0,0.0,-1.0
m2_d1,827.0,0.0,0.0,-1.0
m2_d1,828.0,0.0,0.0,-1.0
m2_d1,829.0,0.0,0.0,-1.0
m2_d1,830.0,0.0,0.0,-1.0
m2_d1,831.0,1.0,16.51,30.28
m2_d1,832.0,1.0,16.63,30.07
m2_d1,833.0,0.0,2.97,-1.0
m2_d1,834.0,1.0,13.06,31.17
m2_d1,835.0,1.0,15.8,31.65
m2_d1,836.0,0.0,0.0,-1.0
m2_d1,837.0,0.0,0.0,-1.0
m2_d1,838.0,0.0,0.0,-1.0
m2_d1,839.0,0.0,0.0,-1.0
m2_d1,840.0,0.0,0.0,-1.0
m2_d1,841.0,1.0,15.84,31.56
m2_d1,842.0,0.0,0.0,-1.0
m2_d1,843.0,0.0,0.0,-1.0
m2_d1,844.0,1.0,13.19,37.9
m2_d1,845.0,0.0,0.0,-1.0
m2_d1,846.0,1.0,12.84,38.94
m2_d1,847.0,0.0,0.0,-1.0
m2_d1,848.0,0.0,0.0,-1.0
m2_d1,849.0,1.0,13.01,38.44
m2_d1,850.0,0.0,0.0,-1.0
m2_d1,851.0,0.0,0.0,-1.0
m2_d1,852.0,0.0,0.0,-1.0
m2_d1,853.0,1.0,13.64,36.67
m2_d1,854.0,0.0,0.0,-1.0
m2_d1,855.0,1.0,15.02,33.28
m2_d1,856.0,0.0,0.0,-1.0
m2_d1,857.0,0.0,0.0,-1.0
m2_d1,858.0,1.0,13.53,36.94
m2_d1,859.0,0.0,0.0,-1.0
m2_d1,860.0,0.0,0.0,-1.0
m2_d1,861.0,0.0,0.0,-1.0
m2_d1,862.0,0.0,0.0,-1.0
m2_d1,863.0,0.0,0.0,-1.0
m2_d1,864.0,1.0,14.07,35.53
m2_d1,865.0,0.0,0.0,-1.0
m2_d1,866.0,0.0,0.98,-1.0
m2_d1,867.0,1.0,13.0,35.76
m2_d1,868.0,0.0,0.0,-1.0
m2_d1,869.0,0.0,2.83,-1.0
m2_d1,870.0,1.0,11.71,34.38
m2_d1,871.0,1.0,14.01,35.69
m2_d1,872.0,0.0,0.0,-1.0
m2_d1,873.0,0.0,0.0,-1.0
m2_d1,874.0,0.0,0.0,-1.0
m2_d1,875.0,0.0,0.0,-1.0
m2_d1,876.0,0.0,1.48,-1.0
m2_d1,877.0,1.0,14.06,32.17
m2_d1,878.0,0.0,0.0,-1.0
m2_d1,879.0,0.0,0.0,-1.0
m2_d1,880.0,0.0,0.0,-1.0
m2_d1,881.0,0.0,0.0,-1.0
m2_d1,882.0,0.0,0.0,-1.0
m2_d1,883.0,1.0,14.25,35.08
m2_d1,884.0,1.0,14.3,34.96
m2_d1,885.0,1.0,14.1,35.45
m2_d1,886.0,0.0,0.0,-1.0
m2_d1,887.0,0.0,0.0,-1.0
m2_d1,888.0,0.0,0.0,-1.0
m2_d1,889.0,0.0,0.0,-1.0
m2_d1,890.0,0.0,0.0,-1.0
m2_d1,891.0,1.0,15.65,31.95
m2_d1,892.0,0.0,4.33,-1.0
m2_d1,893.0,1.0,11.32,31.94
m2_d1,894.0,1.0,15.73,31.78
m2_d1,895.0,0.0,0.0,-1.0
m2_d1,896.0,0.0,0.0,-1.0
m2_d1,897.0,0.0,0.0,-1.0
m2_d1,898.0,1.0,13.07,38.25
m2_d1,899.0,0.0,0.0,-1.0
m2_d1,900.0,1.0,13.85,36.11
m2_d1,901.0,0.0,0.0,-1.0
m2_d1,902.0,0.0,0.0,-1.0
m2_d1,903.0,1.0,12.58,39.76
m2_d1,904.0,0.0,0.0,-1.0
m2_d1,905.0,0.0,0.0,-1.0
m2_d1,906.0,0.0,0.0,-1.0
m2_d1,907.0,0.0,0.0,-1.0
m2_d1,908.0,0.0,0.0,-1.0
m2_d1,909.0,0.0,0.0,-1.0
m2_d1,910.0,0.0,0.0,-1.0
m2_d1,911.0,0.0,0.0,-1.0
m2_d1,912.0,0.0,0.0,-1.0
m2_d1,913.0,0.0,0.0,-1.0
m2_d1,914.0,0.0,0.0,-1.0
m2_d1,915.0,0.0,0.0,-1.0
m2_d1,916.0,0.0,0.0,-1.0
m2_d1,917.0,0.0,0.0,-1.0
m2_d1,918.0,0.0,0.0,-1.0
m2_d1,919.0,0.0,3.7,-1.0
m2_d1,920.0,1.0,14.11,28.08
m2_d1,921.0,1.0,17.83,28.04
m2_d1,922.0,0.0,1.51,-1.0
m2_d1,923.0,1.0,15.75,28.97
m2_d1,924.0,0.0,0.0,-1.0
m2_d1,925.0,0.0,0.0,-1.0
m2_d1,926.0,0.0,0.0,-1.0
m2_d1,927.0,0.0,4.48,-1.0
m2_d1,928.0,1.0,8.19,39.49
m2_d1,929.0,1.0,13.02,38.41
m2_d1,930.0,0.0,0.0,-1.0
m2_d1,931.0,0.0,0.0,-1.0
m2_d1,932.0,0.0,0.0,-1.0
m2_d1,933.0,0.0,0.0,-1.0
m2_d1,934.0,0.0,0.0,-1.0
m2_d1,935.0,0.0,0.0,-1.0
m2_d1,936.0,0.0,0.0,-1.0
m2_d1,937.0,0.0,0.0,-1.0
m2_d1,938.0,0.0,0.0,-1.0
m2_d1,939.0,0.0,0.0,-1.0
m2_d1,940.0,1.0,14.19,35.23
m2_d1,941.0,0.0,0.0,-1.0
m2_d1,942.0,1.0,14.04,35.61
m2_d1,943.0,0.0,0.0,-1.0
m2_d1,944.0,1.0,14.36,34.83
m2_d1,945.0,0.0,0.0,-1.0
m2_d1,946.0,0.0,0.0,-1.0
m2_d1,947.0,0.0,0.0,-1.0
m2_d1,948.0,0.0,0.0,-1.0
m2_d1,949.0,0.0,0.0,-1.0
m2_d1,950.0,0.0,0.0,-1.0
m2_d1,951.0,0.0,0.0,-1.0
m2_d1,952.0,1.0,15.87,31.5
m2_d1,953.0,0.0,0.0,-1.0
m2_d1,954.0,0.0,0.0,-1.0
m2_d1,955.0,1.0,15.47,32.33
m2_d1,956.0,0.0,0.0,-1.0
m2_d1,957.0,1.0,16.16,30.94
m2_d1,958.0,0.0,0.0,-1.0
m2_d1,959.0,1.0,21.46,32.82
m2_d1,960.0,1.0,9.86,31.08
m2_d1,961.0,1.0,15.12,33.07
m2_d1,962.0,0.0,0.0,-1.0
m2_d1,963.0,0.0,0.0,-1.0
m2_d1,964.0,0.0,0.0,-1.0
m2_d1,965.0,0.0,0.0,-1.0
m2_d1,966.0,0.0,0.0,-1.0
m2_d1,967.0,0.0,0.0,-1.0
m2_d1,968.0,1.0,15.54,32.17
m2_d1,969.0,0.0,0.0,-1.0
m2_d1,970.0,0.0,0.0,-1.0
m2_d1,971.0,0.0,0.0,-1.0
m2_d1,972.0,0.0,0.0,-1.0
m2_d1,973.0,0.0,0.0,-1.0
m2_d1,974.0,0.0,0.0,-1.0
m2_d1,975.0,0.0,0.0,-1.0
m2_d1,976.0,0.0,0.0,-1.0
m2_d1,977.0,0.0,0.0,-1.0
m2_d1,978.0,0.0,0.0,-1.0
m2_d1,979.0,0.0,0.0,-1.0
m2_d1,980.0,1.0,13.21,37.86
m2_d1,981.0,1.0,14.6,34.25
m2_d1,982.0,1.0,14.56,34.33
m2_d1,983.0,0.0,0.0,-1.0
m2_d1,984.0,0.0,0.0,-1.0
m2_d1,985.0,0.0,0.0,-1.0
m2_d1,986.0,0.0,0.0,-1.0
m2_d1,987.0,0.0,0.0,-1.0
m2_d1,988.0,0.0,0.0,-1.0
m2_d1,989.0,1.0,16.06,32.8
m2_d1,990.0,1.0,15.01,31.59
m2_d1,991.0,0.0,0.0,-1.0
m2_d1,992.0,0.0,0.0,-1.0
m2_d1,993.0,0.0,0.0,-1.0
m2_d1,994.0,0.0,0.0,-1.0
m2_d1,995.0,0.0,0.0,-1.0
m2_d1,996.0,1.0,14.38,34.77
m2_d1,997.0,1.0,14.69,34.03
m2_d1,998.0,0.0,0.0,-1.0
m2_d1,999.0,0.0,0.0,-1.0
m2_d1,1000.0,1.0,14.92,33.51
m2_d1,1001.0,0.0,0.0,-1.0
m2_d1,1002.0,0.0,0.0,-1.0
m2_d1,1003.0,0.0,0.0,-1.0
m2_d1,1004.0,0.0,0.0,-1.0
m2_d1,1005.0,1.0,12.34,40.53
m2_d1,1006.0,0.0,0.0,-1.0
m2_d1,1007.0,0.0,0.0,-1.0
m2_d1,1008.0,0.0,0.0,-1.0
m2_d1,1009.0,0.0,0.0,-1.0
m2_d1,1010.0,0.0,0.0,-1.0
m2_d1,1011.0,0.0,0.0,-1.0
m2_d1,1012.0,0.0,0.0,-1.0
m2_d1,1013.0,1.0,15.36,32.56
m2_d1,1014.0,0.0,0.0,-1.0
m2_d1,1015.0,0.0,0.0,-1.0
m2_d1,1016.0,0.0,0.0,-1.0
m2_d1,1017.0,1.0,62.94,7.94
m2_d1,1018.0,0.0,0.0,-1.0
m2_d1,1019.0,0.0,0.0,-1.0
m2_d1,1020.0,0.0,0.0,-1.0
m2_d1,1021.0,0.0,0.0,-1.0
m2_d1,1022.0,0.0,0.0,-1.0
m2_d1,1023.0,0.0,0.0,-1.0
m2_d1,1024.0,0.0,0.0,-1.0
m2_d1,1025.0,0.0,0.0,-1.0
m2_d1,1026.0,0.0,0.0,-1.0
m2_d1,1027.0,0.0,0.0,-1.0
m2_d1,1028.0,0.0,0.0,-1.0
m2_d1,1029.0,0.0,0.0,-1.0
m2_d1,1030.0,0.0,0.0,-1.0
m2_d1,1031.0,0.0,0.0,-1.0
m2_d1,1032.0,0.0,0.0,-1.0
m2_d1,1033.0,0.0,0.0,-1.0
m2_d1,1034.0,1.0,21.02,23.78
m2_d1,1035.0,1.0,20.61,24.26
m2_d1,1036.0,0.0,0.0,-1.0
m2_d1,1037.0,1.0,20.84,23.99
m2_d1,1038.0,0.0,0.0,-1.0
m2_d1,1039.0,1.0,19.39,25.78
m2_d1,1040.0,0.0,0.0,-1.0
m2_d1,1041.0,0.0,0.0,-1.0
m2_d1,1042.0,0.0,0.0,-1.0
m2_d1,1043.0,1.0,15.89,31.46
m2_d1,1044.0,0.0,1.51,-1.0
m2_d1,1045.0,1.0,14.33,31.56
m2_d1,1046.0,0.0,0.0,-1.0
m2_d1,1047.0,1.0,14.29,34.98
m2_d1,1048.0,0.0,0.0,-1.0
m2_d1,1049.0,1.0,15.28,32.73
m2_d1,1050.0,0.0,0.0,-1.0
m2_d1,1051.0,0.0,0.0,-1.0
m2_d1,1052.0,0.0,0.0,-1.0
m2_d1,1053.0,0.0,0.0,-1.0
m2_d1,1054.0,0.0,0.0,-1.0
m2_d1,1055.0,0.0,0.0,-1.0
m2_d1,1056.0,1.0,13.41,37.28
m2_d1,1057.0,0.0,0.0,-1.0
m2_d1,1058.0,1.0,13.61,36.75
m2_d1,1059.0,0.0,0.0,-1.0
m2_d1,1060.0,1.0,13.86,36.08
m2_d1,1061.0,0.0,0.0,-1.0
m2_d1,1062.0,1.0,13.69,36.51
m2_d1,1063.0,0.0,0.0,-1.0
m2_d1,1064.0,0.0,0.0,-1.0
m2_d1,1065.0,0.0,0.0,-1.0
m2_d1,1066.0,0.0,0.0,-1.0
m2_d1,1067.0,1.0,12.49,40.05
m2_d1,1068.0,0.0,0.0,-1.0
m2_d1,1069.0,0.0,0.0,-1.0
m2_d1,1070.0,0.0,0.0,-1.0
m2_d1,1071.0,0.0,0.0,-1.0
m2_d1,1072.0,0.0,0.0,-1.0
m2_d1,1073.0,0.0,0.0,-1.0
m2_d1,1074.0,0.0,0.0,-1.0
m2_d1,1075.0,0.0,0.0,-1.0
m2_d1,1076.0,1.0,13.79,36.25
m2_d1,1077.0,0.0,0.0,-1.0
m2_d1,1078.0,0.0,0.0,-1.0
m2_d1,1079.0,0.0,0.0,-1.0
m2_d1,1080.0,1.0,15.04,33.25
m2_d1,1081.0,0.0,0.0,-1.0
m2_d1,1082.0,0.0,0.0,-1.0
m2_d1,1083.0,0.0,0.0,-1.0
m2_d1,1084.0,0.0,0.0,-1.0
m2_d1,1085.0,0.0,0.0,-1.0
m2_d1,1086.0,0.0,0.0,-1.0
m2_d1,1087.0,0.0,0.0,-1.0
m2_d1,1088.0,1.0,16.99,29.44
m2_d1,1089.0,0.0,0.0,-1.0
m2_d1,1090.0,0.0,0.0,-1.0
m2_d1,1091.0,0.0,0.0,-1.0
m2_d1,1092.0,1.0,17.28,28.94
m2_d1,1093.0,0.0,0.0,-1.0
m2_d1,1094.0,1.0,15.51,32.24
m2_d1,1095.0,0.0,13.51,-1.0
m2_d1,1096.0,1.0,15.53,33.06
m2_d1,1097.0,1.0,1.94,31.53
m2_d1,1098.0,0.0,0.0,-1.0
m2_d1,1099.0,0.0,0.0,-1.0
m2_d1,1100.0,0.0,0.0,-1.0
m2_d1,1101.0,0.0,0.0,-1.0
m2_d1,1102.0,0.0,0.0,-1.0
m2_d1,1103.0,1.0,14.85,33.67
m2_d1,1104.0,0.0,0.0,-1.0
m2_d1,1105.0,0.0,0.0,-1.0
m2_d1,1106.0,0.0,0.0,-1.0
m2_d1,1107.0,0.0,0.0,-1.0
m2_d1,1108.0,0.0,0.0,-1.0
m2_d1,1109.0,0.0,0.0,-1.0
m2_d1,1110.0,0.0,0.0,-1.0
m2_d1,1111.0,1.0,14.66,34.1
m2_d1,1112.0,1.0,14.68,34.06
m2_d1,1113.0,0.0,0.0,-1.0
m2_d1,1114.0,1.0,14.65,34.12
m2_d1,1115.0,1.0,14.13,35.39
m2_d1,1116.0,0.0,0.0,-1.0
m2_d1,1117.0,0.0,0.0,-1.0
m2_d1,1118.0,0.0,0.0,-1.0
m2_d1,1119.0,0.0,0.0,-1.0
m2_d1,1120.0,0.0,0.0,-1.0
m2_d1,1121.0,0.0,0.0,-1.0
m2_d1,1122.0,0.0,0.0,-1.0
m2_d1,1123.0,0.0,0.0,-1.0
m2_d1,1124.0,0.0,0.0,-1.0
m2_d1,1125.0,0.0,0.0,-1.0
m2_d1,1126.0,0.0,0.0,-1.0
m2_d1,1127.0,0.0,0.0,-1.0
m2_d1,1128.0,0.0,0.21,-1.0
m2_d1,1129.0,1.0,17.54,28.18
m2_d1,1130.0,1.0,17.94,27.87
m2_d1,1131.0,0.0,0.0,-1.0
m2_d1,1132.0,1.0,16.86,29.65
m2_d1,1133.0,1.0,17.04,29.34
m2_d1,1134.0,0.0,5.68,-1.0
m2_d1,1135.0,1.0,10.97,30.02
m2_d1,1136.0,0.0,0.0,-1.0
m2_d1,1137.0,0.0,0.0,-1.0
m2_d1,1138.0,0.0,4.33,-1.0
m2_d1,1139.0,1.0,9.32,36.64
m2_d1,1140.0,0.0,0.0,-1.0
m2_d1,1141.0,1.0,13.58,36.82
m2_d1,1142.0,0.0,0.0,-1.0
m2_d1,1143.0,1.0,13.55,36.91
m2_d1,1144.0,0.0,0.0,-1.0
m2_d1,1145.0,0.0,0.0,-1.0
m2_d1,1146.0,0.0,0.0,-1.0
m2_d1,1147.0,0.0,0.0,-1.0
m2_d1,1148.0,0.0,0.0,-1.0
m2_d1,1149.0,1.0,13.94,35.87
m2_d1,1150.0,0.0,0.0,-1.0
m2_d1,1151.0,0.0,0.0,-1.0
m2_d1,1152.0,0.0,0.0,-1.0
m2_d1,1153.0,0.0,0.0,-1.0
m2_d1,1154.0,1.0,14.23,35.13
m2_d1,1155.0,0.0,0.0,-1.0
m2_d1,1156.0,0.0,13.25,-1.0
m2_d1,1157.0,1.0,2.78,31.19
m2_d1,1158.0,1.0,15.14,33.03
m2_d1,1159.0,0.0,0.0,-1.0
m2_d1,1160.0,0.0,0.0,-1.0
m2_d1,1161.0,0.0,0.0,-1.0
m2_d1,1162.0,0.0,0.0,-1.0
m2_d1,1163.0,0.0,0.0,-1.0
m2_d1,1164.0,1.0,15.41,32.45
m2_d1,1165.0,0.0,0.0,-1.0
m2_d1,1166.0,1.0,15.42,32.43
m2_d1,1167.0,0.0,0.0,-1.0
m2_d1,1168.0,1.0,15.32,32.64
m2_d1,1169.0,0.0,0.0,-1.0
m2_d1,1170.0,0.0,0.0,-1.0
m2_d1,1171.0,0.0,0.0,-1.0
m2_d1,1172.0,0.0,0.0,-1.0
m2_d1,1173.0,0.0,0.0,-1.0
m2_d1,1174.0,0.0,0.0,-1.0
m2_d1,1175.0,0.0,0.0,-1.0
m2_d1,1176.0,1.0,13.4,37.32
m2_d1,1177.0,1.0,13.8,36.23
m2_d1,1178.0,0.0,0.0,-1.0
m2_d1,1179.0,0.0,0.0,-1.0
m2_d1,1180.0,1.0,13.49,37.06
m2_d1,1181.0,1.0,15.16,32.99
m2_d1,1182.0,0.0,0.0,-1.0
m2_d1,1183.0,0.0,0.0,-1.0
m2_d1,1184.0,0.0,0.0,-1.0
m2_d1,1185.0,0.0,0.0,-1.0
m2_d1,1186.0,0.0,0.0,-1.0
m2_d1,1187.0,1.0,15.09,33.12
m2_d1,1188.0,0.0,0.9,-1.0
m2_d1,1189.0,1.0,14.11,33.32
m2_d1,1190.0,0.0,0.0,-1.0
m2_d1,1191.0,0.0,0.0,-1.0
m2_d1,1192.0,0.0,0.0,-1.0
m2_d1,1193.0,0.0,0.0,-1.0
m2_d1,1194.0,0.0,0.0,-1.0
m2_d1,1195.0,1.0,14.56,34.33
m2_d1,1196.0,0.0,0.0,-1.0
m2_d1,1197.0,0.0,0.0,-1.0
m2_d1,1198.0,1.0,14.6,34.25
m2_d1,1199.0,0.0,0.0,-1.0
m2_d1,1200.0,0.0,0.0,-1.0
m2_d1,1201.0,0.0,0.0,-1.0
m2_d1,1202.0,0.0,0.0,-1.0
m2_d1,1203.0,1.0,15.36,32.56
m2_d1,1204.0,0.0,0.0,-1.0
m2_d1,1205.0,1.0,15.47,32.32
m2_d1,1206.0,0.0,0.0,-1.0
m2_d1,1207.0,1.0,15.74,31.76
m2_d1,1208.0,0.0,0.0,-1.0
m2_d1,1209.0,0.0,0.0,-1.0
m2_d1,1210.0,0.0,0.0,-1.0
m2_d1,1211.0,1.0,12.63,39.57
m2_d1,1212.0,0.0,0.0,-1.0
m2_d1,1213.0,1.0,12.3,40.67
m2_d1,1214.0,0.0,0.0,-1.0
m2_d1,1215.0,0.0,0.0,-1.0
m2_d1,1216.0,0.0,0.0,-1.0
m2_d1,1217.0,0.0,0.0,-1.0
m2_d1,1218.0,0.0,0.0,-1.0
m2_d1,1219.0,1.0,12.84,38.94
m2_d1,1220.0,1.0,13.01,38.44
m2_d1,1221.0,0.0,0.0,-1.0
m2_d1,1222.0,0.0,0.0,-1.0
m2_d1,1223.0,0.0,0.0,-1.0
m2_d1,1224.0,0.0,0.0,-1.0
m2_d1,1225.0,1.0,13.41,37.29
m2_d1,1226.0,1.0,13.41,37.28
m2_d1,1227.0,0.0,0.0,-1.0
m2_d1,1228.0,0.0,0.0,-1.0
m2_d1,1229.0,0.0,0.0,-1.0
m2_d1,1230.0,0.0,0.0,-1.0
m2_d1,1231.0,0.0,0.0,-1.0
m2_d1,1232.0,0.0,0.0,-1.0
m2_d1,1233.0,0.0,0.0,-1.0
m2_d1,1234.0,0.0,0.0,-1.0
m2_d1,1235.0,1.0,14.97,33.4
m2_d1,1236.0,0.0,0.0,-1.0
m2_d1,1237.0,0.0,0.0,-1.0
m2_d1,1238.0,0.0,0.0,-1.0
m2_d1,1239.0,0.0,0.0,-1.0
m2_d1,1240.0,0.0,0.0,-1.0
m2_d1,1241.0,0.0,0.0,-1.0
m2_d1,1242.0,0.0,0.0,-1.0
m2_d1,1243.0,0.0,0.0,-1.0
m2_d1,1244.0,0.0,0.0,-1.0
m2_d1,1245.0,1.0,17.31,28.88
m2_d1,1246.0,0.0,0.0,-1.0
m2_d1,1247.0,1.0,17.57,28.45
m2_d1,1248.0,1.0,17.36,28.81
m2_d1,1249.0,0.0,13.13,-1.0
m2_d1,1250.0,1.0,3.98,29.22
m2_d1,1251.0,1.0,16.39,30.5
m2_d1,1252.0,0.0,0.0,-1.0
m2_d1,1253.0,0.0,13.45,-1.0
m2_d1,1254.0,1.0,1.25,34.01
m2_d1,1255.0,0.0,0.0,-1.0
m2_d1,1256.0,0.0,0.0,-1.0
m2_d1,1257.0,0.0,0.0,-1.0
m2_d1,1258.0,1.0,12.33,40.54
m2_d1,1259.0,0.0,0.0,-1.0
m2_d1,1260.0,1.0,12.21,40.95
m2_d1,1261.0,0.0,0.0,-1.0
m2_d1,1262.0,0.0,0.0,-1.0
m2_d1,1263.0,0.0,0.0,-1.0
m2_d1,1264.0,0.0,0.0,-1.0
m2_d1,1265.0,0.0,0.0,-1.0
m2_d1,1266.0,0.0,0.0,-1.0
m2_d1,1267.0,0.0,0.0,-1.0
m2_d1,1268.0,0.0,0.0,-1.0
m2_d1,1269.0,0.0,0.0,-1.0
m2_d1,1270.0,1.0,15.04,33.24
m2_d1,1271.0,1.0,13.3,37.6
m2_d1,1272.0,0.0,0.0,-1.0
m2_d1,1273.0,1.0,13.09,38.2
m2_d1,1274.0,0.0,0.0,-1.0
m2_d1,1275.0,0.0,0.0,-1.0
m2_d1,1276.0,0.0,0.0,-1.0
m2_d1,1277.0,0.0,0.0,-1.0
m2_d1,1278.0,0.0,0.0,-1.0
m2_d1,1279.0,1.0,15.0,33.34
m2_d1,1280.0,0.0,0.0,-1.0
m2_d1,1281.0,1.0,14.74,33.92
m2_d1,1282.0,1.0,14.82,33.74
m2_d1,1283.0,0.0,0.0,-1.0
m2_d1,1284.0,1.0,14.46,34.58
m2_d1,1285.0,0.0,0.0,-1.0
m2_d1,1286.0,0.0,0.0,-1.0
m2_d1,1287.0,0.0,0.0,-1.0
m2_d1,1288.0,0.0,0.0,-1.0
m2_d1,1289.0,0.0,0.0,-1.0
m2_d1,1290.0,0.0,0.0,-1.0
m2_d1,1291.0,1.0,14.86,33.65
m2_d1,1292.0,1.0,14.76,33.88
m2_d1,1293.0,0.0,0.0,-1.0
m2_d1,1294.0,1.0,13.79,36.25
m2_d1,1295.0,0.0,0.0,-1.0
m2_d1,1296.0,0.0,0.0,-1.0
m2_d1,1297.0,0.0,0.0,-1.0
m2_d1,1298.0,0.0,0.0,-1.0
m2_d1,1299.0,0.0,0.0,-1.0
m2_d1,1300.0,0.0,0.0,-1.0
m2_d1,1301.0,0.0,15.56,-1.0
m2_d1,1302.0,1.0,0.15,31.83
m2_d1,1303.0,0.0,0.0,-1.0
m2_d1,1304.0,1.0,14.17,35.3
m2_d1,1305.0,0.0,0.0,-1.0
m2_d1,1306.0,0.0,0.0,-1.0
m2_d1,1307.0,1.0,13.56,36.88
m2_d1,1308.0,0.0,0.0,-1.0
m2_d1,1309.0,1.0,12.4,40.32
m2_d1,1310.0,0.0,0.0,-1.0
m2_d1,1311.0,0.0,0.0,-1.0
m2_d1,1312.0,0.0,0.0,-1.0
m2_d1,1313.0,0.0,0.0,-1.0
m2_d1,1314.0,1.0,12.28,40.7
m2_d1,1315.0,0.0,0.0,-1.0
m2_d1,1316.0,0.0,0.0,-1.0
m2_d1,1317.0,0.0,0.0,-1.0
m2_d1,1318.0,0.0,0.0,-1.0
m2_d1,1319.0,0.0,0.0,-1.0
m2_d1,1320.0,0.0,0.0,-1.0
m2_d1,1321.0,0.0,0.0,-1.0
m2_d1,1322.0,0.0,0.0,-1.0
m2_d1,1323.0,1.0,14.27,35.03
m2_d1,1324.0,0.0,0.0,-1.0
m2_d1,1325.0,0.0,0.0,-1.0
m2_d1,1326.0,0.0,0.0,-1.0
m2_d1,1327.0,0.0,0.0,-1.0
m2_d1,1328.0,0.0,0.0,-1.0
m2_d1,1329.0,1.0,15.97,31.31
m2_d1,1330.0,0.0,0.0,-1.0
m2_d1,1331.0,1.0,14.81,33.77
m2_d1,1332.0,0.0,0.0,-1.0
m2_d1,1333.0,0.0,0.0,-1.0
m2_d1,1334.0,1.0,15.18,32.93
m2_d1,1335.0,0.0,0.0,-1.0
m2_d1,1336.0,2.0,30.96,32.33
m2_d1,1337.0,0.0,0.0,-1.0
m2_d1,1338.0,0.0,0.0,-1.0
m2_d1,1339.0,0.0,0.0,-1.0
m2_d1,1340.0,1.0,13.67,36.59
m2_d1,1341.0,0.0,0.0,-1.0
m2_d1,1342.0,0.0,0.0,-1.0
m2_d1,1343.0,0.0,0.0,-1.0
m2_d1,1344.0,0.0,0.0,-1.0
m2_d1,1345.0,0.0,0.0,-1.0
m2_d1,1346.0,0.0,0.0,-1.0
m2_d1,1347.0,1.0,14.4,34.72
m2_d1,1348.0,0.0,0.0,-1.0
m2_d1,1349.0,0.0,0.0,-1.0
m2_d1,1350.0,0.0,0.0,-1.0
m2_d1,1351.0,1.0,15.03,33.27
m2_d1,1352.0,0.0,0.0,-1.0
m2_d1,1353.0,0.0,0.0,-1.0
m2_d1,1354.0,0.0,0.0,-1.0
m2_d1,1355.0,0.0,0.0,-1.0
m2_d1,1356.0,0.0,0.0,-1.0
m2_d1,1357.0,1.0,12.38,40.38
m2_d1,1358.0,0.0,0.0,-1.0
m2_d1,1359.0,0.0,0.0,-1.0
m2_d1,1360.0,0.0,0.0,-1.0
m2_d1,1361.0,0.0,0.0,-1.0
m2_d1,1362.0,0.0,0.0,-1.0
m2_d1,1363.0,0.0,0.0,-1.0
m2_d1,1364.0,0.0,0.0,-1.0
m2_d1,1365.0,1.0,14.2,35.21
m2_d1,1366.0,0.0,11.83,-1.0
m2_d1,1367.0,1.0,2.39,35.16
m2_d1,1368.0,0.0,0.0,-1.0
m2_d1,1369.0,0.0,0.0,-1.0
m2_d1,1370.0,0.0,0.0,-1.0
m2_d1,1371.0,1.0,15.71,31.82
m2_d1,1372.0,0.0,0.0,-1.0
m2_d1,1373.0,1.0,15.58,32.08
m2_d1,1374.0,0.0,0.0,-1.0
m2_d1,1375.0,0.0,0.0,-1.0
m2_d1,1376.0,0.0,0.0,-1.0
m2_d1,1377.0,1.0,14.03,35.63
m2_d1,1378.0,0.0,0.0,-1.0
m2_d1,1379.0,0.0,0.0,-1.0
m2_d1,1380.0,0.0,0.0,-1.0
m2_d1,1381.0,0.0,0.0,-1.0
m2_d1,1382.0,1.0,16.37,30.55
m2_d1,1383.0,0.0,0.0,-1.0
m2_d1,1384.0,1.0,16.51,30.28
m2_d1,1385.0,0.0,14.0,-1.0
m2_d1,1386.0,2.0,18.96,30.42
m2_d1,1387.0,0.0,0.0,-1.0
m2_d1,1388.0,0.0,0.0,-1.0
m2_d1,1389.0,0.0,0.0,-1.0
m2_d1,1390.0,0.0,0.0,-1.0
m2_d1,1391.0,0.0,0.0,-1.0
m2_d1,1392.0,0.0,0.0,-1.0
m2_d1,1393.0,0.0,0.0,-1.0
m2_d1,1394.0,0.0,0.0,-1.0
m2_d1,1395.0,0.0,0.0,-1.0
m2_d1,1396.0,1.0,12.72,39.31
m2_d1,1397.0,0.0,0.0,-1.0
m2_d1,1398.0,0.0,0.0,-1.0
m2_d1,1399.0,0.0,0.0,-1.0
m2_d1,1400.0,0.0,0.0,-1.0
m2_d1,1401.0,0.0,0.0,-1.0
m2_d1,1402.0,0.0,0.0,-1.0
m2_d1,1403.0,0.0,0.0,-1.0
m2_d1,1404.0,0.0,0.0,-1.0
m2_d1,1405.0,1.0,15.98,31.29
m2_d1,1406.0,0.0,0.0,-1.0
m2_d1,1407.0,2.0,33.88,29.58
m2_d1,1408.0,0.0,0.0,-1.0
m2_d1,1409.0,0.0,0.0,-1.0
m2_d1,1410.0,0.0,0.0,-1.0
m2_d1,1411.0,0.0,0.0,-1.0
m2_d1,1412.0,1.0,15.18,32.93
m2_d1,1413.0,1.0,15.23,32.84
m2_d1,1414.0,0.0,3.56,-1.0
m2_d1,1415.0,1.0,11.33,33.59
m2_d1,1416.0,0.0,0.0,-1.0
m2_d1,1417.0,1.0,15.76,31.73
m2_d1,1418.0,1.0,19.38,25.8
m2_d1,1419.0,0.0,0.0,-1.0
m2_d1,1420.0,0.0,0.0,-1.0
m2_d1,1421.0,0.0,0.0,-1.0
m2_d1,1422.0,0.0,0.0,-1.0
m2_d1,1423.0,0.0,0.0,-1.0
m2_d1,1424.0,0.0,0.0,-1.0
m2_d1,1425.0,0.0,0.0,-1.0
m2_d1,1426.0,1.0,14.28,35.01
m2_d1,1427.0,1.0,14.1,35.47
m2_d1,1428.0,0.0,11.44,-1.0
m2_d1,1429.0,1.0,2.34,36.3
m2_d1,1430.0,1.0,13.67,36.57
m2_d1,1431.0,0.0,0.0,-1.0
m2_d1,1432.0,0.0,0.0,-1.0
m2_d1,1433.0,0.0,0.0,-1.0
m2_d1,1434.0,0.0,0.0,-1.0
m2_d1,1435.0,0.0,0.0,-1.0
m2_d1,1436.0,0.0,0.0,-1.0
m2_d1,1437.0,0.0,0.0,-1.0
m2_d1,1438.0,0.0,0.0,-1.0
m2_d1,1439.0,1.0,16.94,29.52
m2_d1,1440.0,0.0,0.0,-1.0
m2_d1,1441.0,0.0,0.0,-1.0
m2_d1,1442.0,1.0,13.95,35.84
m2_d1,1443.0,1.0,14.72,33.97
m2_d1,1444.0,0.0,0.0,-1.0
m2_d1,1445.0,0.0,0.0,-1.0
m2_d1,1446.0,0.0,0.0,-1.0
m2_d1,1447.0,0.0,0.0,-1.0
m2_d1,1448.0,0.0,0.0,-1.0
m2_d1,1449.0,0.0,0.0,-1.0
m2_d1,1450.0,0.0,0.0,-1.0
m2_d1,1451.0,0.0,0.0,-1.0
m2_d1,1452.0,1.0,15.16,32.99
m2_d1,1453.0,0.0,0.0,-1.0
m2_d1,1454.0,0.0,13.68,-1.0
m2_d1,1455.0,1.0,1.79,32.32
m2_d1,1456.0,0.0,9.02,-1.0
m2_d1,1457.0,1.0,5.01,35.63
m2_d1,1458.0,1.0,13.7,36.49
m2_d1,1459.0,1.0,16.19,30.89
m2_d1,1460.0,0.0,0.0,-1.0
m2_d1,1461.0,0.0,9.06,-1.0
m2_d1,1462.0,1.0,6.1,32.98
m2_d1,1463.0,0.0,0.0,-1.0
m2_d1,1464.0,1.0,13.06,38.27
m2_d1,1465.0,0.0,0.0,-1.0
m2_d1,1466.0,0.0,0.0,-1.0
m2_d1,1467.0,0.0,0.0,-1.0
m2_d1,1468.0,0.0,0.0,-1.0
m2_d1,1469.0,0.0,0.0,-1.0
m2_d1,1470.0,0.0,0.0,-1.0
m2_d1,1471.0,0.0,0.0,-1.0
m2_d1,1472.0,0.0,0.0,-1.0
m2_d1,1473.0,0.0,0.0,-1.0
m2_d1,1474.0,0.0,0.0,-1.0
m2_d1,1475.0,0.0,0.0,-1.0
m2_d1,1476.0,0.0,0.0,-1.0
m2_d1,1477.0,0.0,0.0,-1.0
m2_d1,1478.0,0.0,0.0,-1.0
m2_d1,1479.0,0.0,0.0,-1.0
m2_d1,1480.0,0.0,0.0,-1.0
m2_d1,1481.0,0.0,0.0,-1.0
m2_d1,1482.0,0.0,0.0,-1.0
m2_d1,1483.0,0.0,0.0,-1.0
m2_d1,1484.0,1.0,16.51,30.29
m2_d1,1485.0,0.0,0.0,-1.0
m2_d1,1486.0,1.0,16.55,30.22
m2_d1,1487.0,0.0,13.44,-1.0
m2_d1,1488.0,1.0,2.81,30.77
m2_d1,1489.0,1.0,16.11,31.04
m2_d1,1490.0,0.0,0.0,-1.0
m2_d1,1491.0,1.0,14.17,35.29
m2_d1,1492.0,0.0,0.0,-1.0
m2_d1,1493.0,0.0,0.0,-1.0
m2_d1,1494.0,0.0,0.0,-1.0
m2_d1,1495.0,0.0,0.0,-1.0
m2_d1,1496.0,0.0,0.0,-1.0
m2_d1,1497.0,0.0,0.0,-1.0
m2_d1,1498.0,1.0,15.32,32.64
m2_d1,1499.0,0.0,0.0,-1.0
m2_d1,1500.0,0.0,0.0,-1.0
m2_d1,1501.0,1.0,15.74,31.76
m2_d1,1502.0,1.0,15.61,32.04
m2_d1,1503.0,0.0,0.0,-1.0
m2_d1,1504.0,0.0,0.0,-1.0
m2_d1,1505.0,0.0,0.0,-1.0
m2_d1,1506.0,0.0,0.0,-1.0
m2_d1,1507.0,1.0,14.89,33.58
m2_d1,1508.0,1.0,14.93,33.5
m2_d1,1509.0,0.0,0.0,-1.0
m2_d1,1510.0,2.0,30.67,32.68
m2_d1,1511.0,0.0,0.0,-1.0
m2_d1,1512.0,0.0,0.0,-1.0
m2_d1,1513.0,0.0,0.0,-1.0
m2_d1,1514.0,0.0,0.0,-1.0
m2_d1,1515.0,0.0,0.0,-1.0
m2_d1,1516.0,0.0,0.0,-1.0
m2_d1,1517.0,0.0,0.0,-1.0
m2_d1,1518.0,0.0,0.0,-1.0
m2_d1,1519.0,0.0,0.0,-1.0
m2_d1,1520.0,1.0,13.57,36.84
m2_d1,1521.0,0.0,0.0,-1.0
m2_d1,1522.0,0.0,0.0,-1.0
m2_d1,1523.0,0.0,0.0,-1.0
m2_d1,1524.0,0.0,0.0,-1.0
m2_d1,1525.0,0.0,0.0,-1.0
m2_d1,1526.0,1.0,16.33,30.63
m2_d1,1527.0,0.0,0.0,-1.0
m2_d1,1528.0,1.0,15.23,32.82
m2_d1,1529.0,0.0,0.0,-1.0
m2_d1,1530.0,0.0,0.0,-1.0
m2_d1,1531.0,0.0,0.0,-1.0
m2_d1,1532.0,0.0,0.0,-1.0
m2_d1,1533.0,1.0,14.74,33.92
m2_d1,1534.0,1.0,14.82,33.73
m2_d1,1535.0,0.0,0.0,-1.0
m2_d1,1536.0,1.0,14.68,34.07
m2_d1,1537.0,0.0,0.0,-1.0
m2_d1,1538.0,0.0,0.0,-1.0
m2_d1,1539.0,0.0,0.0,-1.0
m2_d1,1540.0,0.0,0.0,-1.0
m2_d1,1541.0,0.0,0.0,-1.0
m2_d1,1542.0,0.0,0.0,-1.0
m2_d1,1543.0,0.0,0.0,-1.0
m2_d1,1544.0,0.0,0.0,-1.0
m2_d1,1545.0,1.0,14.7,34.0
m2_d1,1546.0,0.0,0.0,-1.0
m2_d1,1547.0,0.0,0.0,-1.0
m2_d1,1548.0,0.0,0.0,-1.0
m2_d1,1549.0,0.0,0.0,-1.0
m2_d1,1550.0,0.0,0.0,-1.0
m2_d1,1551.0,1.0,14.38,34.78
m2_d1,1552.0,0.0,0.0,-1.0
m2_d1,1553.0,0.0,0.0,-1.0
m2_d1,1554.0,0.0,0.0,-1.0
m2_d1,1555.0,1.0,13.95,35.84
m2_d1,1556.0,0.0,0.0,-1.0
m2_d1,1557.0,0.0,0.0,-1.0
m2_d1,1558.0,1.0,15.87,31.51
m2_d1,1559.0,0.0,0.0,-1.0
m2_d1,1560.0,1.0,14.9,33.55
m2_d1,1561.0,0.0,0.0,-1.0
m2_d1,1562.0,1.0,12.99,38.5
m2_d1,1563.0,0.0,0.0,-1.0
m2_d1,1564.0,0.0,0.0,-1.0
m2_d1,1565.0,0.0,0.0,-1.0
m2_d1,1566.0,0.0,0.0,-1.0
m2_d1,1567.0,0.0,0.0,-1.0
m2_d1,1568.0,0.0,0.0,-1.0
m2_d1,1569.0,0.0,0.0,-1.0
m2_d1,1570.0,0.0,0.0,-1.0
m2_d1,1571.0,1.0,14.88,33.6
m2_d1,1572.0,0.0,0.0,-1.0
m2_d1,1573.0,0.0,0.0,-1.0
m2_d1,1574.0,0.0,0.0,-1.0
m2_d1,1575.0,0.0,0.0,-1.0
m2_d1,1576.0,0.0,0.0,-1.0
m2_d1,1577.0,0.0,0.0,-1.0
m2_d1,1578.0,0.0,0.0,-1.0
m2_d1,1579.0,0.0,0.0,-1.0
m2_d1,1580.0,0.0,0.0,-1.0
m2_d1,1581.0,0.0,0.0,-1.0
m2_d1,1582.0,0.0,0.0,-1.0
m2_d1,1583.0,1.0,17.09,29.25
m2_d1,1584.0,1.0,16.84,29.7
m2_d1,1585.0,0.0,0.0,-1.0
m2_d1,1586.0,1.0,15.41,32.45
m2_d1,1587.0,0.0,0.0,-1.0
m2_d1,1588.0,0.0,0.0,-1.0
m2_d1,1589.0,0.0,0.0,-1.0
m2_d1,1590.0,0.0,0.0,-1.0
m2_d1,1591.0,0.0,0.0,-1.0
m2_d1,1592.0,0.0,0.0,-1.0
m2_d1,1593.0,1.0,16.12,31.01
m2_d1,1594.0,0.0,0.0,-1.0
m2_d1,1595.0,1.0,16.09,31.07
m2_d1,1596.0,0.0,0.0,-1.0
m2_d1,1597.0,0.0,0.0,-1.0
m2_d1,1598.0,0.0,0.0,-1.0
m2_d1,1599.0,0.0,0.0,-1.0
m2_d1,1600.0,0.0,0.0,-1.0
m2_d1,1601.0,0.0,0.0,-1.0
m2_d1,1602.0,0.0,0.0,-1.0
m2_d1,1603.0,1.0,15.05,33.22
m2_d1,1604.0,1.0,16.28,30.71
m2_d1,1605.0,0.0,0.0,-1.0
m2_d1,1606.0,0.0,0.0,-1.0
m2_d1,1607.0,1.0,13.34,37.49
m2_d1,1608.0,0.0,0.0,-1.0
m2_d1,1609.0,0.0,0.0,-1.0
m2_d1,1610.0,0.0,0.0,-1.0
m2_d1,1611.0,0.0,0.0,-1.0
m2_d1,1612.0,0.0,0.0,-1.0
m2_d1,1613.0,0.0,1.65,-1.0
m2_d1,1614.0,1.0,11.67,37.54
m2_d1,1615.0,0.0,0.0,-1.0
m2_d1,1616.0,1.0,15.13,33.04
m2_d1,1617.0,0.0,0.0,-1.0
m2_d1,1618.0,0.0,0.0,-1.0
m2_d1,1619.0,0.0,0.0,-1.0
m2_d1,1620.0,0.0,0.0,-1.0
m2_d1,1621.0,0.0,0.0,-1.0
m2_d1,1622.0,1.0,15.07,33.18
m2_d1,1623.0,0.0,6.68,-1.0
m2_d1,1624.0,1.0,8.53,32.87
m2_d1,1625.0,1.0,15.1,33.12
m2_d1,1626.0,1.0,14.45,34.61
m2_d1,1627.0,0.0,0.0,-1.0
m2_d1,1628.0,0.0,0.0,-1.0
m2_d1,1629.0,1.0,13.57,36.85
m2_d1,1630.0,0.0,0.0,-1.0
m2_d1,1631.0,0.0,0.0,-1.0
m2_d1,1632.0,0.0,0.0,-1.0
m2_d1,1633.0,0.0,0.0,-1.0
m2_d1,1634.0,0.0,0.0,-1.0
m2_d1,1635.0,1.0,12.3,40.66
m2_d1,1636.0,0.0,0.0,-1.0
m2_d1,1637.0,0.0,0.0,-1.0
m2_d1,1638.0,0.0,0.0,-1.0
m2_d1,1639.0,0.0,0.0,-1.0
m2_d1,1640.0,0.0,0.0,-1.0
m2_d1,1641.0,1.0,14.48,34.53
m2_d1,1642.0,0.0,0.0,-1.0
m2_d1,1643.0,0.0,0.0,-1.0
m2_d1,1644.0,0.0,0.0,-1.0
m2_d1,1645.0,0.0,0.0,-1.0
m2_d1,1646.0,0.0,0.0,-1.0
m2_d1,1647.0,0.0,0.0,-1.0
m2_d1,1648.0,0.0,0.0,-1.0
m2_d1,1649.0,0.0,0.0,-1.0
m2_d1,1650.0,0.0,0.0,-1.0
m2_d1,1651.0,1.0,15.7,31.85
m2_d1,1652.0,1.0,15.81,31.62
m2_d1,1653.0,0.0,0.0,-1.0
m2_d1,1654.0,1.0,15.38,32.51
m2_d1,1655.0,0.0,0.0,-1.0
m2_d1,1656.0,0.0,0.0,-1.0
m2_d1,1657.0,0.0,0.0,-1.0
m2_d1,1658.0,0.0,0.0,-1.0
m2_d1,1659.0,0.0,0.0,-1.0
m2_d1,1660.0,0.0,0.0,-1.0
m2_d1,1661.0,0.0,0.0,-1.0
m2_d1,1662.0,1.0,13.74,36.38
m2_d1,1663.0,1.0,13.63,36.69
m2_d1,1664.0,0.0,0.0,-1.0
m2_d1,1665.0,0.0,0.0,-1.0
m2_d1,1666.0,0.0,0.0,-1.0
m2_d1,1667.0,0.0,0.0,-1.0
m2_d1,1668.0,0.0,0.0,-1.0
m2_d1,1669.0,0.0,0.0,-1.0
m2_d1,1670.0,0.0,0.0,-1.0
m2_d1,1671.0,1.0,13.09,38.19
m2_d1,1672.0,0.0,0.0,-1.0
m2_d1,1673.0,1.0,15.35,32.57
m2_d1,1674.0,0.0,0.0,-1.0
m2_d1,1675.0,0.0,0.0,-1.0
m2_d1,1676.0,1.0,18.79,26.61
m2_d1,1677.0,0.0,0.0,-1.0
m2_d1,1678.0,0.0,0.0,-1.0
m2_d1,1679.0,0.0,0.0,-1.0
m2_d1,1680.0,0.0,0.0,-1.0
m2_d1,1681.0,0.0,0.0,-1.0
m2_d1,1682.0,0.0,0.0,-1.0
m2_d1,1683.0,0.0,0.0,-1.0
m2_d1,1684.0,0.0,0.0,-1.0
m2_d1,1685.0,0.0,0.0,-1.0
m2_d1,1686.0,0.0,0.0,-1.0
m2_d1,1687.0,0.0,0.0,-1.0
m2_d1,1688.0,0.0,0.0,-1.0
m2_d1,1689.0,1.0,15.07,33.17
m2_d1,1690.0,0.0,0.0,-1.0
m2_d1,1691.0,0.0,0.0,-1.0
m2_d1,1692.0,0.0,0.0,-1.0
m2_d1,1693.0,0.0,0.0,-1.0
m2_d1,1694.0,0.0,0.0,-1.0
m2_d1,1695.0,0.0,7.67,-1.0
m2_d1,1696.0,1.0,8.46,30.99
m2_d1,1697.0,0.0,0.0,-1.0
m2_d1,1698.0,0.0,0.0,-1.0
m2_d1,1699.0,0.0,0.0,-1.0
m2_d1,1700.0,0.0,0.0,-1.0
m2_d1,1701.0,0.0,0.0,-1.0
m2_d1,1702.0,0.0,0.0,-1.0
m2_d1,1703.0,1.0,14.74,33.92
m2_d1,1704.0,1.0,14.4,34.73
m2_d1,1705.0,0.0,0.0,-1.0
m2_d1,1706.0,0.0,0.0,-1.0
m2_d1,1707.0,0.0,0.0,-1.0
m2_d1,1708.0,0.0,0.0,-1.0
m2_d1,1709.0,0.0,0.0,-1.0
m2_d1,1710.0,0.0,0.0,-1.0
m2_d1,1711.0,0.0,0.0,-1.0
m2_d1,1712.0,0.0,0.0,-1.0
m2_d1,1713.0,1.0,14.14,35.37
m2_d1,1714.0,0.0,0.0,-1.0
m2_d1,1715.0,0.0,0.0,-1.0
m2_d1,1716.0,0.0,0.0,-1.0
m2_d1,1717.0,1.0,12.99,38.5
m2_d1,1718.0,0.0,0.0,-1.0
m2_d1,1719.0,0.0,0.0,-1.0
m2_d1,1720.0,0.0,0.0,-1.0
m2_d1,1721.0,0.0,0.0,-1.0
m2_d1,1722.0,0.0,0.0,-1.0
m2_d1,1723.0,0.0,0.0,-1.0
m2_d1,1724.0,0.0,0.0,-1.0
m2_d1,1725.0,0.0,0.0,-1.0
m2_d1,1726.0,0.0,0.0,-1.0
m2_d1,1727.0,1.0,14.18,35.27
m2_d1,1728.0,0.0,0.0,-1.0
m2_d1,1729.0,0.0,0.0,-1.0
m2_d1,1730.0,0.0,12.74,-1.0
m2_d1,1731.0,1.0,1.38,35.42
m2_d1,1732.0,0.0,0.0,-1.0
m2_d1,1733.0,0.0,0.0,-1.0
m2_d1,1734.0,0.0,0.0,-1.0
m2_d1,1735.0,0.0,0.0,-1.0
m2_d1,1736.0,0.0,0.0,-1.0
m2_d1,1737.0,0.0,0.0,-1.0
m2_d1,1738.0,0.0,0.0,-1.0
m2_d1,1739.0,0.0,0.0,-1.0
m2_d1,1740.0,0.0,0.0,-1.0
m2_d1,1741.0,0.0,0.0,-1.0
m2_d1,1742.0,0.0,0.0,-1.0
m2_d1,1743.0,1.0,12.38,40.38
m2_d1,1744.0,0.0,0.0,-1.0
m2_d1,1745.0,0.0,0.0,-1.0
m2_d1,1746.0,0.0,0.0,-1.0
m2_d1,1747.0,0.0,0.0,-1.0
m2_d1,1748.0,0.0,0.0,-1.0
m2_d1,1749.0,1.0,14.33,34.88
m2_d1,1750.0,1.0,13.97,35.78
m2_d1,1751.0,0.0,0.0,-1.0
m2_d1,1752.0,0.0,0.0,-1.0
m2_d1,1753.0,0.0,0.0,-1.0
m2_d1,1754.0,0.0,0.0,-1.0
m2_d1,1755.0,0.0,0.0,-1.0
m2_d1,1756.0,0.0,0.0,-1.0
m2_d1,1757.0,0.0,0.0,-1.0
m2_d1,1758.0,0.0,0.0,-1.0
m2_d1,1759.0,0.0,0.0,-1.0
m2_d1,1760.0,0.0,0.0,-1.0
m2_d1,1761.0,0.0,0.0,-1.0
m2_d1,1762.0,1.0,15.51,32.24
m2_d1,1763.0,0.0,0.0,-1.0
m2_d1,1764.0,1.0,15.58,32.09
m2_d1,1765.0,1.0,14.94,33.47
m2_d1,1766.0,0.0,0.0,-1.0
m2_d1,1767.0,0.0,0.0,-1.0
m2_d1,1768.0,0.0,0.0,-1.0
m2_d1,1769.0,0.0,0.0,-1.0
m2_d1,1770.0,1.0,61.25,8.16
m2_d1,1771.0,0.0,0.0,-1.0
m2_d1,1772.0,0.0,0.0,-1.0
m2_d1,1773.0,0.0,0.0,-1.0
m2_d1,1774.0,0.0,0.0,-1.0
m2_d1,1775.0,0.0,0.0,-1.0
m2_d1,1776.0,0.0,15.49,-1.0
m2_d1,1777.0,1.0,0.12,32.03
m2_d1,1778.0,0.0,0.0,-1.0
m2_d1,1779.0,0.0,0.0,-1.0
m2_d1,1780.0,0.0,0.0,-1.0
m2_d1,1781.0,0.0,0.0,-1.0
m2_d1,1782.0,1.0,14.57,34.31
m2_d1,1783.0,0.0,9.84,-1.0
m2_d1,1784.0,1.0,4.66,34.49
m2_d1,1785.0,0.0,0.0,-1.0
m2_d1,1786.0,0.0,0.0,-1.0
m2_d1,1787.0,0.0,0.0,-1.0
m2_d1,1788.0,0.0,0.0,-1.0
m2_d1,1789.0,0.0,0.0,-1.0
m2_d1,1790.0,0.0,0.0,-1.0
m2_d1,1791.0,0.0,0.0,-1.0
m2_d1,1792.0,0.0,0.0,-1.0
m2_d1,1793.0,0.0,0.0,-1.0
m2_d1,1794.0,1.0,15.47,32.31
m2_d1,1795.0,0.0,0.91,-1.0
m2_d1,1796.0,1.0,14.42,32.61
m2_d1,1797.0,1.0,14.98,33.38
m2_d1,1798.0,0.0,0.0,-1.0
m2_d1,1799.0,0.0,0.0,-1.0
m2_d1,1800.0,0.0,0.0,-1.0
m2_d1,1801.0,0.0,0.0,-1.0
m2_d1,1802.0,0.0,0.0,-1.0
m2_d1,1803.0,0.0,0.0,-1.0
m2_d1,1804.0,0.0,0.0,-1.0
m2_d1,1805.0,0.0,0.0,-1.0
m2_d1,1806.0,0.0,0.0,-1.0
m2_d1,1807.0,0.0,0.0,-1.0
m2_d1,1808.0,0.0,0.0,-1.0
m2_d1,1809.0,0.0,0.0,-1.0
m2_d1,1810.0,0.0,0.0,-1.0
m2_d1,1811.0,0.0,0.0,-1.0
m2_d1,1812.0,0.0,0.0,-1.0
m2_d1,1813.0,0.0,0.0,-1.0
m2_d1,1814.0,0.0,0.0,-1.0
m2_d1,1815.0,0.0,0.0,-1.0
m2_d1,1816.0,0.0,0.0,-1.0
m2_d1,1817.0,1.0,17.66,28.31
m2_d1,1818.0,0.0,0.0,-1.0
m2_d1,1819.0,1.0,16.62,30.09
m2_d1,1820.0,0.0,0.0,-1.0
m2_d1,1821.0,0.0,0.0,-1.0
m2_d1,1822.0,1.0,16.56,30.19
m2_d1,1823.0,1.0,16.24,30.8
m2_d1,1824.0,0.0,0.0,-1.0
m2_d1,1825.0,0.0,0.0,-1.0
m2_d1,1826.0,0.0,0.0,-1.0
m2_d1,1827.0,0.0,0.0,-1.0
m2_d1,1828.0,0.0,0.0,-1.0
m2_d1,1829.0,0.0,0.0,-1.0
m2_d1,1830.0,0.0,0.0,-1.0
m2_d1,1831.0,0.0,0.0,-1.0
m2_d1,1832.0,1.0,12.28,40.7
m2_d1,1833.0,0.0,0.0,-1.0
m2_d1,1834.0,0.0,1.47,-1.0
m2_d1,1835.0,1.0,12.29,36.34
m2_d1,1836.0,1.0,13.56,36.87
m2_d1,1837.0,0.0,0.0,-1.0
m2_d1,1838.0,0.0,0.0,-1.0
m2_d1,1839.0,0.0,0.0,-1.0
m2_d1,1840.0,0.0,0.0,-1.0
m2_d1,1841.0,0.0,0.0,-1.0
m2_d1,1842.0,0.0,0.0,-1.0
m2_d1,1843.0,0.0,0.0,-1.0
m2_d1,1844.0,0.0,0.0,-1.0
m2_d1,1845.0,0.0,0.0,-1.0
m2_d1,1846.0,0.0,0.0,-1.0
m2_d1,1847.0,1.0,14.88,33.6
m2_d1,1848.0,0.0,0.0,-1.0
m2_d1,1849.0,0.0,0.0,-1.0
m2_d1,1850.0,0.0,0.0,-1.0
m2_d1,1851.0,0.0,0.0,-1.0
m2_d1,1852.0,0.0,0.0,-1.0
m2_d1,1853.0,0.0,0.0,-1.0
m2_d1,1854.0,1.0,14.84,33.68
m2_d1,1855.0,0.0,0.0,-1.0
m2_d1,1856.0,1.0,14.4,34.72
m2_d1,1857.0,0.0,0.0,-1.0
m2_d1,1858.0,0.0,0.0,-1.0
m2_d1,1859.0,0.0,0.0,-1.0
m2_d1,1860.0,0.0,0.0,-1.0
m2_d1,1861.0,0.0,0.0,-1.0
m2_d1,1862.0,0.0,0.0,-1.0
m2_d1,1863.0,0.0,0.0,-1.0
m2_d1,1864.0,0.0,0.0,-1.0
m2_d1,1865.0,0.0,0.0,-1.0
m2_d1,1866.0,0.0,0.0,-1.0
m2_d1,1867.0,0.0,0.0,-1.0
m2_d1,1868.0,0.0,0.0,-1.0
m2_d1,1869.0,1.0,16.44,30.42
m2_d1,1870.0,0.0,0.0,-1.0
m2_d1,1871.0,0.0,0.0,-1.0
m2_d1,1872.0,1.0,14.65,34.12
m2_d1,1873.0,0.0,0.0,-1.0
m2_d1,1874.0,0.0,0.0,-1.0
m2_d1,1875.0,0.0,0.0,-1.0
m2_d1,1876.0,0.0,0.0,-1.0
m2_d1,1877.0,0.0,0.0,-1.0
m2_d1,1878.0,0.0,0.0,-1.0
m2_d1,1879.0,0.0,0.0,-1.0
m2_d1,1880.0,0.0,0.0,-1.0
m2_d1,1881.0,0.0,0.0,-1.0
m2_d1,1882.0,1.0,12.37,40.43
m2_d1,1883.0,0.0,0.0,-1.0
m2_d1,1884.0,0.0,0.0,-1.0
m2_d1,1885.0,0.0,0.0,-1.0
m2_d1,1886.0,0.0,0.0,-1.0
m2_d1,1887.0,0.0,0.0,-1.0
m2_d1,1888.0,0.0,0.0,-1.0
m2_d1,1889.0,0.0,0.0,-1.0
m2_d1,1890.0,0.0,0.0,-1.0
m2_d1,1891.0,0.0,0.0,-1.0
m2_d1,1892.0,0.0,0.0,-1.0
m2_d1,1893.0,1.0,14.33,34.89
m2_d1,1894.0,1.0,14.16,35.31
m2_d1,1895.0,0.0,0.0,-1.0
m2_d1,1896.0,0.0,50.0,-1.0
m2_d1,1897.0,1.0,18.49,7.3
m2_d1,1898.0,0.0,0.0,-1.0
m2_d1,1899.0,0.0,0.0,-1.0
m2_d1,1900.0,0.0,0.0,-1.0
m2_d1,1901.0,1.0,13.0,38.46
m2_d1,1902.0,0.0,0.0,-1.0
m2_d1,1903.0,0.0,0.0,-1.0
m2_d1,1904.0,0.0,0.0,-1.0
m2_d1,1905.0,0.0,0.0,-1.0
m2_d1,1906.0,0.0,0.0,-1.0
m2_d1,1907.0,0.0,0.0,-1.0
m2_d1,1908.0,0.0,0.0,-1.0
m2_d1,1909.0,0.0,0.0,-1.0
m2_d1,1910.0,0.0,0.0,-1.0
m2_d1,1911.0,0.0,0.0,-1.0
m2_d1,1912.0,0.0,0.0,-1.0
m2_d1,1913.0,0.0,0.0,-1.0
m2_d1,1914.0,0.0,0.0,-1.0
m2_d1,1915.0,0.0,0.0,-1.0
m2_d1,1916.0,0.0,0.0,-1.0
m2_d1,1917.0,0.0,0.0,-1.0
m2_d1,1918.0,0.0,0.0,-1.0
m2_d1,1919.0,0.0,0.0,-1.0
m2_d1,1920.0,0.0,0.0,-1.0
m2_d1,1921.0,0.0,0.0,-1.0
m2_d1,1922.0,0.0,0.0,-1.0
m2_d1,1923.0,0.0,0.0,-1.0
m2_d1,1924.0,1.0,14.89,33.58
m2_d1,1925.0,0.0,0.0,-1.0
m2_d1,1926.0,0.0,0.0,-1.0
m2_d1,1927.0,0.0,8.01,-1.0
m2_d1,1928.0,1.0,7.4,32.46
m2_d1,1929.0,0.0,0.0,-1.0
m2_d1,1930.0,0.0,0.0,-1.0
m2_d1,1931.0,0.0,0.0,-1.0
m2_d1,1932.0,0.0,0.0,-1.0
m2_d1,1933.0,1.0,14.81,33.77
m2_d1,1934.0,0.0,0.0,-1.0
m2_d1,1935.0,0.0,0.0,-1.0
m2_d1,1936.0,0.0,0.0,-1.0
m2_d1,1937.0,0.0,0.0,-1.0
m2_d1,1938.0,0.0,0.0,-1.0
m2_d1,1939.0,0.0,0.0,-1.0
m2_d1,1940.0,1.0,14.47,34.56
m2_d1,1941.0,0.0,0.0,-1.0
m2_d1,1942.0,0.0,0.0,-1.0
m2_d1,1943.0,0.0,11.99,-1.0
m2_d1,1944.0,1.0,2.41,34.74
m2_d1,1945.0,0.0,0.0,-1.0
m2_d1,1946.0,0.0,0.0,-1.0
m2_d1,1947.0,0.0,0.0,-1.0
m2_d1,1948.0,1.0,12.43,40.22
m2_d1,1949.0,0.0,0.0,-1.0
m2_d1,1950.0,0.0,0.0,-1.0
m2_d1,1951.0,0.0,0.0,-1.0
m2_d1,1952.0,0.0,0.0,-1.0
m2_d1,1953.0,0.0,0.0,-1.0
m2_d1,1954.0,0.0,0.0,-1.0
m2_d1,1955.0,0.0,0.0,-1.0
m2_d1,1956.0,0.0,0.0,-1.0
m2_d1,1957.0,0.0,0.0,-1.0
m2_d1,1958.0,0.0,0.0,-1.0
m2_d1,1959.0,0.0,10.75,-1.0
m2_d1,1960.0,1.0,4.37,33.06
m2_d1,1961.0,0.0,0.0,-1.0
m2_d1,1962.0,0.0,4.54,-1.0
m2_d1,1963.0,1.0,8.64,37.95
m2_d1,1964.0,0.0,0.0,-1.0
m2_d1,1965.0,0.0,0.0,-1.0
m2_d1,1966.0,0.0,0.0,-1.0
m2_d1,1967.0,0.0,0.0,-1.0
m2_d1,1968.0,0.0,0.0,-1.0
m2_d1,1969.0,0.0,0.0,-1.0
m2_d1,1970.0,0.0,0.0,-1.0
m2_d1,1971.0,0.0,0.0,-1.0
m2_d1,1972.0,0.0,0.0,-1.0
m2_d1,1973.0,0.0,0.0,-1.0
m2_d1,1974.0,0.0,0.0,-1.0
m2_d1,1975.0,0.0,0.0,-1.0
m2_d1,1976.0,1.0,14.54,34.39
m2_d1,1977.0,0.0,0.0,-1.0
m2_d1,1978.0,0.0,0.0,-1.0
m2_d1,1979.0,0.0,0.0,-1.0
m2_d1,1980.0,0.0,0.0,-1.0
m2_d1,1981.0,0.0,0.0,-1.0
m2_d1,1982.0,0.0,0.0,-1.0
m2_d1,1983.0,0.0,0.0,-1.0
m2_d1,1984.0,0.0,0.0,-1.0
m2_d1,1985.0,0.0,0.0,-1.0
m2_d1,1986.0,0.0,0.0,-1.0
m2_d1,1987.0,0.0,0.0,-1.0
m2_d1,1988.0,1.0,16.66,30.01
m2_d1,1989.0,1.0,16.76,29.84
m2_d1,1990.0,0.0,0.0,-1.0
m2_d1,1991.0,0.0,0.0,-1.0
m2_d1,1992.0,0.0,0.0,-1.0
m2_d1,1993.0,0.0,0.0,-1.0
m2_d1,1994.0,0.0,0.0,-1.0
m2_d1,1995.0,0.0,0.0,-1.0
m2_d1,1996.0,0.0,0.0,-1.0
m2_d1,1997.0,0.0,0.0,-1.0
m2_d1,1998.0,0.0,0.0,-1.0
m2_d1,1999.0,0.0,0.0,-1.0
ramp_d,0.0,0.0,0.0,-1.0
ramp_d,1.0,0.0,0.0,-1.0
ramp_d,2.0,0.0,0.0,-1.0
ramp_d,3.0,0.0,0.0,-1.0
ramp_d,4.0,0.0,0.0,-1.0
ramp_d,5.0,0.0,0.0,-1.0
ramp_d,6.0,0.0,0.0,-1.0
ramp_d,7.0,0.0,0.0,-1.0
ramp_d,8.0,0.0,0.0,-1.0
ramp_d,9.0,0.0,0.0,-1.0
ramp_d,10.0,0.0,0.0,-1.0
ramp_d,11.0,0.0,0.0,-1.0
ramp_d,12.0,0.0,0.0,-1.0
ramp_d,13.0,0.0,0.0,-1.0
ramp_d,14.0,0.0,0.0,-1.0
ramp_d,15.0,0.0,0.0,-1.0
ramp_d,16.0,1.0,22.88,21.85
ramp_d,17.0,0.0,0.0,-1.0
ramp_d,18.0,0.0,0.0,-1.0
ramp_d,19.0,0.0,0.0,-1.0
ramp_d,20.0,1.0,19.03,26.27
ramp_d,21.0,0.0,0.0,-1.0
ramp_d,22.0,0.0,0.0,-1.0
ramp_d,23.0,0.0,0.0,-1.0
ramp_d,24.0,0.0,0.0,-1.0
ramp_d,25.0,0.0,0.0,-1.0
ramp_d,26.0,0.0,0.0,-1.0
ramp_d,27.0,0.0,0.0,-1.0
ramp_d,28.0,0.0,0.0,-1.0
ramp_d,29.0,0.0,0.0,-1.0
ramp_d,30.0,1.0,22.96,21.78
ramp_d,31.0,0.0,0.0,-1.0
ramp_d,32.0,0.0,0.0,-1.0
ramp_d,33.0,0.0,0.0,-1.0
ramp_d,34.0,0.0,0.0,-1.0
ramp_d,35.0,1.0,19.25,25.97
ramp_d,36.0,0.0,0.0,-1.0
ramp_d,37.0,0.0,0.0,-1.0
ramp_d,38.0,0.0,0.0,-1.0
ramp_d,39.0,0.0,0.0,-1.0
ramp_d,40.0,0.0,0.0,-1.0
ramp_d,41.0,0.0,0.0,-1.0
ramp_d,42.0,0.0,0.0,-1.0
ramp_d,43.0,1.0,20.62,24.25
ramp_d,44.0,0.0,0.0,-1.0
ramp_d,45.0,0.0,0.0,-1.0
ramp_d,46.0,0.0,0.0,-1.0
ramp_d,47.0,0.0,0.0,-1.0
ramp_d,48.0,0.0,0.0,-1.0
ramp_d,49.0,0.0,0.0,-1.0
ramp_d,50.0,0.0,0.0,-1.0
ramp_d,51.0,0.0,11.75,-1.0
ramp_d,52.0,1.0,11.14,21.84
ramp_d,53.0,0.0,0.0,-1.0
ramp_d,54.0,0.0,0.0,-1.0
ramp_d,55.0,0.0,0.0,-1.0
ramp_d,56.0,0.0,0.0,-1.0
ramp_d,57.0,1.0,19.96,25.06
ramp_d,58.0,0.0,0.0,-1.0
ramp_d,59.0,0.0,0.0,-1.0
ramp_d,60.0,0.0,0.0,-1.0
ramp_d,61.0,0.0,0.0,-1.0
ramp_d,62.0,0.0,0.0,-1.0
ramp_d,63.0,0.0,0.0,-1.0
ramp_d,64.0,0.0,0.0,-1.0
ramp_d,65.0,0.0,0.0,-1.0
ramp_d,66.0,0.0,0.0,-1.0
ramp_d,67.0,0.0,0.0,-1.0
ramp_d,68.0,0.0,0.0,-1.0
ramp_d,69.0,1.0,27.6,18.12
ramp_d,70.0,0.0,0.0,-1.0
ramp_d,71.0,1.0,24.72,20.23
ramp_d,72.0,0.0,0.0,-1.0
ramp_d,73.0,0.0,0.0,-1.0
ramp_d,74.0,0.0,0.0,-1.0
ramp_d,75.0,0.0,0.0,-1.0
ramp_d,76.0,0.0,0.0,-1.0
ramp_d,77.0,0.0,0.0,-1.0
ramp_d,78.0,0.0,0.0,-1.0
ramp_d,79.0,1.0,20.61,24.26
ramp_d,80.0,0.0,0.0,-1.0
ramp_d,81.0,0.0,0.0,-1.0
ramp_d,82.0,0.0,0.0,-1.0
ramp_d,83.0,1.0,16.65,30.03
ramp_d,84.0,0.0,0.0,-1.0
ramp_d,85.0,0.0,0.0,-1.0
ramp_d,86.0,0.0,0.0,-1.0
ramp_d,87.0,0.0,0.0,-1.0
ramp_d,88.0,0.0,0.0,-1.0
ramp_d,89.0,0.0,0.0,-1.0
ramp_d,90.0,0.0,0.0,-1.0
ramp_d,91.0,0.0,0.0,-1.0
ramp_d,92.0,0.0,0.0,-1.0
ramp_d,93.0,0.0,0.0,-1.0
ramp_d,94.0,0.0,16.77,-1.0
ramp_d,95.0,1.0,5.34,22.62
ramp_d,96.0,0.0,0.0,-1.0
ramp_d,97.0,0.0,0.0,-1.0
ramp_d,98.0,0.0,0.0,-1.0
ramp_d,99.0,1.0,18.79,26.62
ramp_d,100.0,0.0,0.0,-1.0
ramp_d,101.0,0.0,0.0,-1.0
ramp_d,102.0,0.0,0.0,-1.0
ramp_d,103.0,0.0,0.0,-1.0
ramp_d,104.0,0.0,0.0,-1.0
ramp_d,105.0,0.0,0.0,-1.0
ramp_d,106.0,0.0,0.0,-1.0
ramp_d,107.0,0.0,0.0,-1.0
ramp_d,108.0,0.0,0.0,-1.0
ramp_d,109.0,0.0,0.0,-1.0
ramp_d,110.0,0.0,0.0,-1.0
ramp_d,111.0,1.0,25.03,19.98
ramp_d,112.0,0.0,0.0,-1.0
ramp_d,113.0,0.0,0.0,-1.0
ramp_d,114.0,0.0,0.0,-1.0
ramp_d,115.0,0.0,0.0,-1.0
ramp_d,116.0,0.0,0.0,-1.0
ramp_d,117.0,0.0,0.0,-1.0
ramp_d,118.0,0.0,0.0,-1.0
ramp_d,119.0,0.0,0.0,-1.0
ramp_d,120.0,0.0,27.81,-1.0
ramp_d,121.0,1.0,0.42,17.72
ramp_d,122.0,0.0,21.13,-1.0
ramp_d,123.0,1.0,4.46,19.54
ramp_d,124.0,0.0,0.0,-1.0
ramp_d,125.0,0.0,0.0,-1.0
ramp_d,126.0,1.0,18.6,26.88
ramp_d,127.0,0.0,0.0,-1.0
ramp_d,128.0,0.0,0.0,-1.0
ramp_d,129.0,0.0,0.0,-1.0
ramp_d,130.0,0.0,0.0,-1.0
ramp_d,131.0,0.0,0.0,-1.0
ramp_d,132.0,0.0,0.0,-1.0
ramp_d,133.0,0.0,0.0,-1.0
ramp_d,134.0,1.0,17.23,29.02
ramp_d,135.0,0.0,0.0,-1.0
ramp_d,136.0,0.0,0.0,-1.0
ramp_d,137.0,0.0,0.0,-1.0
ramp_d,138.0,0.0,0.0,-1.0
ramp_d,139.0,0.0,0.0,-1.0
ramp_d,140.0,0.0,0.0,-1.0
ramp_d,141.0,0.0,0.0,-1.0
ramp_d,142.0,0.0,0.0,-1.0
ramp_d,143.0,0.0,0.0,-1.0
ramp_d,144.0,1.0,20.66,24.2
ramp_d,145.0,0.0,0.0,-1.0
ramp_d,146.0,0.0,0.0,-1.0
ramp_d,147.0,0.0,0.0,-1.0
ramp_d,148.0,0.0,0.0,-1.0
ramp_d,149.0,0.0,0.0,-1.0
ramp_d,150.0,0.0,0.0,-1.0
ramp_d,151.0,0.0,0.0,-1.0
ramp_d,152.0,0.0,0.0,-1.0
ramp_d,153.0,0.0,0.0,-1.0
ramp_d,154.0,1.0,25.33,19.74
ramp_d,155.0,0.0,0.0,-1.0
ramp_d,156.0,0.0,0.0,-1.0
ramp_d,157.0,1.0,19.37,25.82
ramp_d,158.0,0.0,0.0,-1.0
ramp_d,159.0,0.0,0.0,-1.0
ramp_d,160.0,0.0,0.0,-1.0
ramp_d,161.0,0.0,0.0,-1.0
ramp_d,162.0,0.0,0.0,-1.0
ramp_d,163.0,0.0,0.0,-1.0
ramp_d,164.0,0.0,0.0,-1.0
ramp_d,165.0,0.0,0.0,-1.0
ramp_d,166.0,0.0,0.0,-1.0
ramp_d,167.0,1.0,23.2,21.55
ramp_d,168.0,0.0,0.0,-1.0
ramp_d,169.0,0.0,0.0,-1.0
ramp_d,170.0,0.0,0.0,-1.0
ramp_d,171.0,0.0,0.0,-1.0
ramp_d,172.0,0.0,0.0,-1.0
ramp_d,173.0,1.0,21.17,23.62
ramp_d,174.0,0.0,0.0,-1.0
ramp_d,175.0,0.0,0.0,-1.0
ramp_d,176.0,0.0,0.0,-1.0
ramp_d,177.0,0.0,0.0,-1.0
ramp_d,178.0,0.0,0.0,-1.0
ramp_d,179.0,0.0,14.02,-1.0
ramp_d,180.0,1.0,5.93,25.07
ramp_d,181.0,0.0,0.0,-1.0
ramp_d,182.0,0.0,0.0,-1.0
ramp_d,183.0,0.0,0.0,-1.0
ramp_d,184.0,0.0,0.0,-1.0
ramp_d,185.0,0.0,0.0,-1.0
ramp_d,186.0,0.0,0.0,-1.0
ramp_d,187.0,1.0,20.08,24.9
ramp_d,188.0,0.0,0.0,-1.0
ramp_d,189.0,0.0,0.0,-1.0
ramp_d,190.0,0.0,5.58,-1.0
ramp_d,191.0,1.0,9.97,32.17
ramp_d,192.0,0.0,0.0,-1.0
ramp_d,193.0,0.0,0.0,-1.0
ramp_d,194.0,0.0,0.0,-1.0
ramp_d,195.0,0.0,0.0,-1.0
ramp_d,196.0,0.0,0.0,-1.0
ramp_d,197.0,0.0,0.0,-1.0
ramp_d,198.0,0.0,0.0,-1.0
ramp_d,199.0,0.0,0.0,-1.0
ramp_d,200.0,1.0,18.81,26.58
ramp_d,201.0,0.0,0.0,-1.0
ramp_d,202.0,0.0,0.0,-1.0
ramp_d,203.0,0.0,0.0,-1.0
ramp_d,204.0,0.0,0.0,-1.0
ramp_d,205.0,0.0,0.0,-1.0
ramp_d,206.0,0.0,0.0,-1.0
ramp_d,207.0,0.0,0.0,-1.0
ramp_d,208.0,1.0,19.8,25.25
ramp_d,209.0,0.0,0.0,-1.0
ramp_d,210.0,0.0,0.0,-1.0
ramp_d,211.0,0.0,0.0,-1.0
ramp_d,212.0,0.0,0.0,-1.0
ramp_d,213.0,0.0,0.9,-1.0
ramp_d,214.0,1.0,16.09,29.44
ramp_d,215.0,0.0,0.0,-1.0
ramp_d,216.0,0.0,0.0,-1.0
ramp_d,217.0,0.0,0.0,-1.0
ramp_d,218.0,0.0,0.0,-1.0
ramp_d,219.0,0.0,0.0,-1.0
ramp_d,220.0,0.0,0.0,-1.0
ramp_d,221.0,0.0,0.0,-1.0
ramp_d,222.0,0.0,0.0,-1.0
ramp_d,223.0,0.0,0.0,-1.0
ramp_d,224.0,0.0,0.0,-1.0
ramp_d,225.0,0.0,0.0,-1.0
ramp_d,226.0,1.0,24.71,20.24
ramp_d,227.0,0.0,0.0,-1.0
ramp_d,228.0,1.0,20.38,24.54
ramp_d,229.0,0.0,0.0,-1.0
ramp_d,230.0,0.0,0.0,-1.0
ramp_d,231.0,0.0,0.0,-1.0
ramp_d,232.0,0.0,0.0,-1.0
ramp_d,233.0,0.0,0.0,-1.0
ramp_d,234.0,0.0,0.0,-1.0
ramp_d,235.0,0.0,0.0,-1.0
ramp_d,236.0,0.0,0.0,-1.0
ramp_d,237.0,0.0,0.0,-1.0
ramp_d,238.0,0.0,0.0,-1.0
ramp_d,239.0,1.0,22.31,22.42
ramp_d,240.0,0.0,0.0,-1.0
ramp_d,241.0,0.0,0.0,-1.0
ramp_d,242.0,0.0,0.0,-1.0
ramp_d,243.0,0.0,0.0,-1.0
ramp_d,244.0,1.0,19.93,25.09
ramp_d,245.0,0.0,0.0,-1.0
ramp_d,246.0,0.0,0.0,-1.0
ramp_d,247.0,0.0,0.0,-1.0
ramp_d,248.0,0.0,0.0,-1.0
ramp_d,249.0,0.0,0.0,-1.0
ramp_d,250.0,0.0,0.0,-1.0
ramp_d,251.0,0.0,0.0,-1.0
ramp_d,252.0,0.0,0.0,-1.0
ramp_d,253.0,1.0,21.91,22.82
ramp_d,254.0,0.0,0.0,-1.0
ramp_d,255.0,0.0,0.0,-1.0
ramp_d,256.0,1.0,16.99,29.43
ramp_d,257.0,0.0,0.0,-1.0
ramp_d,258.0,0.0,0.0,-1.0
ramp_d,259.0,0.0,0.0,-1.0
ramp_d,260.0,0.0,0.0,-1.0
ramp_d,261.0,0.0,0.0,-1.0
ramp_d,262.0,0.0,0.0,-1.0
ramp_d,263.0,0.0,0.0,-1.0
ramp_d,264.0,0.0,0.0,-1.0
ramp_d,265.0,0.0,0.0,-1.0
ramp_d,266.0,0.0,0.0,-1.0
ramp_d,267.0,0.0,0.0,-1.0
ramp_d,268.0,1.0,23.83,20.98
ramp_d,269.0,0.0,0.0,-1.0
ramp_d,270.0,0.0,0.0,-1.0
ramp_d,271.0,0.0,11.95,-1.0
ramp_d,272.0,1.0,6.35,27.34
ramp_d,273.0,0.0,0.0,-1.0
ramp_d,274.0,0.0,0.0,-1.0
ramp_d,275.0,0.0,0.0,-1.0
ramp_d,276.0,0.0,0.0,-1.0
ramp_d,277.0,0.0,0.0,-1.0
ramp_d,278.0,0.0,0.0,-1.0
ramp_d,279.0,1.0,18.99,26.33
ramp_d,280.0,0.0,0.0,-1.0
ramp_d,281.0,0.0,0.0,-1.0
ramp_d,282.0,0.0,0.0,-1.0
ramp_d,283.0,0.0,0.0,-1.0
ramp_d,284.0,0.0,0.0,-1.0
ramp_d,285.0,0.0,0.0,-1.0
ramp_d,286.0,0.0,0.0,-1.0
ramp_d,287.0,1.0,19.08,26.21
ramp_d,288.0,0.0,0.0,-1.0
ramp_d,289.0,0.0,0.0,-1.0
ramp_d,290.0,0.0,0.0,-1.0
ramp_d,291.0,0.0,0.0,-1.0
ramp_d,292.0,0.0,0.0,-1.0
ramp_d,293.0,0.0,0.0,-1.0
ramp_d,294.0,1.0,19.22,26.02
ramp_d,295.0,0.0,0.0,-1.0
ramp_d,296.0,0.0,0.0,-1.0
ramp_d,297.0,0.0,0.0,-1.0
ramp_d,298.0,0.0,0.0,-1.0
ramp_d,299.0,0.0,0.0,-1.0
ramp_d,300.0,0.0,0.0,-1.0
ramp_d,301.0,1.0,18.76,26.65
ramp_d,302.0,0.0,0.0,-1.0
ramp_d,303.0,0.0,0.0,-1.0
ramp_d,304.0,0.0,0.0,-1.0
ramp_d,305.0,0.0,0.0,-1.0
ramp_d,306.0,0.0,0.0,-1.0
ramp_d,307.0,0.0,0.0,-1.0
ramp_d,308.0,0.0,0.0,-1.0
ramp_d,309.0,1.0,19.66,25.44
ramp_d,310.0,0.0,0.0,-1.0
ramp_d,311.0,0.0,0.0,-1.0
ramp_d,312.0,0.0,0.0,-1.0
ramp_d,313.0,0.0,0.0,-1.0
ramp_d,314.0,1.0,16.51,30.29
ramp_d,315.0,0.0,0.0,-1.0
ramp_d,316.0,0.0,0.0,-1.0
ramp_d,317.0,0.0,0.0,-1.0
ramp_d,318.0,0.0,0.0,-1.0
ramp_d,319.0,0.0,0.0,-1.0
ramp_d,320.0,0.0,0.0,-1.0
ramp_d,321.0,1.0,15.63,31.99
ramp_d,322.0,0.0,0.0,-1.0
ramp_d,323.0,0.0,0.0,-1.0
ramp_d,324.0,0.0,0.0,-1.0
ramp_d,325.0,0.0,0.0,-1.0
ramp_d,326.0,0.0,0.0,-1.0
ramp_d,327.0,0.0,0.0,-1.0
ramp_d,328.0,0.0,0.0,-1.0
ramp_d,329.0,0.0,0.0,-1.0
ramp_d,330.0,0.0,0.0,-1.0
ramp_d,331.0,0.0,0.0,-1.0
ramp_d,332.0,1.0,21.69,23.05
ramp_d,333.0,0.0,0.0,-1.0
ramp_d,334.0,0.0,0.0,-1.0
ramp_d,335.0,0.0,0.0,-1.0
ramp_d,336.0,0.0,0.0,-1.0
ramp_d,337.0,0.0,4.87,-1.0
ramp_d,338.0,1.0,15.11,25.02
ramp_d,339.0,0.0,0.0,-1.0
ramp_d,340.0,0.0,0.0,-1.0
ramp_d,341.0,0.0,0.0,-1.0
ramp_d,342.0,0.0,0.0,-1.0
ramp_d,343.0,0.0,0.0,-1.0
ramp_d,344.0,1.0,18.02,27.75
ramp_d,345.0,0.0,0.0,-1.0
ramp_d,346.0,0.0,0.0,-1.0
ramp_d,347.0,0.0,0.0,-1.0
ramp_d,348.0,0.0,0.0,-1.0
ramp_d,349.0,0.0,0.0,-1.0
ramp_d,350.0,0.0,0.0,-1.0
ramp_d,351.0,0.0,0.0,-1.0
ramp_d,352.0,0.0,0.0,-1.0
ramp_d,353.0,0.0,0.0,-1.0
ramp_d,354.0,0.0,0.0,-1.0
ramp_d,355.0,1.0,24.64,20.29
ramp_d,356.0,0.0,0.0,-1.0
ramp_d,357.0,0.0,0.0,-1.0
ramp_d,358.0,1.0,19.89,25.13
ramp_d,359.0,0.0,0.0,-1.0
ramp_d,360.0,0.0,0.0,-1.0
ramp_d,361.0,0.0,0.0,-1.0
ramp_d,362.0,0.0,0.0,-1.0
ramp_d,363.0,0.0,0.0,-1.0
ramp_d,364.0,0.0,0.0,-1.0
ramp_d,365.0,1.0,18.36,27.23
ramp_d,366.0,0.0,0.0,-1.0
ramp_d,367.0,0.0,0.0,-1.0
ramp_d,368.0,0.0,0.0,-1.0
ramp_d,369.0,0.0,0.0,-1.0
ramp_d,370.0,0.0,0.0,-1.0
ramp_d,371.0,0.0,0.0,-1.0
ramp_d,372.0,0.0,0.0,-1.0
ramp_d,373.0,1.0,19.16,26.09
ramp_d,374.0,0.0,0.0,-1.0
ramp_d,375.0,0.0,0.0,-1.0
ramp_d,376.0,0.0,0.0,-1.0
ramp_d,377.0,0.0,0.0,-1.0
ramp_d,378.0,0.0,0.0,-1.0
ramp_d,379.0,1.0,17.24,29.01
ramp_d,380.0,0.0,0.0,-1.0
ramp_d,381.0,0.0,0.0,-1.0
ramp_d,382.0,0.0,0.0,-1.0
ramp_d,383.0,0.0,0.0,-1.0
ramp_d,384.0,0.0,0.0,-1.0
ramp_d,385.0,1.0,15.82,31.6
ramp_d,386.0,0.0,0.0,-1.0
ramp_d,387.0,0.0,0.0,-1.0
ramp_d,388.0,0.0,0.0,-1.0
ramp_d,389.0,0.0,0.0,-1.0
ramp_d,390.0,0.0,0.0,-1.0
ramp_d,391.0,0.0,0.0,-1.0
ramp_d,392.0,0.0,0.0,-1.0
ramp_d,393.0,0.0,5.8,-1.0
ramp_d,394.0,1.0,11.39,29.08
ramp_d,395.0,0.0,0.0,-1.0
ramp_d,396.0,0.0,0.0,-1.0
ramp_d,397.0,0.0,0.0,-1.0
ramp_d,398.0,0.0,0.0,-1.0
ramp_d,399.0,0.0,0.0,-1.0
ramp_d,400.0,0.0,0.0,-1.0
ramp_d,401.0,1.0,17.87,27.98
ramp_d,402.0,0.0,0.0,-1.0
ramp_d,403.0,0.0,0.0,-1.0
ramp_d,404.0,0.0,0.0,-1.0
ramp_d,405.0,0.0,0.0,-1.0
ramp_d,406.0,0.0,0.0,-1.0
ramp_d,407.0,0.0,0.0,-1.0
ramp_d,408.0,0.0,0.0,-1.0
ramp_d,409.0,1.0,18.94,26.4
ramp_d,410.0,0.0,0.0,-1.0
ramp_d,411.0,0.0,0.0,-1.0
ramp_d,412.0,0.0,0.0,-1.0
ramp_d,413.0,0.0,0.0,-1.0
ramp_d,414.0,0.0,0.0,-1.0
ramp_d,415.0,1.0,17.48,28.61
ramp_d,416.0,0.0,0.0,-1.0
ramp_d,417.0,0.0,0.0,-1.0
ramp_d,418.0,0.0,0.0,-1.0
ramp_d,419.0,0.0,0.0,-1.0
ramp_d,420.0,0.0,0.0,-1.0
ramp_d,421.0,0.0,0.0,-1.0
ramp_d,422.0,0.0,0.0,-1.0
ramp_d,423.0,0.0,0.0,-1.0
ramp_d,424.0,0.0,0.0,-1.0
ramp_d,425.0,0.0,0.0,-1.0
ramp_d,426.0,0.0,0.0,-1.0
ramp_d,427.0,0.0,3.82,-1.0
ramp_d,428.0,1.0,21.26,19.94
ramp_d,429.0,0.0,0.0,-1.0
ramp_d,430.0,0.0,0.0,-1.0
ramp_d,431.0,0.0,0.0,-1.0
ramp_d,432.0,1.0,20.21,24.73
ramp_d,433.0,0.0,0.0,-1.0
ramp_d,434.0,0.0,0.0,-1.0
ramp_d,435.0,0.0,0.0,-1.0
ramp_d,436.0,0.0,0.0,-1.0
ramp_d,437.0,0.0,0.0,-1.0
ramp_d,438.0,0.0,0.0,-1.0
ramp_d,439.0,0.0,0.0,-1.0
ramp_d,440.0,1.0,23.0,21.74
ramp_d,441.0,0.0,0.0,-1.0
ramp_d,442.0,0.0,0.0,-1.0
ramp_d,443.0,0.0,0.0,-1.0
ramp_d,444.0,1.0,17.93,27.89
ramp_d,445.0,0.0,0.0,-1.0
ramp_d,446.0,0.0,0.0,-1.0
ramp_d,447.0,0.0,0.0,-1.0
ramp_d,448.0,0.0,0.0,-1.0
ramp_d,449.0,0.0,0.0,-1.0
ramp_d,450.0,0.0,0.0,-1.0
ramp_d,451.0,0.0,0.0,-1.0
ramp_d,452.0,0.0,0.0,-1.0
ramp_d,453.0,0.0,0.0,-1.0
ramp_d,454.0,1.0,22.01,22.72
ramp_d,455.0,0.0,0.0,-1.0
ramp_d,456.0,0.0,0.0,-1.0
ramp_d,457.0,0.0,0.0,-1.0
ramp_d,458.0,0.0,0.0,-1.0
ramp_d,459.0,0.0,0.0,-1.0
ramp_d,460.0,1.0,19.98,25.03
ramp_d,461.0,0.0,0.0,-1.0
ramp_d,462.0,0.0,0.0,-1.0
ramp_d,463.0,0.0,0.0,-1.0
ramp_d,464.0,0.0,0.0,-1.0
ramp_d,465.0,0.0,0.0,-1.0
ramp_d,466.0,1.0,17.83,28.05
ramp_d,467.0,0.0,0.0,-1.0
ramp_d,468.0,0.0,0.0,-1.0
ramp_d,469.0,0.0,0.0,-1.0
ramp_d,470.0,0.0,0.0,-1.0
ramp_d,471.0,0.0,4.84,-1.0
ramp_d,472.0,1.0,10.73,32.12
ramp_d,473.0,0.0,0.0,-1.0
ramp_d,474.0,0.0,0.0,-1.0
ramp_d,475.0,0.0,0.0,-1.0
ramp_d,476.0,0.0,0.0,-1.0
ramp_d,477.0,0.0,0.0,-1.0
ramp_d,478.0,0.0,0.0,-1.0
ramp_d,479.0,1.0,16.43,30.44
ramp_d,480.0,0.0,0.0,-1.0
ramp_d,481.0,0.0,0.0,-1.0
ramp_d,482.0,0.0,0.0,-1.0
ramp_d,483.0,0.0,0.0,-1.0
ramp_d,484.0,0.0,0.0,-1.0
ramp_d,485.0,0.0,0.0,-1.0
ramp_d,486.0,1.0,15.61,32.03
ramp_d,487.0,0.0,0.0,-1.0
ramp_d,488.0,0.0,0.0,-1.0
ramp_d,489.0,0.0,0.0,-1.0
ramp_d,490.0,0.0,0.0,-1.0
ramp_d,491.0,0.0,0.0,-1.0
ramp_d,492.0,0.0,0.0,-1.0
ramp_d,493.0,0.0,0.0,-1.0
ramp_d,494.0,0.0,0.0,-1.0
ramp_d,495.0,1.0,18.8,26.6
ramp_d,496.0,0.0,0.0,-1.0
ramp_d,497.0,0.0,0.0,-1.0
ramp_d,498.0,0.0,0.0,-1.0
ramp_d,499.0,0.0,0.0,-1.0
ramp_d,500.0,0.0,0.0,-1.0
ramp_d,501.0,0.0,0.0,-1.0
ramp_d,502.0,0.0,0.0,-1.0
ramp_d,503.0,0.0,0.0,-1.0
ramp_d,504.0,0.0,0.0,-1.0
ramp_d,505.0,1.0,22.8,21.93
ramp_d,506.0,0.0,0.0,-1.0
ramp_d,507.0,0.0,0.0,-1.0
ramp_d,508.0,0.0,0.0,-1.0
ramp_d,509.0,0.0,0.0,-1.0
ramp_d,510.0,1.0,19.21,26.02
ramp_d,511.0,0.0,0.0,-1.0
ramp_d,512.0,0.0,0.0,-1.0
ramp_d,513.0,0.0,0.0,-1.0
ramp_d,514.0,0.0,0.0,-1.0
ramp_d,515.0,1.0,15.8,31.64
ramp_d,516.0,0.0,0.0,-1.0
ramp_d,517.0,0.0,0.0,-1.0
ramp_d,518.0,0.0,0.0,-1.0
ramp_d,519.0,0.0,0.0,-1.0
ramp_d,520.0,0.0,0.0,-1.0
ramp_d,521.0,0.0,0.0,-1.0
ramp_d,522.0,0.0,0.0,-1.0
ramp_d,523.0,0.0,0.0,-1.0
ramp_d,524.0,0.0,0.0,-1.0
ramp_d,525.0,0.0,7.12,-1.0
ramp_d,526.0,1.0,13.66,24.06
ramp_d,527.0,0.0,0.0,-1.0
ramp_d,528.0,0.0,0.0,-1.0
ramp_d,529.0,0.0,0.0,-1.0
ramp_d,530.0,0.0,0.0,-1.0
ramp_d,531.0,0.0,0.0,-1.0
ramp_d,532.0,1.0,19.77,25.29
ramp_d,533.0,0.0,0.0,-1.0
ramp_d,534.0,0.0,0.0,-1.0
ramp_d,535.0,0.0,0.0,-1.0
ramp_d,536.0,0.0,0.0,-1.0
ramp_d,537.0,1.0,16.23,30.81
ramp_d,538.0,0.0,0.0,-1.0
ramp_d,539.0,0.0,0.0,-1.0
ramp_d,540.0,0.0,0.0,-1.0
ramp_d,541.0,0.0,0.0,-1.0
ramp_d,542.0,0.0,0.0,-1.0
ramp_d,543.0,0.0,0.0,-1.0
ramp_d,544.0,0.0,0.0,-1.0
ramp_d,545.0,0.0,0.0,-1.0
ramp_d,546.0,0.0,0.0,-1.0
ramp_d,547.0,0.0,0.0,-1.0
ramp_d,548.0,1.0,22.0,22.72
ramp_d,549.0,0.0,0.0,-1.0
ramp_d,550.0,0.0,0.0,-1.0
ramp_d,551.0,0.0,0.0,-1.0
ramp_d,552.0,0.0,0.0,-1.0
ramp_d,553.0,0.0,0.0,-1.0
ramp_d,554.0,1.0,21.35,23.42
ramp_d,555.0,0.0,0.0,-1.0
ramp_d,556.0,0.0,0.0,-1.0
ramp_d,557.0,0.0,0.0,-1.0
ramp_d,558.0,0.0,0.0,-1.0
ramp_d,559.0,0.0,0.0,-1.0
ramp_d,560.0,0.0,0.0,-1.0
ramp_d,561.0,0.0,17.17,-1.0
ramp_d,562.0,1.0,3.68,23.99
ramp_d,563.0,0.0,0.0,-1.0
ramp_d,564.0,0.0,0.0,-1.0
ramp_d,565.0,0.0,0.0,-1.0
ramp_d,566.0,0.0,0.0,-1.0
ramp_d,567.0,0.0,0.0,-1.0
ramp_d,568.0,0.0,0.0,-1.0
ramp_d,569.0,0.0,0.0,-1.0
ramp_d,570.0,1.0,23.02,21.72
ramp_d,571.0,0.0,0.0,-1.0
ramp_d,572.0,0.0,0.0,-1.0
ramp_d,573.0,0.0,0.0,-1.0
ramp_d,574.0,0.0,0.0,-1.0
ramp_d,575.0,0.0,0.0,-1.0
ramp_d,576.0,0.0,0.0,-1.0
ramp_d,577.0,0.0,0.0,-1.0
ramp_d,578.0,0.0,0.0,-1.0
ramp_d,579.0,0.0,7.45,-1.0
ramp_d,580.0,1.0,18.58,19.21
ramp_d,581.0,0.0,0.0,-1.0
ramp_d,582.0,1.0,22.86,21.87
ramp_d,583.0,0.0,0.0,-1.0
ramp_d,584.0,0.0,0.0,-1.0
ramp_d,585.0,0.0,0.0,-1.0
ramp_d,586.0,0.0,0.0,-1.0
ramp_d,587.0,1.0,16.67,30.0
ramp_d,588.0,0.0,0.0,-1.0
ramp_d,589.0,0.0,0.0,-1.0
ramp_d,590.0,0.0,0.0,-1.0
ramp_d,591.0,0.0,0.0,-1.0
ramp_d,592.0,0.0,0.0,-1.0
ramp_d,593.0,0.0,0.0,-1.0
ramp_d,594.0,0.0,0.0,-1.0
ramp_d,595.0,0.0,0.0,-1.0
ramp_d,596.0,0.0,0.0,-1.0
ramp_d,597.0,0.0,0.0,-1.0
ramp_d,598.0,0.0,0.0,-1.0
ramp_d,599.0,1.0,23.56,21.22
ramp_d,600.0,0.0,0.0,-1.0
ramp_d,601.0,0.0,0.0,-1.0
ramp_d,602.0,0.0,0.0,-1.0
ramp_d,603.0,0.0,0.0,-1.0
ramp_d,604.0,0.0,0.0,-1.0
ramp_d,605.0,0.0,13.41,-1.0
ramp_d,606.0,1.0,8.99,22.32
ramp_d,607.0,0.0,0.0,-1.0
ramp_d,608.0,0.0,0.0,-1.0
ramp_d,609.0,0.0,0.0,-1.0
ramp_d,610.0,0.0,12.56,-1.0
ramp_d,611.0,1.0,6.05,26.86
ramp_d,612.0,0.0,0.0,-1.0
ramp_d,613.0,0.0,0.0,-1.0
ramp_d,614.0,0.0,0.0,-1.0
ramp_d,615.0,0.0,0.0,-1.0
ramp_d,616.0,0.0,0.0,-1.0
ramp_d,617.0,1.0,17.57,28.45
ramp_d,618.0,0.0,0.0,-1.0
ramp_d,619.0,0.0,0.0,-1.0
ramp_d,620.0,0.0,0.0,-1.0
ramp_d,621.0,0.0,0.0,-1.0
ramp_d,622.0,0.0,0.0,-1.0
ramp_d,623.0,0.0,0.0,-1.0
ramp_d,624.0,0.0,0.0,-1.0
ramp_d,625.0,0.0,0.0,-1.0
ramp_d,626.0,0.0,0.0,-1.0
ramp_d,627.0,0.0,0.0,-1.0
ramp_d,628.0,0.0,0.0,-1.0
ramp_d,629.0,0.0,0.0,-1.0
ramp_d,630.0,1.0,26.9,18.59
ramp_d,631.0,0.0,0.0,-1.0
ramp_d,632.0,0.0,0.0,-1.0
ramp_d,633.0,0.0,0.0,-1.0
ramp_d,634.0,0.0,0.0,-1.0
ramp_d,635.0,0.0,0.0,-1.0
ramp_d,636.0,1.0,23.65,21.15
ramp_d,637.0,0.0,0.0,-1.0
ramp_d,638.0,0.0,0.0,-1.0
ramp_d,639.0,0.0,0.0,-1.0
ramp_d,640.0,0.0,0.0,-1.0
ramp_d,641.0,0.0,14.39,-1.0
ramp_d,642.0,1.0,7.53,22.81
ramp_d,643.0,0.0,0.0,-1.0
ramp_d,644.0,0.0,0.0,-1.0
ramp_d,645.0,0.0,0.0,-1.0
ramp_d,646.0,0.0,0.0,-1.0
ramp_d,647.0,0.0,0.0,-1.0
ramp_d,648.0,0.0,0.0,-1.0
ramp_d,649.0,0.0,0.0,-1.0
ramp_d,650.0,0.0,0.0,-1.0
ramp_d,651.0,0.0,0.94,-1.0
ramp_d,652.0,1.0,25.54,18.88
ramp_d,653.0,0.0,0.0,-1.0
ramp_d,654.0,0.0,0.0,-1.0
ramp_d,655.0,0.0,0.0,-1.0
ramp_d,656.0,0.0,0.0,-1.0
ramp_d,657.0,0.0,0.0,-1.0
ramp_d,658.0,0.0,0.0,-1.0
ramp_d,659.0,0.0,0.0,-1.0
ramp_d,660.0,1.0,27.74,18.02
ramp_d,661.0,0.0,0.0,-1.0
ramp_d,662.0,0.0,0.0,-1.0
ramp_d,663.0,0.0,4.45,-1.0
ramp_d,664.0,1.0,18.6,21.69
ramp_d,665.0,0.0,0.0,-1.0
ramp_d,666.0,0.0,0.0,-1.0
ramp_d,667.0,0.0,0.0,-1.0
ramp_d,668.0,0.0,0.0,-1.0
ramp_d,669.0,1.0,19.82,25.23
ramp_d,670.0,0.0,0.0,-1.0
ramp_d,671.0,0.0,0.0,-1.0
ramp_d,672.0,0.0,0.0,-1.0
ramp_d,673.0,0.0,0.0,-1.0
ramp_d,674.0,0.0,0.0,-1.0
ramp_d,675.0,1.0,18.87,26.5
ramp_d,676.0,0.0,0.0,-1.0
ramp_d,677.0,0.0,0.0,-1.0
ramp_d,678.0,0.0,0.0,-1.0
ramp_d,679.0,0.0,0.0,-1.0
ramp_d,680.0,0.0,0.0,-1.0
ramp_d,681.0,0.0,0.0,-1.0
ramp_d,682.0,0.0,0.0,-1.0
ramp_d,683.0,0.0,0.0,-1.0
ramp_d,684.0,0.0,0.0,-1.0
ramp_d,685.0,0.0,0.0,-1.0
ramp_d,686.0,0.0,0.0,-1.0
ramp_d,687.0,0.0,0.0,-1.0
ramp_d,688.0,0.0,0.0,-1.0
ramp_d,689.0,1.0,28.24,17.7
ramp_d,690.0,0.0,0.0,-1.0
ramp_d,691.0,1.0,26.28,19.02
ramp_d,692.0,0.0,0.0,-1.0
ramp_d,693.0,0.0,0.0,-1.0
ramp_d,694.0,0.0,0.0,-1.0
ramp_d,695.0,0.0,0.0,-1.0
ramp_d,696.0,0.0,0.0,-1.0
ramp_d,697.0,1.0,19.4,25.78
ramp_d,698.0,0.0,0.0,-1.0
ramp_d,699.0,0.0,0.0,-1.0
ramp_d,700.0,0.0,0.0,-1.0
ramp_d,701.0,0.0,0.0,-1.0
ramp_d,702.0,0.0,0.0,-1.0
ramp_d,703.0,0.0,0.0,-1.0
ramp_d,704.0,0.0,0.0,-1.0
ramp_d,705.0,0.0,0.0,-1.0
ramp_d,706.0,0.0,0.0,-1.0
ramp_d,707.0,0.0,0.0,-1.0
ramp_d,708.0,0.0,22.29,-1.0
ramp_d,709.0,1.0,2.72,19.99
ramp_d,710.0,0.0,0.0,-1.0
ramp_d,711.0,0.0,0.0,-1.0
ramp_d,712.0,0.0,0.0,-1.0
ramp_d,713.0,0.0,0.0,-1.0
ramp_d,714.0,0.0,0.0,-1.0
ramp_d,715.0,1.0,24.04,20.8
ramp_d,716.0,0.0,0.0,-1.0
ramp_d,717.0,0.0,3.08,-1.0
ramp_d,718.0,1.0,16.33,25.76
ramp_d,719.0,0.0,0.0,-1.0
ramp_d,720.0,0.0,0.0,-1.0
ramp_d,721.0,0.0,0.0,-1.0
ramp_d,722.0,0.0,0.0,-1.0
ramp_d,723.0,0.0,0.0,-1.0
ramp_d,724.0,0.0,0.0,-1.0
ramp_d,725.0,0.0,0.0,-1.0
ramp_d,726.0,0.0,0.0,-1.0
ramp_d,727.0,0.0,0.0,-1.0
ramp_d,728.0,0.0,0.0,-1.0
ramp_d,729.0,1.0,23.67,21.12
ramp_d,730.0,0.0,0.0,-1.0
ramp_d,731.0,0.0,0.0,-1.0
ramp_d,732.0,1.0,20.05,24.94
ramp_d,733.0,0.0,0.0,-1.0
ramp_d,734.0,0.0,0.0,-1.0
ramp_d,735.0,0.0,0.0,-1.0
ramp_d,736.0,0.0,0.0,-1.0
ramp_d,737.0,0.0,0.0,-1.0
ramp_d,738.0,0.0,0.0,-1.0
ramp_d,739.0,0.0,0.0,-1.0
ramp_d,740.0,1.0,17.76,28.16
ramp_d,741.0,0.0,0.0,-1.0
ramp_d,742.0,0.0,0.0,-1.0
ramp_d,743.0,0.0,0.0,-1.0
ramp_d,744.0,0.0,0.0,-1.0
ramp_d,745.0,0.0,0.0,-1.0
ramp_d,746.0,1.0,17.06,29.3
ramp_d,747.0,0.0,0.0,-1.0
ramp_d,748.0,0.0,0.0,-1.0
ramp_d,749.0,0.0,0.0,-1.0
ramp_d,750.0,0.0,0.0,-1.0
ramp_d,751.0,0.0,0.0,-1.0
ramp_d,752.0,0.0,0.0,-1.0
ramp_d,753.0,0.0,0.0,-1.0
ramp_d,754.0,0.0,0.0,-1.0
ramp_d,755.0,0.0,0.0,-1.0
ramp_d,756.0,0.0,0.0,-1.0
ramp_d,757.0,0.0,0.0,-1.0
ramp_d,758.0,0.0,0.0,-1.0
ramp_d,759.0,0.0,0.0,-1.0
ramp_d,760.0,0.0,0.0,-1.0
ramp_d,761.0,1.0,27.85,17.95
ramp_d,762.0,0.0,0.0,-1.0
ramp_d,763.0,0.0,9.83,-1.0
ramp_d,764.0,1.0,13.72,21.23
ramp_d,765.0,0.0,0.0,-1.0
ramp_d,766.0,0.0,0.0,-1.0
ramp_d,767.0,1.0,18.52,27.0
ramp_d,768.0,0.0,0.0,-1.0
ramp_d,769.0,0.0,0.0,-1.0
ramp_d,770.0,0.0,0.0,-1.0
ramp_d,771.0,0.0,0.0,-1.0
ramp_d,772.0,0.0,0.0,-1.0
ramp_d,773.0,0.0,0.0,-1.0
ramp_d,774.0,0.0,0.0,-1.0
ramp_d,775.0,0.0,0.0,-1.0
ramp_d,776.0,0.0,0.0,-1.0
ramp_d,777.0,0.0,0.0,-1.0
ramp_d,778.0,0.0,0.0,-1.0
ramp_d,779.0,1.0,22.9,21.84
ramp_d,780.0,0.0,0.0,-1.0
ramp_d,781.0,0.0,0.0,-1.0
ramp_d,782.0,0.0,0.0,-1.0
ramp_d,783.0,0.0,0.0,-1.0
ramp_d,784.0,1.0,19.92,25.1
ramp_d,785.0,0.0,0.0,-1.0
ramp_d,786.0,0.0,0.0,-1.0
ramp_d,787.0,0.0,0.0,-1.0
ramp_d,788.0,0.0,0.0,-1.0
ramp_d,789.0,0.0,0.0,-1.0
ramp_d,790.0,0.0,0.0,-1.0
ramp_d,791.0,0.0,0.0,-1.0
ramp_d,792.0,0.0,0.0,-1.0
ramp_d,793.0,1.0,21.64,23.1
ramp_d,794.0,0.0,0.0,-1.0
ramp_d,795.0,0.0,0.0,-1.0
ramp_d,796.0,0.0,0.0,-1.0
ramp_d,797.0,0.0,0.0,-1.0
ramp_d,798.0,0.0,0.0,-1.0
ramp_d,799.0,0.0,0.0,-1.0
ramp_d,800.0,0.0,0.0,-1.0
ramp_d,801.0,0.0,0.0,-1.0
ramp_d,802.0,0.0,0.0,-1.0
ramp_d,803.0,1.0,26.62,18.78
ramp_d,804.0,0.0,0.0,-1.0
ramp_d,805.0,0.0,0.0,-1.0
ramp_d,806.0,0.0,0.0,-1.0
ramp_d,807.0,0.0,0.0,-1.0
ramp_d,808.0,1.0,23.77,21.03
ramp_d,809.0,0.0,0.0,-1.0
ramp_d,810.0,0.0,0.0,-1.0
ramp_d,811.0,0.0,0.0,-1.0
ramp_d,812.0,0.0,0.0,-1.0
ramp_d,813.0,1.0,19.49,25.65
ramp_d,814.0,0.0,0.0,-1.0
ramp_d,815.0,0.0,0.0,-1.0
ramp_d,816.0,0.0,0.0,-1.0
ramp_d,817.0,0.0,0.0,-1.0
ramp_d,818.0,0.0,0.0,-1.0
ramp_d,819.0,0.0,0.0,-1.0
ramp_d,820.0,0.0,0.0,-1.0
ramp_d,821.0,0.0,0.0,-1.0
ramp_d,822.0,0.0,0.0,-1.0
ramp_d,823.0,0.0,0.0,-1.0
ramp_d,824.0,1.0,25.82,19.36
ramp_d,825.0,0.0,0.0,-1.0
ramp_d,826.0,0.0,0.0,-1.0
ramp_d,827.0,0.0,0.0,-1.0
ramp_d,828.0,0.0,0.0,-1.0
ramp_d,829.0,0.0,0.0,-1.0
ramp_d,830.0,0.0,0.0,-1.0
ramp_d,831.0,0.0,0.0,-1.0
ramp_d,832.0,1.0,25.92,19.29
ramp_d,833.0,0.0,0.0,-1.0
ramp_d,834.0,0.0,0.0,-1.0
ramp_d,835.0,0.0,0.0,-1.0
ramp_d,836.0,0.0,0.0,-1.0
ramp_d,837.0,1.0,24.18,20.67
ramp_d,838.0,0.0,0.0,-1.0
ramp_d,839.0,0.0,0.0,-1.0
ramp_d,840.0,0.0,0.0,-1.0
ramp_d,841.0,0.0,0.0,-1.0
ramp_d,842.0,1.0,20.51,24.37
ramp_d,843.0,0.0,0.0,-1.0
ramp_d,844.0,0.0,0.0,-1.0
ramp_d,845.0,0.0,0.0,-1.0
ramp_d,846.0,0.0,0.0,-1.0
ramp_d,847.0,0.0,0.0,-1.0
ramp_d,848.0,0.0,0.0,-1.0
ramp_d,849.0,0.0,0.0,-1.0
ramp_d,850.0,0.0,0.0,-1.0
ramp_d,851.0,1.0,23.08,21.67
ramp_d,852.0,0.0,0.0,-1.0
ramp_d,853.0,0.0,0.0,-1.0
ramp_d,854.0,0.0,0.0,-1.0
ramp_d,855.0,0.0,0.0,-1.0
ramp_d,856.0,0.0,0.0,-1.0
ramp_d,857.0,0.0,8.61,-1.0
ramp_d,858.0,1.0,13.67,22.44
ramp_d,859.0,0.0,0.0,-1.0
ramp_d,860.0,0.0,0.0,-1.0
ramp_d,861.0,0.0,0.0,-1.0
ramp_d,862.0,0.0,0.0,-1.0
ramp_d,863.0,0.0,0.0,-1.0
ramp_d,864.0,0.0,0.0,-1.0
ramp_d,865.0,0.0,2.27,-1.0
ramp_d,866.0,1.0,21.03,21.46
ramp_d,867.0,0.0,0.0,-1.0
ramp_d,868.0,0.0,0.0,-1.0
ramp_d,869.0,0.0,0.0,-1.0
ramp_d,870.0,0.0,0.0,-1.0
ramp_d,871.0,1.0,20.44,24.46
ramp_d,872.0,0.0,0.0,-1.0
ramp_d,873.0,0.0,0.0,-1.0
ramp_d,874.0,0.0,0.0,-1.0
ramp_d,875.0,0.0,0.0,-1.0
ramp_d,876.0,1.0,17.26,28.97
ramp_d,877.0,0.0,0.0,-1.0
ramp_d,878.0,0.0,0.0,-1.0
ramp_d,879.0,0.0,0.0,-1.0
ramp_d,880.0,0.0,0.0,-1.0
ramp_d,881.0,0.0,0.0,-1.0
ramp_d,882.0,1.0,15.95,31.35
ramp_d,883.0,0.0,0.0,-1.0
ramp_d,884.0,0.0,0.0,-1.0
ramp_d,885.0,0.0,0.0,-1.0
ramp_d,886.0,0.0,0.0,-1.0
ramp_d,887.0,0.0,0.0,-1.0
ramp_d,888.0,0.0,0.0,-1.0
ramp_d,889.0,0.0,0.0,-1.0
ramp_d,890.0,0.0,4.11,-1.0
ramp_d,891.0,1.0,13.75,28.01
ramp_d,892.0,0.0,0.0,-1.0
ramp_d,893.0,0.0,0.0,-1.0
ramp_d,894.0,0.0,0.0,-1.0
ramp_d,895.0,0.0,0.0,-1.0
ramp_d,896.0,0.0,0.0,-1.0
ramp_d,897.0,1.0,16.71,29.92
ramp_d,898.0,0.0,0.0,-1.0
ramp_d,899.0,0.0,0.0,-1.0
ramp_d,900.0,0.0,0.0,-1.0
ramp_d,901.0,0.0,0.0,-1.0
ramp_d,902.0,0.0,0.0,-1.0
ramp_d,903.0,0.0,0.0,-1.0
ramp_d,904.0,1.0,16.25,30.78
ramp_d,905.0,0.0,0.0,-1.0
ramp_d,906.0,0.0,0.0,-1.0
ramp_d,907.0,0.0,0.0,-1.0
ramp_d,908.0,0.0,0.0,-1.0
ramp_d,909.0,0.0,0.0,-1.0
ramp_d,910.0,0.0,0.0,-1.0
ramp_d,911.0,0.0,0.0,-1.0
ramp_d,912.0,1.0,17.77,28.14
ramp_d,913.0,0.0,0.0,-1.0
ramp_d,914.0,0.0,0.0,-1.0
ramp_d,915.0,0.0,0.0,-1.0
ramp_d,916.0,0.0,0.0,-1.0
ramp_d,917.0,0.0,0.0,-1.0
ramp_d,918.0,0.0,0.0,-1.0
ramp_d,919.0,0.0,0.0,-1.0
ramp_d,920.0,0.0,0.0,-1.0
ramp_d,921.0,0.0,0.0,-1.0
ramp_d,922.0,0.0,0.0,-1.0
ramp_d,923.0,0.0,0.0,-1.0
ramp_d,924.0,1.0,24.49,20.42
ramp_d,925.0,0.0,0.0,-1.0
ramp_d,926.0,1.0,20.8,24.04
ramp_d,927.0,0.0,0.0,-1.0
ramp_d,928.0,0.0,0.0,-1.0
ramp_d,929.0,0.0,0.0,-1.0
ramp_d,930.0,0.0,0.0,-1.0
ramp_d,931.0,0.0,0.0,-1.0
ramp_d,932.0,0.0,0.0,-1.0
ramp_d,933.0,0.0,0.0,-1.0
ramp_d,934.0,0.0,0.0,-1.0
ramp_d,935.0,1.0,19.29,25.92
ramp_d,936.0,0.0,0.0,-1.0
ramp_d,937.0,0.0,0.0,-1.0
ramp_d,938.0,0.0,0.0,-1.0
ramp_d,939.0,0.0,0.0,-1.0
ramp_d,940.0,0.0,0.0,-1.0
ramp_d,941.0,0.0,0.0,-1.0
ramp_d,942.0,0.0,0.0,-1.0
ramp_d,943.0,1.0,20.73,24.12
ramp_d,944.0,0.0,0.0,-1.0
ramp_d,945.0,0.0,0.0,-1.0
ramp_d,946.0,0.0,0.0,-1.0
ramp_d,947.0,0.0,0.0,-1.0
ramp_d,948.0,0.0,0.0,-1.0
ramp_d,949.0,1.0,18.76,26.65
ramp_d,950.0,0.0,0.0,-1.0
ramp_d,951.0,0.0,0.0,-1.0
ramp_d,952.0,0.0,0.0,-1.0
ramp_d,953.0,0.0,0.0,-1.0
ramp_d,954.0,0.0,0.0,-1.0
ramp_d,955.0,1.0,16.73,29.88
ramp_d,956.0,0.0,0.0,-1.0
ramp_d,957.0,0.0,0.0,-1.0
ramp_d,958.0,0.0,0.0,-1.0
ramp_d,959.0,0.0,0.0,-1.0
ramp_d,960.0,0.0,0.0,-1.0
ramp_d,961.0,0.0,0.0,-1.0
ramp_d,962.0,0.0,0.0,-1.0
ramp_d,963.0,0.0,0.0,-1.0
ramp_d,964.0,1.0,19.93,25.08
ramp_d,965.0,0.0,0.0,-1.0
ramp_d,966.0,0.0,0.0,-1.0
ramp_d,967.0,0.0,0.0,-1.0
ramp_d,968.0,0.0,0.0,-1.0
ramp_d,969.0,0.0,0.0,-1.0
ramp_d,970.0,0.0,0.0,-1.0
ramp_d,971.0,0.0,0.0,-1.0
ramp_d,972.0,0.0,0.0,-1.0
ramp_d,973.0,1.0,22.14,22.58
ramp_d,974.0,0.0,0.0,-1.0
ramp_d,975.0,0.0,0.0,-1.0
ramp_d,976.0,0.0,0.0,-1.0
ramp_d,977.0,0.0,0.0,-1.0
ramp_d,978.0,0.0,0.0,-1.0
ramp_d,979.0,0.0,0.0,-1.0
ramp_d,980.0,0.0,0.0,-1.0
ramp_d,981.0,0.0,0.0,-1.0
ramp_d,982.0,1.0,25.1,19.92
ramp_d,983.0,0.0,0.0,-1.0
ramp_d,984.0,0.0,0.0,-1.0
ramp_d,985.0,0.0,0.0,-1.0
ramp_d,986.0,1.0,20.76,24.08
ramp_d,987.0,0.0,0.0,-1.0
ramp_d,988.0,0.0,0.0,-1.0
ramp_d,989.0,0.0,0.0,-1.0
ramp_d,990.0,0.0,0.0,-1.0
ramp_d,991.0,0.0,0.0,-1.0
ramp_d,992.0,0.0,0.0,-1.0
ramp_d,993.0,1.0,20.33,24.6
ramp_d,994.0,0.0,0.0,-1.0
ramp_d,995.0,0.0,0.0,-1.0
ramp_d,996.0,0.0,0.0,-1.0
ramp_d,997.0,0.0,0.0,-1.0
ramp_d,998.0,0.0,2.4,-1.0
ramp_d,999.0,1.0,15.46,27.98
ramp_d,1000.0,0.0,0.0,-1.0
ramp_d,1001.0,0.0,0.0,-1.0
ramp_d,1002.0,0.0,0.0,-1.0
ramp_d,1003.0,0.0,0.0,-1.0
ramp_d,1004.0,0.0,0.0,-1.0
ramp_d,1005.0,0.0,0.0,-1.0
ramp_d,1006.0,1.0,17.76,28.15
ramp_d,1007.0,0.0,0.0,-1.0
ramp_d,1008.0,0.0,0.0,-1.0
ramp_d,1009.0,0.0,0.0,-1.0
ramp_d,1010.0,0.0,0.0,-1.0
ramp_d,1011.0,0.0,0.0,-1.0
ramp_d,1012.0,0.0,0.0,-1.0
ramp_d,1013.0,0.0,0.0,-1.0
ramp_d,1014.0,1.0,19.3,25.91
ramp_d,1015.0,0.0,0.0,-1.0
ramp_d,1016.0,0.0,0.0,-1.0
ramp_d,1017.0,0.0,0.0,-1.0
ramp_d,1018.0,0.0,0.0,-1.0
ramp_d,1019.0,0.0,0.0,-1.0
ramp_d,1020.0,0.0,0.0,-1.0
ramp_d,1021.0,0.0,0.0,-1.0
ramp_d,1022.0,0.0,0.0,-1.0
ramp_d,1023.0,1.0,22.54,22.19
ramp_d,1024.0,0.0,0.0,-1.0
ramp_d,1025.0,0.0,0.0,-1.0
ramp_d,1026.0,0.0,0.66,-1.0
ramp_d,1027.0,1.0,16.78,28.67
ramp_d,1028.0,0.0,0.0,-1.0
ramp_d,1029.0,0.0,0.0,-1.0
ramp_d,1030.0,0.0,0.0,-1.0
ramp_d,1031.0,0.0,0.0,-1.0
ramp_d,1032.0,0.0,0.0,-1.0
ramp_d,1033.0,0.0,0.0,-1.0
ramp_d,1034.0,0.0,0.0,-1.0
ramp_d,1035.0,0.0,0.0,-1.0
ramp_d,1036.0,0.0,0.0,-1.0
ramp_d,1037.0,0.0,0.0,-1.0
ramp_d,1038.0,1.0,22.85,21.88
ramp_d,1039.0,0.0,0.0,-1.0
ramp_d,1040.0,0.0,0.0,-1.0
ramp_d,1041.0,0.0,0.0,-1.0
ramp_d,1042.0,1.0,17.91,27.92
ramp_d,1043.0,0.0,0.0,-1.0
ramp_d,1044.0,0.0,0.0,-1.0
ramp_d,1045.0,0.0,0.0,-1.0
ramp_d,1046.0,0.0,0.0,-1.0
ramp_d,1047.0,0.0,0.0,-1.0
ramp_d,1048.0,0.0,0.0,-1.0
ramp_d,1049.0,0.0,0.0,-1.0
ramp_d,1050.0,0.0,0.0,-1.0
ramp_d,1051.0,0.0,0.0,-1.0
ramp_d,1052.0,0.0,0.0,-1.0
ramp_d,1053.0,1.0,23.76,21.04
ramp_d,1054.0,0.0,0.0,-1.0
ramp_d,1055.0,0.0,0.0,-1.0
ramp_d,1056.0,0.0,0.0,-1.0
ramp_d,1057.0,0.0,0.0,-1.0
ramp_d,1058.0,1.0,20.85,23.99
ramp_d,1059.0,0.0,0.0,-1.0
ramp_d,1060.0,0.0,0.0,-1.0
ramp_d,1061.0,0.0,0.0,-1.0
ramp_d,1062.0,0.0,0.0,-1.0
ramp_d,1063.0,0.0,0.0,-1.0
ramp_d,1064.0,0.0,0.0,-1.0
ramp_d,1065.0,0.0,0.0,-1.0
ramp_d,1066.0,0.0,0.0,-1.0
ramp_d,1067.0,0.0,0.0,-1.0
ramp_d,1068.0,1.0,24.12,20.73
ramp_d,1069.0,0.0,0.0,-1.0
ramp_d,1070.0,0.0,0.0,-1.0
ramp_d,1071.0,1.0,19.44,25.71
ramp_d,1072.0,0.0,0.0,-1.0
ramp_d,1073.0,0.0,0.0,-1.0
ramp_d,1074.0,0.0,0.0,-1.0
ramp_d,1075.0,0.0,0.0,-1.0
ramp_d,1076.0,0.0,0.0,-1.0
ramp_d,1077.0,0.0,0.0,-1.0
ramp_d,1078.0,0.0,0.0,-1.0
ramp_d,1079.0,0.0,0.0,-1.0
ramp_d,1080.0,0.0,0.0,-1.0
ramp_d,1081.0,1.0,21.87,22.86
ramp_d,1082.0,0.0,0.0,-1.0
ramp_d,1083.0,0.0,0.0,-1.0
ramp_d,1084.0,1.0,17.06,29.3
ramp_d,1085.0,0.0,0.0,-1.0
ramp_d,1086.0,0.0,0.0,-1.0
ramp_d,1087.0,0.0,0.0,-1.0
ramp_d,1088.0,0.0,0.0,-1.0
ramp_d,1089.0,0.0,0.0,-1.0
ramp_d,1090.0,0.0,0.0,-1.0
ramp_d,1091.0,0.0,0.0,-1.0
ramp_d,1092.0,0.0,0.0,-1.0
ramp_d,1093.0,1.0,19.53,25.6
ramp_d,1094.0,0.0,0.0,-1.0
ramp_d,1095.0,0.0,0.0,-1.0
ramp_d,1096.0,0.0,0.0,-1.0
ramp_d,1097.0,0.0,0.0,-1.0
ramp_d,1098.0,0.0,0.0,-1.0
ramp_d,1099.0,0.0,0.0,-1.0
ramp_d,1100.0,1.0,18.41,27.15
ramp_d,1101.0,0.0,0.0,-1.0
ramp_d,1102.0,0.0,0.0,-1.0
ramp_d,1103.0,0.0,0.0,-1.0
ramp_d,1104.0,0.0,0.0,-1.0
ramp_d,1105.0,0.0,0.0,-1.0
ramp_d,1106.0,0.0,0.0,-1.0
ramp_d,1107.0,0.0,16.16,-1.0
ramp_d,1108.0,1.0,2.77,26.41
ramp_d,1109.0,0.0,0.0,-1.0
ramp_d,1110.0,0.0,0.0,-1.0
ramp_d,1111.0,0.0,0.0,-1.0
ramp_d,1112.0,0.0,0.0,-1.0
ramp_d,1113.0,1.0,15.99,31.26
ramp_d,1114.0,0.0,0.0,-1.0
ramp_d,1115.0,0.0,0.0,-1.0
ramp_d,1116.0,0.0,0.0,-1.0
ramp_d,1117.0,0.0,0.0,-1.0
ramp_d,1118.0,0.0,0.0,-1.0
ramp_d,1119.0,0.0,0.0,-1.0
ramp_d,1120.0,0.0,0.0,-1.0
ramp_d,1121.0,0.0,0.0,-1.0
ramp_d,1122.0,0.0,0.0,-1.0
ramp_d,1123.0,1.0,21.21,23.57
ramp_d,1124.0,0.0,0.0,-1.0
ramp_d,1125.0,0.0,0.0,-1.0
ramp_d,1126.0,0.0,0.0,-1.0
ramp_d,1127.0,0.0,0.0,-1.0
ramp_d,1128.0,0.0,0.0,-1.0
ramp_d,1129.0,0.0,0.0,-1.0
ramp_d,1130.0,0.0,0.0,-1.0
ramp_d,1131.0,1.0,22.24,22.48
ramp_d,1132.0,0.0,0.0,-1.0
ramp_d,1133.0,0.0,0.0,-1.0
ramp_d,1134.0,0.0,0.0,-1.0
ramp_d,1135.0,0.0,0.0,-1.0
ramp_d,1136.0,0.0,0.0,-1.0
ramp_d,1137.0,0.0,0.0,-1.0
ramp_d,1138.0,0.0,18.26,-1.0
ramp_d,1139.0,1.0,3.83,22.63
ramp_d,1140.0,0.0,0.0,-1.0
ramp_d,1141.0,0.0,0.0,-1.0
ramp_d,1142.0,0.0,0.0,-1.0
ramp_d,1143.0,0.0,0.0,-1.0
ramp_d,1144.0,0.0,0.0,-1.0
ramp_d,1145.0,0.0,0.0,-1.0
ramp_d,1146.0,0.0,0.0,-1.0
ramp_d,1147.0,0.0,0.0,-1.0
ramp_d,1148.0,0.0,0.0,-1.0
ramp_d,1149.0,1.0,27.5,18.18
ramp_d,1150.0,0.0,0.0,-1.0
ramp_d,1151.0,1.0,22.48,22.24
ramp_d,1152.0,0.0,0.0,-1.0
ramp_d,1153.0,0.0,0.0,-1.0
ramp_d,1154.0,0.0,0.0,-1.0
ramp_d,1155.0,0.0,0.0,-1.0
ramp_d,1156.0,0.0,0.0,-1.0
ramp_d,1157.0,0.0,0.0,-1.0
ramp_d,1158.0,0.0,0.0,-1.0
ramp_d,1159.0,0.0,0.0,-1.0
ramp_d,1160.0,0.0,0.0,-1.0
ramp_d,1161.0,0.0,0.0,-1.0
ramp_d,1162.0,0.0,0.0,-1.0
ramp_d,1163.0,1.0,26.76,18.69
ramp_d,1164.0,0.0,0.0,-1.0
ramp_d,1165.0,1.0,23.79,21.01
ramp_d,1166.0,0.0,0.0,-1.0
ramp_d,1167.0,0.0,0.0,-1.0
ramp_d,1168.0,0.0,0.0,-1.0
ramp_d,1169.0,0.0,0.0,-1.0
ramp_d,1170.0,1.0,16.12,31.02
ramp_d,1171.0,0.0,0.0,-1.0
ramp_d,1172.0,0.0,0.0,-1.0
ramp_d,1173.0,0.0,0.0,-1.0
ramp_d,1174.0,0.0,0.0,-1.0
ramp_d,1175.0,0.0,0.0,-1.0
ramp_d,1176.0,0.0,0.0,-1.0
ramp_d,1177.0,1.0,16.07,31.11
ramp_d,1178.0,0.0,0.0,-1.0
ramp_d,1179.0,0.0,0.0,-1.0
ramp_d,1180.0,0.0,0.0,-1.0
ramp_d,1181.0,0.0,0.0,-1.0
ramp_d,1182.0,0.0,0.0,-1.0
ramp_d,1183.0,0.0,0.0,-1.0
ramp_d,1184.0,0.0,0.0,-1.0
ramp_d,1185.0,0.0,0.0,-1.0
ramp_d,1186.0,0.0,0.0,-1.0
ramp_d,1187.0,1.0,19.31,25.89
ramp_d,1188.0,0.0,0.0,-1.0
ramp_d,1189.0,0.0,0.0,-1.0
ramp_d,1190.0,0.0,0.0,-1.0
ramp_d,1191.0,0.0,0.0,-1.0
ramp_d,1192.0,0.0,0.0,-1.0
ramp_d,1193.0,0.0,0.0,-1.0
ramp_d,1194.0,0.0,0.0,-1.0
ramp_d,1195.0,0.0,0.0,-1.0
ramp_d,1196.0,0.0,0.0,-1.0
ramp_d,1197.0,0.0,11.92,-1.0
ramp_d,1198.0,1.0,12.49,20.49
ramp_d,1199.0,0.0,0.0,-1.0
ramp_d,1200.0,0.0,0.0,-1.0
ramp_d,1201.0,0.0,0.0,-1.0
ramp_d,1202.0,0.0,0.0,-1.0
ramp_d,1203.0,0.0,0.0,-1.0
ramp_d,1204.0,0.0,0.0,-1.0
ramp_d,1205.0,1.0,25.57,19.56
ramp_d,1206.0,0.0,0.0,-1.0
ramp_d,1207.0,0.0,0.0,-1.0
ramp_d,1208.0,0.0,0.0,-1.0
ramp_d,1209.0,0.0,0.0,-1.0
ramp_d,1210.0,0.0,4.25,-1.0
ramp_d,1211.0,1.0,18.25,22.22
ramp_d,1212.0,0.0,0.0,-1.0
ramp_d,1213.0,0.0,0.0,-1.0
ramp_d,1214.0,1.0,17.05,29.33
ramp_d,1215.0,0.0,0.0,-1.0
ramp_d,1216.0,0.0,0.0,-1.0
ramp_d,1217.0,0.0,0.0,-1.0
ramp_d,1218.0,0.0,0.0,-1.0
ramp_d,1219.0,0.0,0.0,-1.0
ramp_d,1220.0,0.0,0.0,-1.0
ramp_d,1221.0,0.0,0.0,-1.0
ramp_d,1222.0,0.0,0.0,-1.0
ramp_d,1223.0,0.0,0.0,-1.0
ramp_d,1224.0,1.0,21.09,23.71
ramp_d,1225.0,0.0,0.0,-1.0
ramp_d,1226.0,0.0,0.0,-1.0
ramp_d,1227.0,0.0,0.0,-1.0
ramp_d,1228.0,0.0,0.0,-1.0
ramp_d,1229.0,0.0,0.0,-1.0
ramp_d,1230.0,0.0,0.0,-1.0
ramp_d,1231.0,1.0,20.7,24.15
ramp_d,1232.0,0.0,0.0,-1.0
ramp_d,1233.0,0.0,0.0,-1.0
ramp_d,1234.0,0.0,0.0,-1.0
ramp_d,1235.0,0.0,0.0,-1.0
ramp_d,1236.0,0.0,0.0,-1.0
ramp_d,1237.0,0.0,12.28,-1.0
ramp_d,1238.0,1.0,7.74,24.98
ramp_d,1239.0,0.0,0.0,-1.0
ramp_d,1240.0,0.0,0.0,-1.0
ramp_d,1241.0,0.0,0.0,-1.0
ramp_d,1242.0,0.0,0.0,-1.0
ramp_d,1243.0,0.0,0.0,-1.0
ramp_d,1244.0,0.0,0.0,-1.0
ramp_d,1245.0,0.0,15.64,-1.0
ramp_d,1246.0,1.0,5.16,24.04
ramp_d,1247.0,0.0,0.0,-1.0
ramp_d,1248.0,0.0,0.0,-1.0
ramp_d,1249.0,0.0,0.0,-1.0
ramp_d,1250.0,0.0,0.0,-1.0
ramp_d,1251.0,0.0,0.0,-1.0
ramp_d,1252.0,0.0,0.0,-1.0
ramp_d,1253.0,0.0,0.0,-1.0
ramp_d,1254.0,0.0,7.87,-1.0
ramp_d,1255.0,1.0,15.7,21.21
ramp_d,1256.0,0.0,0.0,-1.0
ramp_d,1257.0,0.0,0.0,-1.0
ramp_d,1258.0,0.0,0.0,-1.0
ramp_d,1259.0,0.0,0.0,-1.0
ramp_d,1260.0,0.0,0.0,-1.0
ramp_d,1261.0,0.0,0.0,-1.0
ramp_d,1262.0,0.0,0.0,-1.0
ramp_d,1263.0,0.0,0.0,-1.0
ramp_d,1264.0,0.0,0.0,-1.0
ramp_d,1265.0,1.0,28.44,17.58
ramp_d,1266.0,0.0,0.0,-1.0
ramp_d,1267.0,1.0,25.32,19.75
ramp_d,1268.0,0.0,0.0,-1.0
ramp_d,1269.0,0.0,0.0,-1.0
ramp_d,1270.0,0.0,0.0,-1.0
ramp_d,1271.0,0.0,0.0,-1.0
ramp_d,1272.0,0.0,0.0,-1.0
ramp_d,1273.0,0.0,0.0,-1.0
ramp_d,1274.0,1.0,20.84,23.99
ramp_d,1275.0,0.0,0.0,-1.0
ramp_d,1276.0,0.0,0.0,-1.0
ramp_d,1277.0,0.0,0.0,-1.0
ramp_d,1278.0,0.0,0.0,-1.0
ramp_d,1279.0,0.0,0.0,-1.0
ramp_d,1280.0,0.0,0.0,-1.0
ramp_d,1281.0,0.0,0.0,-1.0
ramp_d,1282.0,0.0,0.0,-1.0
ramp_d,1283.0,0.0,0.0,-1.0
ramp_d,1284.0,0.0,0.0,-1.0
ramp_d,1285.0,0.0,0.0,-1.0
ramp_d,1286.0,1.0,27.26,18.34
ramp_d,1287.0,0.0,0.0,-1.0
ramp_d,1288.0,0.0,19.44,-1.0
ramp_d,1289.0,1.0,3.12,22.16
ramp_d,1290.0,0.0,0.0,-1.0
ramp_d,1291.0,0.0,0.0,-1.0
ramp_d,1292.0,0.0,0.0,-1.0
ramp_d,1293.0,0.0,0.0,-1.0
ramp_d,1294.0,0.0,0.0,-1.0
ramp_d,1295.0,0.0,0.0,-1.0
ramp_d,1296.0,1.0,20.92,23.9
ramp_d,1297.0,0.0,0.0,-1.0
ramp_d,1298.0,0.0,0.0,-1.0
ramp_d,1299.0,0.0,0.0,-1.0
ramp_d,1300.0,0.0,0.0,-1.0
ramp_d,1301.0,1.0,18.09,27.64
ramp_d,1302.0,0.0,0.0,-1.0
ramp_d,1303.0,0.0,0.0,-1.0
ramp_d,1304.0,0.0,0.0,-1.0
ramp_d,1305.0,0.0,0.0,-1.0
ramp_d,1306.0,0.0,0.0,-1.0
ramp_d,1307.0,0.0,0.0,-1.0
ramp_d,1308.0,0.0,0.0,-1.0
ramp_d,1309.0,0.0,0.0,-1.0
ramp_d,1310.0,0.0,0.0,-1.0
ramp_d,1311.0,0.0,0.0,-1.0
ramp_d,1312.0,0.0,0.0,-1.0
ramp_d,1313.0,1.0,25.57,19.56
ramp_d,1314.0,0.0,0.0,-1.0
ramp_d,1315.0,0.0,0.0,-1.0
ramp_d,1316.0,0.0,0.0,-1.0
ramp_d,1317.0,0.0,0.0,-1.0
ramp_d,1318.0,0.0,0.0,-1.0
ramp_d,1319.0,1.0,22.4,22.32
ramp_d,1320.0,0.0,0.0,-1.0
ramp_d,1321.0,0.0,0.0,-1.0
ramp_d,1322.0,0.0,0.0,-1.0
ramp_d,1323.0,1.0,18.49,27.04
ramp_d,1324.0,0.0,0.0,-1.0
ramp_d,1325.0,0.0,0.0,-1.0
ramp_d,1326.0,0.0,0.0,-1.0
ramp_d,1327.0,0.0,0.0,-1.0
ramp_d,1328.0,0.0,0.0,-1.0
ramp_d,1329.0,1.0,15.94,31.38
ramp_d,1330.0,0.0,0.0,-1.0
ramp_d,1331.0,0.0,0.0,-1.0
ramp_d,1332.0,0.0,0.0,-1.0
ramp_d,1333.0,0.0,0.0,-1.0
ramp_d,1334.0,0.0,0.0,-1.0
ramp_d,1335.0,0.0,0.0,-1.0
ramp_d,1336.0,0.0,0.0,-1.0
ramp_d,1337.0,0.0,0.0,-1.0
ramp_d,1338.0,0.0,0.0,-1.0
ramp_d,1339.0,0.0,0.0,-1.0
ramp_d,1340.0,1.0,21.57,23.18
ramp_d,1341.0,0.0,0.0,-1.0
ramp_d,1342.0,0.0,0.0,-1.0
ramp_d,1343.0,1.0,17.35,28.82
ramp_d,1344.0,0.0,0.0,-1.0
ramp_d,1345.0,0.0,0.0,-1.0
ramp_d,1346.0,0.0,0.0,-1.0
ramp_d,1347.0,0.0,0.0,-1.0
ramp_d,1348.0,0.0,0.0,-1.0
ramp_d,1349.0,0.0,0.0,-1.0
ramp_d,1350.0,0.0,0.0,-1.0
ramp_d,1351.0,0.0,13.88,-1.0
ramp_d,1352.0,1.0,3.9,28.12
ramp_d,1353.0,0.0,0.0,-1.0
ramp_d,1354.0,0.0,0.0,-1.0
ramp_d,1355.0,0.0,0.0,-1.0
ramp_d,1356.0,0.0,0.0,-1.0
ramp_d,1357.0,0.0,0.0,-1.0
ramp_d,1358.0,0.0,0.0,-1.0
ramp_d,1359.0,0.0,17.8,-1.0
ramp_d,1360.0,1.0,1.51,25.9
ramp_d,1361.0,0.0,0.0,-1.0
ramp_d,1362.0,0.0,0.0,-1.0
ramp_d,1363.0,0.0,0.0,-1.0
ramp_d,1364.0,0.0,0.0,-1.0
ramp_d,1365.0,0.0,0.0,-1.0
ramp_d,1366.0,0.0,0.0,-1.0
ramp_d,1367.0,0.0,0.0,-1.0
ramp_d,1368.0,0.0,8.8,-1.0
ramp_d,1369.0,1.0,12.72,23.23
ramp_d,1370.0,0.0,0.0,-1.0
ramp_d,1371.0,0.0,0.0,-1.0
ramp_d,1372.0,0.0,0.0,-1.0
ramp_d,1373.0,0.0,0.0,-1.0
ramp_d,1374.0,0.0,17.46,-1.0
ramp_d,1375.0,1.0,2.54,25.0
ramp_d,1376.0,0.0,0.0,-1.0
ramp_d,1377.0,0.0,0.0,-1.0
ramp_d,1378.0,0.0,0.0,-1.0
ramp_d,1379.0,0.0,0.0,-1.0
ramp_d,1380.0,0.0,0.0,-1.0
ramp_d,1381.0,0.0,0.0,-1.0
ramp_d,1382.0,0.0,0.0,-1.0
ramp_d,1383.0,1.0,22.93,21.81
ramp_d,1384.0,0.0,0.0,-1.0
ramp_d,1385.0,0.0,0.0,-1.0
ramp_d,1386.0,0.0,0.0,-1.0
ramp_d,1387.0,0.0,0.0,-1.0
ramp_d,1388.0,0.0,0.0,-1.0
ramp_d,1389.0,0.0,0.0,-1.0
ramp_d,1390.0,0.0,1.26,-1.0
ramp_d,1391.0,1.0,20.88,22.59
ramp_d,1392.0,0.0,0.0,-1.0
ramp_d,1393.0,0.0,0.0,-1.0
ramp_d,1394.0,0.0,0.0,-1.0
ramp_d,1395.0,0.0,0.0,-1.0
ramp_d,1396.0,1.0,20.12,24.85
ramp_d,1397.0,0.0,0.0,-1.0
ramp_d,1398.0,0.0,0.0,-1.0
ramp_d,1399.0,0.0,0.0,-1.0
ramp_d,1400.0,0.0,0.0,-1.0
ramp_d,1401.0,1.0,16.21,30.84
ramp_d,1402.0,0.0,0.0,-1.0
ramp_d,1403.0,0.0,0.0,-1.0
ramp_d,1404.0,0.0,0.0,-1.0
ramp_d,1405.0,0.0,0.0,-1.0
ramp_d,1406.0,0.0,0.0,-1.0
ramp_d,1407.0,0.0,0.0,-1.0
ramp_d,1408.0,0.0,0.0,-1.0
ramp_d,1409.0,0.0,13.69,-1.0
ramp_d,1410.0,1.0,4.7,27.19
ramp_d,1411.0,0.0,0.0,-1.0
ramp_d,1412.0,0.0,0.0,-1.0
ramp_d,1413.0,0.0,0.0,-1.0
ramp_d,1414.0,0.0,0.0,-1.0
ramp_d,1415.0,0.0,0.0,-1.0
ramp_d,1416.0,0.0,0.0,-1.0
ramp_d,1417.0,0.0,0.0,-1.0
ramp_d,1418.0,0.0,0.0,-1.0
ramp_d,1419.0,0.0,0.0,-1.0
ramp_d,1420.0,0.0,22.09,-1.0
ramp_d,1421.0,1.0,1.94,20.8
ramp_d,1422.0,0.0,0.0,-1.0
ramp_d,1423.0,1.0,20.23,24.71
ramp_d,1424.0,0.0,0.0,-1.0
ramp_d,1425.0,0.0,0.0,-1.0
ramp_d,1426.0,0.0,0.0,-1.0
ramp_d,1427.0,0.0,0.0,-1.0
ramp_d,1428.0,0.0,0.0,-1.0
ramp_d,1429.0,0.0,0.0,-1.0
ramp_d,1430.0,0.0,0.0,-1.0
ramp_d,1431.0,0.0,0.0,-1.0
ramp_d,1432.0,1.0,20.45,24.45
ramp_d,1433.0,0.0,0.0,-1.0
ramp_d,1434.0,0.0,0.0,-1.0
ramp_d,1435.0,0.0,0.0,-1.0
ramp_d,1436.0,0.0,0.0,-1.0
ramp_d,1437.0,0.0,0.0,-1.0
ramp_d,1438.0,0.0,0.0,-1.0
ramp_d,1439.0,1.0,19.83,25.21
ramp_d,1440.0,0.0,0.0,-1.0
ramp_d,1441.0,0.0,0.0,-1.0
ramp_d,1442.0,0.0,0.0,-1.0
ramp_d,1443.0,0.0,0.0,-1.0
ramp_d,1444.0,0.0,0.0,-1.0
ramp_d,1445.0,0.0,0.0,-1.0
ramp_d,1446.0,0.0,2.37,-1.0
ramp_d,1447.0,1.0,17.55,25.11
ramp_d,1448.0,0.0,0.0,-1.0
ramp_d,1449.0,0.0,0.0,-1.0
ramp_d,1450.0,0.0,0.0,-1.0
ramp_d,1451.0,0.0,0.0,-1.0
ramp_d,1452.0,1.0,17.06,29.3
ramp_d,1453.0,0.0,0.0,-1.0
ramp_d,1454.0,0.0,0.0,-1.0
ramp_d,1455.0,0.0,0.0,-1.0
ramp_d,1456.0,0.0,0.0,-1.0
ramp_d,1457.0,0.0,0.0,-1.0
ramp_d,1458.0,0.0,0.0,-1.0
ramp_d,1459.0,1.0,16.98,29.45
ramp_d,1460.0,0.0,0.0,-1.0
ramp_d,1461.0,0.0,0.0,-1.0
ramp_d,1462.0,0.0,0.0,-1.0
ramp_d,1463.0,0.0,0.0,-1.0
ramp_d,1464.0,0.0,0.0,-1.0
ramp_d,1465.0,0.0,0.0,-1.0
ramp_d,1466.0,0.0,0.0,-1.0
ramp_d,1467.0,0.0,0.0,-1.0
ramp_d,1468.0,0.0,8.04,-1.0
ramp_d,1469.0,1.0,12.85,23.94
ramp_d,1470.0,0.0,0.0,-1.0
ramp_d,1471.0,0.0,0.0,-1.0
ramp_d,1472.0,0.0,0.0,-1.0
ramp_d,1473.0,0.0,0.0,-1.0
ramp_d,1474.0,0.0,0.0,-1.0
ramp_d,1475.0,0.0,0.0,-1.0
ramp_d,1476.0,0.0,0.0,-1.0
ramp_d,1477.0,1.0,21.73,23.01
ramp_d,1478.0,0.0,0.0,-1.0
ramp_d,1479.0,0.0,0.0,-1.0
ramp_d,1480.0,0.0,0.0,-1.0
ramp_d,1481.0,0.0,0.0,-1.0
ramp_d,1482.0,0.0,0.0,-1.0
ramp_d,1483.0,0.0,0.0,-1.0
ramp_d,1484.0,0.0,0.0,-1.0
ramp_d,1485.0,0.0,0.0,-1.0
ramp_d,1486.0,0.0,0.0,-1.0
ramp_d,1487.0,1.0,26.87,18.61
ramp_d,1488.0,0.0,0.0,-1.0
ramp_d,1489.0,0.0,0.0,-1.0
ramp_d,1490.0,0.0,0.0,-1.0
ramp_d,1491.0,0.0,0.0,-1.0
ramp_d,1492.0,0.0,0.0,-1.0
ramp_d,1493.0,0.0,0.0,-1.0
ramp_d,1494.0,0.0,0.0,-1.0
ramp_d,1495.0,1.0,28.19,17.74
ramp_d,1496.0,0.0,0.0,-1.0
ramp_d,1497.0,1.0,25.83,19.36
ramp_d,1498.0,0.0,0.0,-1.0
ramp_d,1499.0,0.0,0.0,-1.0
ramp_d,1500.0,0.0,0.0,-1.0
ramp_d,1501.0,0.0,0.0,-1.0
ramp_d,1502.0,0.0,0.0,-1.0
ramp_d,1503.0,0.0,0.0,-1.0
ramp_d,1504.0,0.0,0.0,-1.0
ramp_d,1505.0,1.0,21.2,23.59
ramp_d,1506.0,0.0,0.0,-1.0
ramp_d,1507.0,0.0,0.0,-1.0
ramp_d,1508.0,0.0,0.82,-1.0
ramp_d,1509.0,1.0,14.78,32.06
ramp_d,1510.0,0.0,0.0,-1.0
ramp_d,1511.0,0.0,0.0,-1.0
ramp_d,1512.0,0.0,0.0,-1.0
ramp_d,1513.0,0.0,0.0,-1.0
ramp_d,1514.0,0.0,0.0,-1.0
ramp_d,1515.0,0.0,0.0,-1.0
ramp_d,1516.0,0.0,0.0,-1.0
ramp_d,1517.0,1.0,18.07,27.67
ramp_d,1518.0,0.0,0.0,-1.0
ramp_d,1519.0,0.0,0.0,-1.0
ramp_d,1520.0,0.0,0.0,-1.0
ramp_d,1521.0,0.0,0.0,-1.0
ramp_d,1522.0,0.0,0.0,-1.0
ramp_d,1523.0,0.0,0.0,-1.0
ramp_d,1524.0,1.0,17.3,28.91
ramp_d,1525.0,0.0,0.0,-1.0
ramp_d,1526.0,0.0,0.0,-1.0
ramp_d,1527.0,0.0,0.0,-1.0
ramp_d,1528.0,0.0,0.0,-1.0
ramp_d,1529.0,0.0,0.0,-1.0
ramp_d,1530.0,0.0,0.0,-1.0
ramp_d,1531.0,0.0,0.0,-1.0
ramp_d,1532.0,0.0,0.0,-1.0
ramp_d,1533.0,0.0,0.0,-1.0
ramp_d,1534.0,0.0,0.0,-1.0
ramp_d,1535.0,1.0,22.54,22.18
ramp_d,1536.0,0.0,0.0,-1.0
ramp_d,1537.0,0.0,0.0,-1.0
ramp_d,1538.0,0.0,0.0,-1.0
ramp_d,1539.0,1.0,18.84,26.54
ramp_d,1540.0,0.0,0.0,-1.0
ramp_d,1541.0,0.0,0.0,-1.0
ramp_d,1542.0,0.0,0.0,-1.0
ramp_d,1543.0,0.0,0.0,-1.0
ramp_d,1544.0,0.0,0.0,-1.0
ramp_d,1545.0,0.0,0.0,-1.0
ramp_d,1546.0,0.0,0.0,-1.0
ramp_d,1547.0,0.0,0.0,-1.0
ramp_d,1548.0,0.0,0.0,-1.0
ramp_d,1549.0,0.0,0.0,-1.0
ramp_d,1550.0,0.0,0.0,-1.0
ramp_d,1551.0,1.0,25.7,19.46
ramp_d,1552.0,0.0,0.0,-1.0
ramp_d,1553.0,0.0,0.0,-1.0
ramp_d,1554.0,1.0,22.11,22.61
ramp_d,1555.0,0.0,0.0,-1.0
ramp_d,1556.0,0.0,0.0,-1.0
ramp_d,1557.0,0.0,0.0,-1.0
ramp_d,1558.0,0.0,0.0,-1.0
ramp_d,1559.0,0.0,4.33,-1.0
ramp_d,1560.0,1.0,12.85,29.1
ramp_d,1561.0,0.0,0.0,-1.0
ramp_d,1562.0,0.0,0.0,-1.0
ramp_d,1563.0,0.0,0.0,-1.0
ramp_d,1564.0,0.0,0.0,-1.0
ramp_d,1565.0,0.0,0.0,-1.0
ramp_d,1566.0,0.0,0.0,-1.0
ramp_d,1567.0,0.0,0.0,-1.0
ramp_d,1568.0,0.0,0.0,-1.0
ramp_d,1569.0,0.0,0.0,-1.0
ramp_d,1570.0,0.0,0.0,-1.0
ramp_d,1571.0,0.0,0.0,-1.0
ramp_d,1572.0,0.0,0.0,-1.0
ramp_d,1573.0,1.0,26.54,18.84
ramp_d,1574.0,0.0,0.0,-1.0
ramp_d,1575.0,0.0,3.71,-1.0
ramp_d,1576.0,1.0,19.07,21.95
ramp_d,1577.0,0.0,0.0,-1.0
ramp_d,1578.0,0.0,0.0,-1.0
ramp_d,1579.0,0.0,0.0,-1.0
ramp_d,1580.0,0.0,0.0,-1.0
ramp_d,1581.0,0.0,0.0,-1.0
ramp_d,1582.0,0.0,0.0,-1.0
ramp_d,1583.0,0.0,0.0,-1.0
ramp_d,1584.0,0.0,0.0,-1.0
ramp_d,1585.0,0.0,0.0,-1.0
ramp_d,1586.0,0.0,0.0,-1.0
ramp_d,1587.0,0.0,0.0,-1.0
ramp_d,1588.0,1.0,27.35,18.28
ramp_d,1589.0,0.0,0.0,-1.0
ramp_d,1590.0,0.0,8.95,-1.0
ramp_d,1591.0,1.0,13.94,21.85
ramp_d,1592.0,0.0,0.0,-1.0
ramp_d,1593.0,0.0,0.0,-1.0
ramp_d,1594.0,0.0,0.0,-1.0
ramp_d,1595.0,0.0,0.0,-1.0
ramp_d,1596.0,0.0,0.0,-1.0
ramp_d,1597.0,0.0,0.0,-1.0
ramp_d,1598.0,1.0,20.17,24.79
ramp_d,1599.0,0.0,0.0,-1.0
ramp_d,1600.0,0.0,0.0,-1.0
ramp_d,1601.0,0.0,0.0,-1.0
ramp_d,1602.0,0.0,0.0,-1.0
ramp_d,1603.0,0.0,0.0,-1.0
ramp_d,1604.0,0.0,0.0,-1.0
ramp_d,1605.0,0.0,0.0,-1.0
ramp_d,1606.0,0.0,0.0,-1.0
ramp_d,1607.0,0.0,0.0,-1.0
ramp_d,1608.0,1.0,24.23,20.63
ramp_d,1609.0,0.0,0.0,-1.0
ramp_d,1610.0,0.0,0.0,-1.0
ramp_d,1611.0,1.0,19.01,26.31
ramp_d,1612.0,0.0,0.0,-1.0
ramp_d,1613.0,0.0,0.0,-1.0
ramp_d,1614.0,0.0,0.0,-1.0
ramp_d,1615.0,0.0,0.0,-1.0
ramp_d,1616.0,0.0,0.0,-1.0
ramp_d,1617.0,1.0,16.29,30.69
ramp_d,1618.0,0.0,0.0,-1.0
ramp_d,1619.0,0.0,0.0,-1.0
ramp_d,1620.0,0.0,0.0,-1.0
ramp_d,1621.0,0.0,0.0,-1.0
ramp_d,1622.0,0.0,0.0,-1.0
ramp_d,1623.0,0.0,0.0,-1.0
ramp_d,1624.0,0.0,0.0,-1.0
ramp_d,1625.0,0.0,0.0,-1.0
ramp_d,1626.0,0.0,0.0,-1.0
ramp_d,1627.0,1.0,21.46,23.29
ramp_d,1628.0,0.0,0.0,-1.0
ramp_d,1629.0,0.0,0.0,-1.0
ramp_d,1630.0,0.0,0.0,-1.0
ramp_d,1631.0,0.0,0.0,-1.0
ramp_d,1632.0,0.0,0.0,-1.0
ramp_d,1633.0,1.0,19.04,26.27
ramp_d,1634.0,0.0,0.0,-1.0
ramp_d,1635.0,0.0,0.0,-1.0
ramp_d,1636.0,0.0,0.0,-1.0
ramp_d,1637.0,0.0,0.0,-1.0
ramp_d,1638.0,0.0,0.0,-1.0
ramp_d,1639.0,0.0,9.13,-1.0
ramp_d,1640.0,1.0,8.72,28.02
ramp_d,1641.0,0.0,0.0,-1.0
ramp_d,1642.0,0.0,0.0,-1.0
ramp_d,1643.0,0.0,0.0,-1.0
ramp_d,1644.0,0.0,0.0,-1.0
ramp_d,1645.0,0.0,0.0,-1.0
ramp_d,1646.0,1.0,17.08,29.27
ramp_d,1647.0,0.0,0.0,-1.0
ramp_d,1648.0,0.0,0.0,-1.0
ramp_d,1649.0,0.0,0.0,-1.0
ramp_d,1650.0,0.0,0.0,-1.0
ramp_d,1651.0,0.0,0.0,-1.0
ramp_d,1652.0,0.0,0.0,-1.0
ramp_d,1653.0,0.0,5.77,-1.0
ramp_d,1654.0,1.0,11.25,29.37
ramp_d,1655.0,0.0,0.0,-1.0
ramp_d,1656.0,0.0,0.0,-1.0
ramp_d,1657.0,0.0,0.0,-1.0
ramp_d,1658.0,0.0,0.0,-1.0
ramp_d,1659.0,0.0,7.11,-1.0
ramp_d,1660.0,1.0,8.44,32.16
ramp_d,1661.0,0.0,0.0,-1.0
ramp_d,1662.0,0.0,0.0,-1.0
ramp_d,1663.0,0.0,0.0,-1.0
ramp_d,1664.0,0.0,0.0,-1.0
ramp_d,1665.0,0.0,0.0,-1.0
ramp_d,1666.0,0.0,0.0,-1.0
ramp_d,1667.0,0.0,0.0,-1.0
ramp_d,1668.0,1.0,17.67,28.3
ramp_d,1669.0,0.0,0.0,-1.0
ramp_d,1670.0,0.0,0.0,-1.0
ramp_d,1671.0,0.0,0.0,-1.0
ramp_d,1672.0,0.0,0.0,-1.0
ramp_d,1673.0,0.0,0.0,-1.0
ramp_d,1674.0,0.0,0.0,-1.0
ramp_d,1675.0,0.0,0.0,-1.0
ramp_d,1676.0,0.0,0.0,-1.0
ramp_d,1677.0,0.0,0.0,-1.0
ramp_d,1678.0,0.0,0.0,-1.0
ramp_d,1679.0,0.0,0.0,-1.0
ramp_d,1680.0,1.0,23.9,20.92
ramp_d,1681.0,0.0,0.0,-1.0
ramp_d,1682.0,0.0,0.0,-1.0
ramp_d,1683.0,1.0,18.83,26.56
ramp_d,1684.0,0.0,0.0,-1.0
ramp_d,1685.0,0.0,0.0,-1.0
ramp_d,1686.0,0.0,0.0,-1.0
ramp_d,1687.0,0.0,0.0,-1.0
ramp_d,1688.0,0.0,0.0,-1.0
ramp_d,1689.0,0.0,0.0,-1.0
ramp_d,1690.0,0.0,0.0,-1.0
ramp_d,1691.0,0.0,0.0,-1.0
ramp_d,1692.0,1.0,21.2,23.59
ramp_d,1693.0,0.0,0.0,-1.0
ramp_d,1694.0,0.0,0.0,-1.0
ramp_d,1695.0,0.0,0.0,-1.0
ramp_d,1696.0,0.0,0.0,-1.0
ramp_d,1697.0,0.0,0.0,-1.0
ramp_d,1698.0,0.0,0.0,-1.0
ramp_d,1699.0,0.0,0.0,-1.0
ramp_d,1700.0,0.0,0.0,-1.0
ramp_d,1701.0,0.0,0.0,-1.0
ramp_d,1702.0,1.0,25.4,19.68
ramp_d,1703.0,0.0,0.0,-1.0
ramp_d,1704.0,0.0,0.0,-1.0
ramp_d,1705.0,1.0,20.61,24.26
ramp_d,1706.0,0.0,0.0,-1.0
ramp_d,1707.0,0.0,0.0,-1.0
ramp_d,1708.0,0.0,0.0,-1.0
ramp_d,1709.0,0.0,0.0,-1.0
ramp_d,1710.0,0.0,0.0,-1.0
ramp_d,1711.0,0.0,0.0,-1.0
ramp_d,1712.0,0.0,0.0,-1.0
ramp_d,1713.0,0.0,0.0,-1.0
ramp_d,1714.0,0.0,0.0,-1.0
ramp_d,1715.0,1.0,23.15,21.6
ramp_d,1716.0,0.0,0.0,-1.0
ramp_d,1717.0,0.0,0.0,-1.0
ramp_d,1718.0,0.0,0.0,-1.0
ramp_d,1719.0,0.0,0.0,-1.0
ramp_d,1720.0,0.0,0.0,-1.0
ramp_d,1721.0,0.0,10.3,-1.0
ramp_d,1722.0,1.0,11.7,22.73
ramp_d,1723.0,0.0,0.0,-1.0
ramp_d,1724.0,0.0,0.0,-1.0
ramp_d,1725.0,0.0,3.9,-1.0
ramp_d,1726.0,1.0,13.11,29.39
ramp_d,1727.0,0.0,0.0,-1.0
ramp_d,1728.0,0.0,0.0,-1.0
ramp_d,1729.0,0.0,0.0,-1.0
ramp_d,1730.0,0.0,0.0,-1.0
ramp_d,1731.0,0.0,0.0,-1.0
ramp_d,1732.0,0.0,0.0,-1.0
ramp_d,1733.0,0.0,0.0,-1.0
ramp_d,1734.0,1.0,19.22,26.02
ramp_d,1735.0,0.0,0.0,-1.0
ramp_d,1736.0,0.0,0.0,-1.0
ramp_d,1737.0,0.0,0.0,-1.0
ramp_d,1738.0,0.0,0.0,-1.0
ramp_d,1739.0,0.0,3.16,-1.0
ramp_d,1740.0,1.0,13.93,29.27
ramp_d,1741.0,0.0,0.0,-1.0
ramp_d,1742.0,0.0,0.0,-1.0
ramp_d,1743.0,0.0,0.0,-1.0
ramp_d,1744.0,0.0,0.0,-1.0
ramp_d,1745.0,0.0,0.0,-1.0
ramp_d,1746.0,0.0,0.0,-1.0
ramp_d,1747.0,1.0,16.37,30.54
ramp_d,1748.0,0.0,0.0,-1.0
ramp_d,1749.0,0.0,0.0,-1.0
ramp_d,1750.0,0.0,0.0,-1.0
ramp_d,1751.0,0.0,0.0,-1.0
ramp_d,1752.0,0.0,0.0,-1.0
ramp_d,1753.0,1.0,16.13,31.0
ramp_d,1754.0,0.0,0.0,-1.0
ramp_d,1755.0,0.0,0.0,-1.0
ramp_d,1756.0,0.0,0.0,-1.0
ramp_d,1757.0,0.0,0.0,-1.0
ramp_d,1758.0,0.0,0.0,-1.0
ramp_d,1759.0,0.0,0.0,-1.0
ramp_d,1760.0,0.0,0.0,-1.0
ramp_d,1761.0,0.0,0.0,-1.0
ramp_d,1762.0,0.0,0.0,-1.0
ramp_d,1763.0,1.0,18.54,26.96
ramp_d,1764.0,0.0,0.0,-1.0
ramp_d,1765.0,0.0,0.0,-1.0
ramp_d,1766.0,0.0,0.0,-1.0
ramp_d,1767.0,0.0,0.0,-1.0
ramp_d,1768.0,0.0,0.0,-1.0
ramp_d,1769.0,0.0,0.0,-1.0
ramp_d,1770.0,0.0,0.0,-1.0
ramp_d,1771.0,0.0,0.0,-1.0
ramp_d,1772.0,0.0,0.0,-1.0
ramp_d,1773.0,0.0,0.0,-1.0
ramp_d,1774.0,1.0,25.56,19.56
ramp_d,1775.0,0.0,0.0,-1.0
ramp_d,1776.0,0.0,0.0,-1.0
ramp_d,1777.0,0.0,0.0,-1.0
ramp_d,1778.0,1.0,20.39,24.52
ramp_d,1779.0,0.0,0.0,-1.0
ramp_d,1780.0,0.0,0.0,-1.0
ramp_d,1781.0,0.0,0.0,-1.0
ramp_d,1782.0,0.0,0.0,-1.0
ramp_d,1783.0,0.0,0.0,-1.0
ramp_d,1784.0,0.0,0.0,-1.0
ramp_d,1785.0,0.0,0.0,-1.0
ramp_d,1786.0,0.0,16.01,-1.0
ramp_d,1787.0,1.0,6.0,22.72
ramp_d,1788.0,0.0,0.0,-1.0
ramp_d,1789.0,0.0,0.0,-1.0
ramp_d,1790.0,1.0,17.05,29.33
ramp_d,1791.0,0.0,0.0,-1.0
ramp_d,1792.0,0.0,0.0,-1.0
ramp_d,1793.0,0.0,0.0,-1.0
ramp_d,1794.0,0.0,0.0,-1.0
ramp_d,1795.0,0.0,0.0,-1.0
ramp_d,1796.0,0.0,0.0,-1.0
ramp_d,1797.0,0.0,0.0,-1.0
ramp_d,1798.0,0.0,0.0,-1.0
ramp_d,1799.0,0.0,0.0,-1.0
ramp_d,1800.0,0.0,0.0,-1.0
ramp_d,1801.0,1.0,21.92,22.81
ramp_d,1802.0,0.0,0.0,-1.0
ramp_d,1803.0,0.0,0.0,-1.0
ramp_d,1804.0,0.0,0.0,-1.0
ramp_d,1805.0,0.0,0.0,-1.0
ramp_d,1806.0,0.0,0.0,-1.0
ramp_d,1807.0,1.0,21.03,23.78
ramp_d,1808.0,0.0,0.0,-1.0
ramp_d,1809.0,0.0,0.0,-1.0
ramp_d,1810.0,0.0,0.0,-1.0
ramp_d,1811.0,0.0,0.0,-1.0
ramp_d,1812.0,0.0,0.0,-1.0
ramp_d,1813.0,0.0,0.0,-1.0
ramp_d,1814.0,0.0,0.0,-1.0
ramp_d,1815.0,0.0,0.0,-1.0
ramp_d,1816.0,0.0,0.0,-1.0
ramp_d,1817.0,1.0,24.47,20.43
ramp_d,1818.0,0.0,0.0,-1.0
ramp_d,1819.0,0.0,0.0,-1.0
ramp_d,1820.0,1.0,18.88,26.48
ramp_d,1821.0,0.0,0.0,-1.0
ramp_d,1822.0,0.0,0.0,-1.0
ramp_d,1823.0,0.0,0.0,-1.0
ramp_d,1824.0,0.0,0.0,-1.0
ramp_d,1825.0,0.0,0.0,-1.0
ramp_d,1826.0,0.0,0.0,-1.0
ramp_d,1827.0,0.0,17.13,-1.0
ramp_d,1828.0,1.0,2.08,26.03
ramp_d,1829.0,0.0,0.0,-1.0
ramp_d,1830.0,0.0,0.0,-1.0
ramp_d,1831.0,0.0,0.0,-1.0
ramp_d,1832.0,0.0,0.0,-1.0
ramp_d,1833.0,0.0,0.0,-1.0
ramp_d,1834.0,0.0,0.0,-1.0
ramp_d,1835.0,0.0,0.0,-1.0
ramp_d,1836.0,0.0,0.0,-1.0
ramp_d,1837.0,1.0,21.82,22.92
ramp_d,1838.0,0.0,0.0,-1.0
ramp_d,1839.0,0.0,0.0,-1.0
ramp_d,1840.0,0.0,0.0,-1.0
ramp_d,1841.0,0.0,0.0,-1.0
ramp_d,1842.0,1.0,18.77,26.64
ramp_d,1843.0,0.0,0.0,-1.0
ramp_d,1844.0,0.0,0.0,-1.0
ramp_d,1845.0,0.0,0.0,-1.0
ramp_d,1846.0,0.0,0.0,-1.0
ramp_d,1847.0,1.0,16.68,29.98
ramp_d,1848.0,0.0,0.0,-1.0
ramp_d,1849.0,0.0,0.0,-1.0
ramp_d,1850.0,0.0,0.0,-1.0
ramp_d,1851.0,0.0,0.0,-1.0
ramp_d,1852.0,0.0,0.0,-1.0
ramp_d,1853.0,0.0,0.0,-1.0
ramp_d,1854.0,0.0,0.0,-1.0
ramp_d,1855.0,0.0,0.0,-1.0
ramp_d,1856.0,1.0,17.9,27.93
ramp_d,1857.0,0.0,0.0,-1.0
ramp_d,1858.0,0.0,0.0,-1.0
ramp_d,1859.0,0.0,0.0,-1.0
ramp_d,1860.0,0.0,0.0,-1.0
ramp_d,1861.0,0.0,0.0,-1.0
ramp_d,1862.0,0.0,0.0,-1.0
ramp_d,1863.0,0.0,0.0,-1.0
ramp_d,1864.0,0.0,0.0,-1.0
ramp_d,1865.0,0.0,0.0,-1.0
ramp_d,1866.0,0.0,0.0,-1.0
ramp_d,1867.0,0.0,0.0,-1.0
ramp_d,1868.0,0.0,0.0,-1.0
ramp_d,1869.0,1.0,26.9,18.59
ramp_d,1870.0,0.0,0.0,-1.0
ramp_d,1871.0,1.0,22.68,22.05
ramp_d,1872.0,0.0,0.0,-1.0
ramp_d,1873.0,0.0,0.0,-1.0
ramp_d,1874.0,0.0,0.0,-1.0
ramp_d,1875.0,0.0,0.0,-1.0
ramp_d,1876.0,0.0,0.0,-1.0
ramp_d,1877.0,0.0,0.0,-1.0
ramp_d,1878.0,0.0,0.0,-1.0
ramp_d,1879.0,0.0,0.0,-1.0
ramp_d,1880.0,0.0,0.0,-1.0
ramp_d,1881.0,0.0,12.37,-1.0
ramp_d,1882.0,1.0,12.06,20.47
ramp_d,1883.0,0.0,0.0,-1.0
ramp_d,1884.0,0.0,3.12,-1.0
ramp_d,1885.0,1.0,15.9,26.28
ramp_d,1886.0,0.0,0.0,-1.0
ramp_d,1887.0,0.0,0.0,-1.0
ramp_d,1888.0,0.0,0.0,-1.0
ramp_d,1889.0,0.0,0.0,-1.0
ramp_d,1890.0,0.0,0.0,-1.0
ramp_d,1891.0,0.0,0.0,-1.0
ramp_d,1892.0,0.0,0.0,-1.0
ramp_d,1893.0,0.0,0.0,-1.0
ramp_d,1894.0,0.0,0.0,-1.0
ramp_d,1895.0,0.0,0.0,-1.0
ramp_d,1896.0,0.0,5.96,-1.0
ramp_d,1897.0,1.0,19.15,19.91
ramp_d,1898.0,0.0,0.0,-1.0
ramp_d,1899.0,0.0,4.98,-1.0
ramp_d,1900.0,1.0,14.65,25.48
ramp_d,1901.0,0.0,0.0,-1.0
ramp_d,1902.0,0.0,0.0,-1.0
ramp_d,1903.0,0.0,0.0,-1.0
ramp_d,1904.0,0.0,0.0,-1.0
ramp_d,1905.0,0.0,0.0,-1.0
ramp_d,1906.0,0.0,0.0,-1.0
ramp_d,1907.0,0.0,0.0,-1.0
ramp_d,1908.0,0.0,0.0,-1.0
ramp_d,1909.0,0.0,0.0,-1.0
ramp_d,1910.0,0.0,0.0,-1.0
ramp_d,1911.0,1.0,25.67,19.47
ramp_d,1912.0,0.0,0.0,-1.0
ramp_d,1913.0,0.0,0.0,-1.0
ramp_d,1914.0,0.0,0.0,-1.0
ramp_d,1915.0,1.0,20.91,23.91
ramp_d,1916.0,0.0,0.0,-1.0
ramp_d,1917.0,0.0,0.0,-1.0
ramp_d,1918.0,0.0,0.0,-1.0
ramp_d,1919.0,0.0,0.0,-1.0
ramp_d,1920.0,0.0,0.0,-1.0
ramp_d,1921.0,0.0,0.0,-1.0
ramp_d,1922.0,0.0,0.0,-1.0
ramp_d,1923.0,0.0,0.0,-1.0
ramp_d,1924.0,0.0,0.0,-1.0
ramp_d,1925.0,0.0,0.0,-1.0
ramp_d,1926.0,0.0,0.0,-1.0
ramp_d,1927.0,1.0,28.04,17.83
ramp_d,1928.0,0.0,0.0,-1.0
ramp_d,1929.0,1.0,23.91,20.91
ramp_d,1930.0,0.0,0.0,-1.0
ramp_d,1931.0,0.0,0.0,-1.0
ramp_d,1932.0,0.0,0.0,-1.0
ramp_d,1933.0,0.0,0.0,-1.0
ramp_d,1934.0,1.0,16.75,29.85
ramp_d,1935.0,0.0,0.0,-1.0
ramp_d,1936.0,0.0,0.0,-1.0
ramp_d,1937.0,0.0,0.0,-1.0
ramp_d,1938.0,0.0,0.0,-1.0
ramp_d,1939.0,0.0,0.0,-1.0
ramp_d,1940.0,0.0,0.0,-1.0
ramp_d,1941.0,0.0,0.0,-1.0
ramp_d,1942.0,0.0,0.0,-1.0
ramp_d,1943.0,0.0,0.0,-1.0
ramp_d,1944.0,1.0,20.69,24.16
ramp_d,1945.0,0.0,0.0,-1.0
ramp_d,1946.0,0.0,0.0,-1.0
ramp_d,1947.0,0.0,0.0,-1.0
ramp_d,1948.0,0.0,0.0,-1.0
ramp_d,1949.0,0.0,0.0,-1.0
ramp_d,1950.0,0.0,0.0,-1.0
ramp_d,1951.0,0.0,0.0,-1.0
ramp_d,1952.0,0.0,0.0,-1.0
ramp_d,1953.0,0.0,0.0,-1.0
ramp_d,1954.0,1.0,25.13,19.9
ramp_d,1955.0,0.0,0.0,-1.0
ramp_d,1956.0,0.0,0.0,-1.0
ramp_d,1957.0,0.0,0.0,-1.0
ramp_d,1958.0,0.0,0.0,-1.0
ramp_d,1959.0,0.0,0.0,-1.0
ramp_d,1960.0,1.0,23.42,21.35
ramp_d,1961.0,0.0,0.0,-1.0
ramp_d,1962.0,0.0,0.0,-1.0
ramp_d,1963.0,0.0,0.0,-1.0
ramp_d,1964.0,0.0,5.24,-1.0
ramp_d,1965.0,1.0,14.07,25.9
ramp_d,1966.0,0.0,0.0,-1.0
ramp_d,1967.0,0.0,0.0,-1.0
ramp_d,1968.0,0.0,0.0,-1.0
ramp_d,1969.0,0.0,0.0,-1.0
ramp_d,1970.0,0.0,0.0,-1.0
ramp_d,1971.0,1.0,18.17,27.51
ramp_d,1972.0,0.0,0.0,-1.0
ramp_d,1973.0,0.0,0.0,-1.0
ramp_d,1974.0,0.0,0.0,-1.0
ramp_d,1975.0,0.0,0.0,-1.0
ramp_d,1976.0,0.0,0.0,-1.0
ramp_d,1977.0,0.0,0.0,-1.0
ramp_d,1978.0,0.0,0.0,-1.0
ramp_d,1979.0,0.0,14.23,-1.0
ramp_d,1980.0,1.0,5.76,25.0
ramp_d,1981.0,0.0,0.0,-1.0
ramp_d,1982.0,0.0,0.0,-1.0
ramp_d,1983.0,0.0,0.0,-1.0
ramp_d,1984.0,0.0,0.0,-1.0
ramp_d,1985.0,0.0,13.77,-1.0
ramp_d,1986.0,1.0,4.87,26.81
ramp_d,1987.0,0.0,0.0,-1.0
ramp_d,1988.0,0.0,0.0,-1.0
ramp_d,1989.0,0.0,0.0,-1.0
ramp_d,1990.0,0.0,0.0,-1.0
ramp_d,1991.0,0.0,0.0,-1.0
ramp_d,1992.0,0.0,0.0,-1.0
ramp_d,1993.0,0.0,0.0,-1.0
ramp_d,1994.0,0.0,0.0,-1.0
ramp_d,1995.0,0.0,0.0,-1.0
ramp_d,1996.0,0.0,0.0,-1.0
ramp_d,1997.0,0.0,0.0,-1.0
ramp_d,1998.0,0.0,0.0,-1.0
ramp_d,1999.0,0.0,12.11,-1.0
